{"type": "FeatureCollection", "features": [{"type": "Feature", "id": 14286, "geometry": {"type": "MultiPolygon", "coordinates": [[[[-122.182635417, 45.9863271580001], [-122.182697424, 45.9854521840001], [-122.183600195, 45.9855977930001], [-122.183525187, 45.9863103700001], [-122.182635417, 45.9863271580001]]], [[[-122.174749239, 45.981022298], [-122.175761848, 45.9797096560001], [-122.176174392, 45.9799721850001], [-122.17512428, 45.981359834], [-122.174749239, 45.981022298]]], [[[-122.179137212, 45.994973809], [-122.179362238, 45.994298734], [-122.180077692, 45.9943197760001], [-122.180299839, 45.9947862860001], [-122.17966227, 45.9957613920001], [-122.179137212, 45.994973809]]], [[[-122.177674555, 45.990998377], [-122.178012092, 45.9902858], [-122.178762172, 45.9906983440001], [-122.178649661, 45.9916734500001], [-122.177965763, 45.9916734500001], [-122.177674555, 45.990998377]]], [[[-122.045169832, 45.9310486950001], [-122.045756367, 45.930848402], [-122.04639841, 45.9309853780001], [-122.047034789, 45.9311366690001], [-122.047691937, 45.931234648], [-122.048133671, 45.9316011920001], [-122.048142431, 45.932087611], [-122.047699569, 45.932477512], [-122.047557018, 45.932527002], [-122.046905593, 45.932596254], [-122.046709537, 45.9330941790001], [-122.046343645, 45.9326829600001], [-122.046022826, 45.9322224200001], [-122.045762882, 45.931737067], [-122.045291068, 45.9314064170001], [-122.044628825, 45.931341489], [-122.045169832, 45.9310486950001]]], [[[-122.188747614, 45.975314026], [-122.188737987, 45.975307177], [-122.188408749, 45.975395409], [-122.187741355, 45.9754834730001], [-122.187360874, 45.975320648], [-122.187346891, 45.975309764], [-122.187391808, 45.9748467360001], [-122.187458616, 45.9743436970001], [-122.187507389, 45.97399596], [-122.187326026, 45.973874176], [-122.187245494, 45.973416173], [-122.187293282, 45.9729600270001], [-122.187528912, 45.9725391650001], [-122.187416804, 45.972089087], [-122.187244839, 45.9716429060001], [-122.187526867, 45.9712274], [-122.187996726, 45.9709178730001], [-122.188649855, 45.970890813], [-122.189296638, 45.9708819860001], [-122.189841538, 45.971124698], [-122.19045588, 45.9709100090001], [-122.19103195, 45.971117179], [-122.191674362, 45.971048787], [-122.192263002, 45.9712371700001], [-122.192457654, 45.971674169], [-122.192546004, 45.972126652], [-122.193113892, 45.972344895], [-122.193551194, 45.9726782540001], [-122.194113567, 45.972910031], [-122.194579015, 45.9730300730001], [-122.194532149, 45.9732314990001], [-122.194378362, 45.97367617], [-122.194238125, 45.9741269020001], [-122.193844534, 45.9744987390001], [-122.193298851, 45.974741803], [-122.192663446, 45.974820788], [-122.192050638, 45.9750081560001], [-122.191406431, 45.975057679], [-122.190793865, 45.9749317100001], [-122.190586317, 45.974961546], [-122.189888512, 45.9750891580001], [-122.189510706, 45.97514929], [-122.189895089, 45.9755119370001], [-122.189278857, 45.9756589450001], [-122.188790752, 45.975344718], [-122.188747614, 45.975314026]]], [[[-122.195580919, 45.997715816], [-122.193169447, 45.9974204870001], [-122.192821306, 45.9975156], [-122.192449005, 45.997529548], [-122.192012488, 45.997410379], [-122.192010589, 45.997408277], [-122.191825773, 45.997203676], [-122.191852804, 45.9969099790001], [-122.191926615, 45.9965736830001], [-122.191927234, 45.9965700220001], [-122.192184503, 45.9963828530001], [-122.192317386, 45.9962421980001], [-122.192293292, 45.9960455020001], [-122.191785237, 45.9961027580001], [-122.191731048, 45.9960608740001], [-122.191681573, 45.996087872], [-122.191554756, 45.996108394], [-122.191425839, 45.9961234570001], [-122.191411785, 45.996128798], [-122.191316486, 45.9961650050001], [-122.191289999, 45.996183359], [-122.191249176, 45.996173379], [-122.191193643, 45.996230976], [-122.191132797, 45.9962148650001], [-122.191104106, 45.996180429], [-122.19103945, 45.9961759660001], [-122.190945911, 45.996206602], [-122.190848572, 45.996164558], [-122.190792521, 45.996141709], [-122.190761176, 45.9960538490001], [-122.190733629, 45.9960190240001], [-122.190736652, 45.9959952150001], [-122.190745026, 45.995929248], [-122.190696238, 45.9958774040001], [-122.190671398, 45.9958177250001], [-122.190667999, 45.9957527670001], [-122.190544523, 45.9957319120001], [-122.190570272, 45.9956363800001], [-122.190627749, 45.995531896], [-122.19061419, 45.9954539820001], [-122.190558454, 45.995425476], [-122.190523778, 45.9953639650001], [-122.190448797, 45.9952941540001], [-122.190402755, 45.995260113], [-122.190372517, 45.9952791920001], [-122.19031192, 45.9952471180001], [-122.190203238, 45.995170839], [-122.190206865, 45.995112507], [-122.190243982, 45.995059671], [-122.190296121, 45.995015256], [-122.190312648, 45.9949571380001], [-122.190266708, 45.99489692], [-122.1903095, 45.994814042], [-122.190258968, 45.9947631950001], [-122.190201755, 45.994726117], [-122.190062913, 45.9947094840001], [-122.190063215, 45.994651522], [-122.189849262, 45.9940333170001], [-122.189169487, 45.9940963920001], [-122.188544036, 45.993967996], [-122.187874778, 45.9939233900001], [-122.187209282, 45.99391661], [-122.186584153, 45.994047186], [-122.185961372, 45.993898395], [-122.186048886, 45.9937048140001], [-122.186032737, 45.993702908], [-122.185365015, 45.9936877380001], [-122.184522225, 45.993618591], [-122.18370973, 45.993375035], [-122.183680099, 45.9933526560001], [-122.183248188, 45.992986375], [-122.183156948, 45.9925364320001], [-122.183316478, 45.9922284460001], [-122.182850713, 45.9920960170001], [-122.182830406, 45.9916222750001], [-122.182982244, 45.991179147], [-122.18332506, 45.9907801210001], [-122.183431189, 45.9903323510001], [-122.183708397, 45.989884938], [-122.183641618, 45.9894260070001], [-122.18350767, 45.9889838280001], [-122.183697443, 45.988529844], [-122.184068234, 45.988273522], [-122.184113379, 45.9880616930001], [-122.18412763, 45.9880447400001], [-122.18402802, 45.987752453], [-122.183825165, 45.9873148470001], [-122.18420175, 45.9869070400001], [-122.184667922, 45.9865941740001], [-122.184880988, 45.98631391], [-122.184964178, 45.986062944], [-122.185361219, 45.9855851070001], [-122.185587966, 45.9850645240001], [-122.185812181, 45.9846306680001], [-122.186254728, 45.9845657590001], [-122.186272332, 45.984563983], [-122.186282324, 45.9845404020001], [-122.186540899, 45.984270505], [-122.186473505, 45.9833045020001], [-122.186661027, 45.982479412], [-122.186682498, 45.982049986], [-122.186698528, 45.9817293930001], [-122.187345937, 45.9814056880001], [-122.187111086, 45.981087717], [-122.186669395, 45.9807281240001], [-122.186087395, 45.980495261], [-122.186137296, 45.980058065], [-122.186123392, 45.9800472760001], [-122.185748166, 45.979759185], [-122.185862874, 45.9794918220001], [-122.185800066, 45.9791649790001], [-122.18635744, 45.9794193810001], [-122.186983964, 45.9795776190001], [-122.187543358, 45.9798145830001], [-122.188204481, 45.9799464880001], [-122.188858253, 45.979832926], [-122.189478825, 45.9800701730001], [-122.189992891, 45.9803020200001], [-122.190634144, 45.980591815], [-122.190856955, 45.980686446], [-122.191049365, 45.9807676020001], [-122.191363615, 45.9807083580001], [-122.191368359, 45.9802543120001], [-122.191938383, 45.980485382], [-122.192224147, 45.9806839720001], [-122.192275721, 45.9805562620001], [-122.192288253, 45.980566686], [-122.192290224, 45.980561805], [-122.192476132, 45.98071645], [-122.19273483, 45.980931641], [-122.19331186, 45.981008466], [-122.193951047, 45.979934873], [-122.193951228, 45.979934826], [-122.193951316, 45.97993468], [-122.194302984, 45.9798445110001], [-122.195413973, 45.97955964], [-122.196426582, 45.9798221680001], [-122.197101656, 45.9807222650001], [-122.197476696, 45.981434843], [-122.195414599, 45.982256927], [-122.195342697, 45.982748224], [-122.19528626, 45.982805188], [-122.195283748, 45.9828077230001], [-122.194878254, 45.983216994], [-122.194577638, 45.98362317], [-122.19469523, 45.9841108900001], [-122.194271813, 45.984494125], [-122.193865294, 45.984289577], [-122.193834703, 45.984346186], [-122.19336913, 45.9847540320001], [-122.193949727, 45.984969746], [-122.193652755, 45.9853725020001], [-122.193494059, 45.9858695140001], [-122.19384187, 45.9862739930001], [-122.19439412, 45.9859642390001], [-122.195001903, 45.9857765740001], [-122.195662703, 45.9856197300001], [-122.196237535, 45.9853704660001], [-122.196860716, 45.9851991410001], [-122.197287666, 45.9848294670001], [-122.197986764, 45.984832473], [-122.198275218, 45.985238135], [-122.198931538, 45.9853517930001], [-122.199506123, 45.9855875960001], [-122.199519514, 45.9855939720001], [-122.20066454, 45.9847351990001], [-122.201339614, 45.9848102080001], [-122.200927069, 45.9857103050001], [-122.200140062, 45.9862021850001], [-122.200089837, 45.9862335760001], [-122.200166268, 45.986442686], [-122.200218193, 45.9869902770001], [-122.199911785, 45.987411804], [-122.199701465, 45.987879391], [-122.199547833, 45.988371183], [-122.199616944, 45.988741557], [-122.199796886, 45.9891891460001], [-122.199770872, 45.9892092810001], [-122.19992666, 45.98961774], [-122.20053678, 45.989413461], [-122.200997056, 45.9898173460001], [-122.20114053, 45.9902739030001], [-122.201222553, 45.990766165], [-122.201204328, 45.9912814740001], [-122.200992831, 45.9917635570001], [-122.200643927, 45.9921763460001], [-122.200304388, 45.992513253], [-122.200347129, 45.992954802], [-122.20015651, 45.9934021880001], [-122.200246012, 45.9938783060001], [-122.199664216, 45.994125216], [-122.198971016, 45.9942945450001], [-122.198286071, 45.9944263150001], [-122.197760073, 45.994503223], [-122.197898219, 45.994689452], [-122.197855385, 45.9947829380001], [-122.197954366, 45.9948335190001], [-122.197723539, 45.9950706860001], [-122.197700869, 45.995120162], [-122.19765284, 45.995143329], [-122.197577694, 45.9952205370001], [-122.197521062, 45.995246713], [-122.197505883, 45.9952941510001], [-122.197188414, 45.9957146850001], [-122.196932713, 45.9961620500001], [-122.196748947, 45.9963322610001], [-122.196724258, 45.9967332850001], [-122.196530236, 45.9968256020001], [-122.196516621, 45.996950514], [-122.196377982, 45.9974046460001], [-122.195702089, 45.9977251230001], [-122.195713639, 45.9977320680001], [-122.195580919, 45.997715816]]], [[[-121.982731452, 45.8984378820001], [-121.98300821, 45.89801928], [-121.982557987, 45.8974152420001], [-121.982834566, 45.896914958], [-121.982657839, 45.8964537310001], [-121.981834556, 45.896475126], [-121.981613286, 45.896200236], [-121.981312108, 45.895795354], [-121.981029662, 45.8954911880001], [-121.980647006, 45.8950424860001], [-121.98053148, 45.8946105300001], [-121.980869242, 45.8941395260001], [-121.981282442, 45.8940426610001], [-121.981863335, 45.8937749190001], [-121.982385141, 45.8933630060001], [-121.9826499, 45.893509006], [-121.982837633, 45.893367035], [-121.983308594, 45.893486141], [-121.983942269, 45.89370724], [-121.98414533, 45.893852687], [-121.984477202, 45.89416297], [-121.985134741, 45.894130251], [-121.985314463, 45.8941816930001], [-121.985317299, 45.8941810800001], [-121.98527683, 45.893848377], [-121.985690544, 45.893722772], [-121.98630889, 45.893656439], [-121.987132913, 45.8935919260001], [-121.987623411, 45.893768643], [-121.988035292, 45.893743563], [-121.988443522, 45.893919548], [-121.989108735, 45.893537603], [-121.989790863, 45.8933569010001], [-121.990613576, 45.8933641720001], [-121.991161105, 45.893799933], [-121.991800014, 45.8937337510001], [-121.992726352, 45.893698828], [-121.993195004, 45.893947149], [-121.993726142, 45.8941529260001], [-121.993844623, 45.89442689], [-121.995025666, 45.8950980340001], [-121.995310776, 45.895258547], [-121.995531074, 45.8955908610001], [-121.995629255, 45.8958502780001], [-121.99624658, 45.8958413390001], [-121.996487454, 45.8961738300001], [-121.996935316, 45.896436318], [-121.997600759, 45.896039962], [-121.998136326, 45.8960015660001], [-121.998609668, 45.8959913510001], [-121.998997896, 45.896138394], [-121.999776271, 45.8964864880001], [-122.000467092, 45.8964222820001], [-122.001136795, 45.896438925], [-122.001182324, 45.895927683], [-122.001791412, 45.896378295], [-122.001683419, 45.896664634], [-122.001719153, 45.896966594], [-122.002085797, 45.897170895], [-122.002182984, 45.897487756], [-122.002215634, 45.8979620590001], [-122.002372731, 45.8983799900001], [-122.002614425, 45.898669383], [-122.00287592, 45.8990020410001], [-122.002809068, 45.8992887410001], [-122.002906005, 45.8996199630001], [-122.00296206, 45.8999364630001], [-122.002648876, 45.9001922840001], [-122.002459369, 45.900434821], [-122.002453196, 45.900779506], [-122.002444708, 45.9012534500001], [-122.002119368, 45.9017321900001], [-122.002118564, 45.9017334220001], [-122.002133556, 45.901737939], [-122.003853289, 45.9020969910001], [-122.00389143, 45.9021009200001], [-122.003959308, 45.902107915], [-122.003990966, 45.9021024470001], [-122.004024311, 45.902114612], [-122.005121889, 45.902227694], [-122.005124982, 45.90223208], [-122.005136344, 45.902233251], [-122.005199993, 45.902323487], [-122.005226084, 45.902322462], [-122.006017343, 45.902291371], [-122.006899189, 45.9020711580001], [-122.007193852, 45.9013540990001], [-122.007607544, 45.9005367090001], [-122.007813169, 45.8998300210001], [-122.008500608, 45.899825885], [-122.009144773, 45.8997196760001], [-122.009913746, 45.89968459], [-122.010548475, 45.899826057], [-122.010995018, 45.9001604200001], [-122.011524467, 45.9004442610001], [-122.012151271, 45.900574313], [-122.012645492, 45.9008838290001], [-122.012707444, 45.9013753140001], [-122.012794943, 45.9018604990001], [-122.012767543, 45.9023393590001], [-122.012675312, 45.902792187], [-122.012791751, 45.9031088080001], [-122.012793437, 45.9031112370001], [-122.013169692, 45.903203385], [-122.013831361, 45.9031702610001], [-122.013899012, 45.9032932640001], [-122.014311408, 45.903244843], [-122.014890063, 45.9035127490001], [-122.01549908, 45.9033635500001], [-122.016161792, 45.9034386960001], [-122.016852495, 45.9034519790001], [-122.017215417, 45.903078576], [-122.017849529, 45.903278136], [-122.018177417, 45.9036776240001], [-122.018687121, 45.903979613], [-122.018855105, 45.9040292930001], [-122.018872751, 45.9040342580001], [-122.01920737, 45.903972255], [-122.020581285, 45.9038514820001], [-122.021637503, 45.903898633], [-122.022408148, 45.9042155710001], [-122.022752728, 45.904376427], [-122.023271817, 45.9041413750001], [-122.023917533, 45.9042339370001], [-122.024517957, 45.904406841], [-122.025099047, 45.9046292310001], [-122.025730934, 45.9047176], [-122.026321772, 45.90490966], [-122.026990391, 45.9048806340001], [-122.027435718, 45.904506903], [-122.02761727, 45.904336696], [-122.027892977, 45.9040782160001], [-122.028468037, 45.90438642], [-122.028907337, 45.904758932], [-122.029284523, 45.9051274380001], [-122.029922332, 45.9052811380001], [-122.030631511, 45.9053455430001], [-122.03118881, 45.9057342030001], [-122.031780186, 45.9054922870001], [-122.032468159, 45.905535453], [-122.032500373, 45.9060119210001], [-122.032823158, 45.90621091], [-122.033093143, 45.9062508980001], [-122.033408381, 45.905956932], [-122.033854108, 45.9063000090001], [-122.033907478, 45.906371506], [-122.033999831, 45.9063851830001], [-122.034726808, 45.906536341], [-122.034731515, 45.906539867], [-122.035399643, 45.9066787830001], [-122.036724136, 45.906885808], [-122.03802106, 45.9071545670001], [-122.038652805, 45.907739237], [-122.045675258, 45.90996277], [-122.046619612, 45.910781114], [-122.046154709, 45.9120098710001], [-122.046145553, 45.9120340700001], [-122.046126497, 45.9120698360001], [-122.046362048, 45.9122971460001], [-122.046915076, 45.912105959], [-122.047302763, 45.912469043], [-122.047051759, 45.913412554], [-122.046997789, 45.913881858], [-122.046512285, 45.9141848620001], [-122.046329655, 45.9143022600001], [-122.04640966, 45.914559895], [-122.046571805, 45.9148912960001], [-122.046606767, 45.9149627530001], [-122.045700704, 45.9149751510001], [-122.044862141, 45.9150996490001], [-122.043581112, 45.915811149], [-122.043198358, 45.916315572], [-122.042687639, 45.9171618510001], [-122.04216846, 45.9183690770001], [-122.041663096, 45.91882809], [-122.040698751, 45.9190899070001], [-122.039696333, 45.919148781], [-122.038397467, 45.919030837], [-122.038069911, 45.9188996610001], [-122.036987973, 45.9178100300001], [-122.035671102, 45.9176663630001], [-122.03435502, 45.9180911460001], [-122.033169684, 45.9185593500001], [-122.031537967, 45.919282256], [-122.031143506, 45.9197235560001], [-122.030535459, 45.9197249740001], [-122.028016858, 45.9194952820001], [-122.02699581, 45.9195664060001], [-122.026863977, 45.9195560680001], [-122.026863982, 45.919556282], [-122.027012883, 45.9199616770001], [-122.026758653, 45.9204266250001], [-122.026667715, 45.9205796150001], [-122.026637286, 45.9207715250001], [-122.026237351, 45.921189138], [-122.025614965, 45.9213357100001], [-122.024936061, 45.9214844000001], [-122.024243117, 45.9215176770001], [-122.024149588, 45.9215036310001], [-122.023614776, 45.9217042720001], [-122.022904206, 45.9217981510001], [-122.022756189, 45.9216056700001], [-122.022333647, 45.9217077100001], [-122.021857878, 45.921340786], [-122.021723318, 45.920869979], [-122.021508487, 45.920427456], [-122.021106458, 45.920174909], [-122.021100597, 45.9201747560001], [-122.021058186, 45.9201758090001], [-122.021022881, 45.9201666700001], [-122.019995916, 45.920126806], [-122.019448909, 45.9204018610001], [-122.018802759, 45.9203812430001], [-122.018423717, 45.9201636870001], [-122.018401201, 45.920168758], [-122.017702322, 45.9202588910001], [-122.016991616, 45.9200261330001], [-122.016459577, 45.9196739830001], [-122.016234329, 45.91979787], [-122.016066311, 45.919533841], [-122.016126946, 45.9192508830001], [-122.016113252, 45.919241739], [-122.015891263, 45.919097337], [-122.015235866, 45.9189113100001], [-122.014779523, 45.9192174200001], [-122.01406846, 45.919503687], [-122.013446043, 45.919648426], [-122.012948451, 45.9199314200001], [-122.012778222, 45.9203257350001], [-122.012898236, 45.921357846], [-122.013531394, 45.9215242450001], [-122.013940779, 45.9214834750001], [-122.014644825, 45.921410904], [-122.015192918, 45.9214589850001], [-122.01520382, 45.9214556530001], [-122.015220396, 45.921450345], [-122.01580106, 45.9212234660001], [-122.016519287, 45.9213059140001], [-122.017208694, 45.9213307540001], [-122.017931042, 45.9212614470001], [-122.018427484, 45.920951132], [-122.019077133, 45.921114038], [-122.019479089, 45.9214757410001], [-122.019204424, 45.921671083], [-122.01953006, 45.921959325], [-122.02081038, 45.923328688], [-122.020673655, 45.923824375], [-122.020113137, 45.9240748710001], [-122.01959667, 45.924379114], [-122.018937232, 45.9244109530001], [-122.018910162, 45.924861918], [-122.016883374, 45.9249331410001], [-122.015646823, 45.925073814], [-122.014522367, 45.925548373], [-122.014552287, 45.9256073440001], [-122.014843812, 45.926021738], [-122.014685994, 45.9263934900001], [-122.014826605, 45.926437992], [-122.015306897, 45.9268230640001], [-122.015568385, 45.9273238660001], [-122.015688783, 45.927770679], [-122.015715734, 45.9278255420001], [-122.01576097, 45.927857558], [-122.016245703, 45.9281722310001], [-122.016479376, 45.928656077], [-122.016618117, 45.929130689], [-122.016793577, 45.929573631], [-122.016797982, 45.929579076], [-122.01739796, 45.929928912], [-122.018034652, 45.9301904330001], [-122.018361801, 45.930280979], [-122.018689013, 45.9303885], [-122.018650972, 45.930698955], [-122.018988062, 45.9313327580001], [-122.019185123, 45.931389977], [-122.019223349, 45.931318579], [-122.019808569, 45.931079573], [-122.020288971, 45.9307768890001], [-122.02073672, 45.93038912], [-122.021009456, 45.930124941], [-122.020874975, 45.929905655], [-122.020565729, 45.929776942], [-122.020747936, 45.929651672], [-122.020619801, 45.929353232], [-122.020646414, 45.928850405], [-122.021084202, 45.928611727], [-122.021064167, 45.928539648], [-122.021041404, 45.9280410530001], [-122.021653486, 45.928241588], [-122.022218917, 45.928460412], [-122.02268388, 45.928818936], [-122.022697335, 45.9288437380001], [-122.023216931, 45.9294087260001], [-122.023404013, 45.929883035], [-122.023579368, 45.930582997], [-122.023578351, 45.930592758], [-122.023593833, 45.9305885540001], [-122.023972833, 45.9309926550001], [-122.024058784, 45.931445298], [-122.024619291, 45.9317136510001], [-122.025209503, 45.9318948490001], [-122.025713207, 45.9321895670001], [-122.02570164, 45.9321929610001], [-122.025860316, 45.9326827200001], [-122.025368409, 45.9327300530001], [-122.025350487, 45.9327317780001], [-122.025340831, 45.932732694], [-122.024495686, 45.932812853], [-122.024062381, 45.9333163790001], [-122.024054305, 45.9334447460001], [-122.023983866, 45.933561846], [-122.024005206, 45.9336362920001], [-122.02413145, 45.933959208], [-122.024131177, 45.933959386], [-122.022835042, 45.9347274830001], [-122.022267648, 45.9349771390001], [-122.022480693, 45.9351706580001], [-122.022494076, 45.9354718760001], [-122.022508733, 45.9354817190001], [-122.022368187, 45.935923082], [-122.022244909, 45.936217157], [-122.021918297, 45.9366103200001], [-122.021744056, 45.936795605], [-122.021846052, 45.9369202660001], [-122.022450155, 45.937087037], [-122.022990914, 45.9373696810001], [-122.023131419, 45.9376794290001], [-122.023131816, 45.9376812350001], [-122.023807436, 45.9378614880001], [-122.025964111, 45.9389668050001], [-122.027153473, 45.939871958], [-122.02782184, 45.93981031], [-122.028224168, 45.939660271], [-122.028407566, 45.9395918770001], [-122.028792308, 45.9392383370001], [-122.028669824, 45.938947231], [-122.028480429, 45.9385055720001], [-122.028304293, 45.9380553980001], [-122.027942396, 45.937534628], [-122.027987663, 45.937346705], [-122.027977826, 45.937325243], [-122.027726541, 45.9366958470001], [-122.027496826, 45.936160902], [-122.027279928, 45.935702727], [-122.027013336, 45.935156186], [-122.026900387, 45.9349328870001], [-122.026889812, 45.9349350250001], [-122.026388693, 45.9350347370001], [-122.025730542, 45.9350715850001], [-122.025370162, 45.9346870680001], [-122.025476765, 45.9342128970001], [-122.025612448, 45.9337687450001], [-122.026040621, 45.9333689380001], [-122.026647519, 45.93313011], [-122.027308102, 45.932946407], [-122.027939992, 45.932728576], [-122.028635386, 45.9328318390001], [-122.028786371, 45.93289273], [-122.02878388, 45.9328995170001], [-122.028800837, 45.9328982870001], [-122.028927143, 45.9333496880001], [-122.029057847, 45.9338532090001], [-122.029131903, 45.9343583340001], [-122.029149561, 45.9345046980001], [-122.029694769, 45.934441066], [-122.030400987, 45.9343268530001], [-122.031086571, 45.9344657460001], [-122.031686005, 45.9347678410001], [-122.032342048, 45.935098687], [-122.032341636, 45.935100499], [-122.032356516, 45.9351042430001], [-122.032687225, 45.935505446], [-122.033091372, 45.9358880570001], [-122.033303561, 45.936075681], [-122.033905276, 45.9361178670001], [-122.034575718, 45.9363481], [-122.035093281, 45.9366622410001], [-122.035334369, 45.936898238], [-122.035512638, 45.9370727400001], [-122.03563934, 45.9374098210001], [-122.03625375, 45.937524803], [-122.036757429, 45.937854891], [-122.037017131, 45.93794654], [-122.037031335, 45.937952372], [-122.037192348, 45.9377845820001], [-122.0382665, 45.9378183490001], [-122.038276595, 45.9378135640001], [-122.038652062, 45.93768228], [-122.039324351, 45.9377505900001], [-122.039984291, 45.937689828], [-122.040654277, 45.9376562200001], [-122.041258037, 45.9378440770001], [-122.041481052, 45.938270801], [-122.041865523, 45.9386664300001], [-122.042411424, 45.9389186870001], [-122.042966361, 45.939186218], [-122.043419973, 45.939425967], [-122.043431579, 45.9394327730001], [-122.043980403, 45.9391932230001], [-122.044005504, 45.939223299], [-122.044027822, 45.9392544250001], [-122.044047264, 45.9392864760001], [-122.046049243, 45.938688719], [-122.046151185, 45.938679096], [-122.046284412, 45.9386635600001], [-122.046366629, 45.938651464], [-122.046499701, 45.9386304440001], [-122.046663519, 45.938584317], [-122.046733715, 45.938564157], [-122.046866247, 45.9385239430001], [-122.047026211, 45.938480611], [-122.047150498, 45.938426797], [-122.04728565, 45.938339919], [-122.047394449, 45.9382945450001], [-122.047455937, 45.9382443320001], [-122.047567277, 45.938149552], [-122.047678617, 45.9380547700001], [-122.047781943, 45.937954614], [-122.047877563, 45.9378600480001], [-122.047973184, 45.9377654830001], [-122.048068804, 45.937670917], [-122.048195244, 45.9375539860001], [-122.048252337, 45.937487376], [-122.048336167, 45.9373929720001], [-122.048407976, 45.937290504], [-122.048472157, 45.9371963680001], [-122.04851977, 45.9370722880001], [-122.048551589, 45.936945682], [-122.048591266, 45.9368189680001], [-122.048617384, 45.93676924], [-122.048669775, 45.9366752650001], [-122.048746438, 45.9366056440001], [-122.048858392, 45.9365327960001], [-122.048924113, 45.936493496], [-122.049055636, 45.936417637], [-122.049168129, 45.936363982], [-122.049300114, 45.9363045740001], [-122.049369534, 45.9362569940001], [-122.049500747, 45.9361701670001], [-122.049554448, 45.936122803], [-122.04966578, 45.93602802], [-122.04981556, 45.93590254], [-122.049918415, 45.9357859300001], [-122.050021037, 45.9356610950001], [-122.050046767, 45.9355976570001], [-122.050079507, 45.935503952], [-122.050116178, 45.9354101930001], [-122.050164403, 45.935308046], [-122.050208932, 45.9352141790001], [-122.050246372, 45.935147838], [-122.050294907, 45.9350566590001], [-122.050347293, 45.934962684], [-122.05039968, 45.9348687090001], [-122.050452067, 45.934774734], [-122.05049729, 45.9347055430001], [-122.050557534, 45.93461146], [-122.050656225, 45.934486679], [-122.050758842, 45.934361843], [-122.050884806, 45.9342284590001], [-122.051011231, 45.934111526], [-122.051146597, 45.9340328690001], [-122.051301302, 45.933942974], [-122.051483357, 45.933847219], [-122.051580354, 45.933802003], [-122.051712254, 45.9337398500001], [-122.051848236, 45.9336831260001], [-122.051980289, 45.9336264560001], [-122.052170356, 45.9335360760001], [-122.052255797, 45.9334992450001], [-122.052387773, 45.9334398330001], [-122.05246913, 45.933397573], [-122.052600948, 45.9333326770001], [-122.052791321, 45.933253263], [-122.052888086, 45.93319982], [-122.053019673, 45.9331266980001], [-122.05315126, 45.9330535770001], [-122.053282847, 45.9329804540001], [-122.053464583, 45.9328737290001], [-122.05365573, 45.9328217300001], [-122.053741169, 45.9327848990001], [-122.053873296, 45.932730969], [-122.053955424, 45.9327161260001], [-122.054088324, 45.932689613], [-122.054197571, 45.9326606830001], [-122.054330318, 45.932628686], [-122.054505199, 45.932557709], [-122.054645726, 45.932522862], [-122.054762366, 45.932477373], [-122.054896119, 45.932481018], [-122.055044968, 45.9324625140001], [-122.05518681, 45.9324742760001], [-122.055353157, 45.932518615], [-122.055455863, 45.932536402], [-122.055590081, 45.9325564970001], [-122.055768063, 45.9325951910001], [-122.055863064, 45.9326185690001], [-122.055997591, 45.9326496310001], [-122.056171335, 45.9326774100001], [-122.056305553, 45.9326975050001], [-122.056435841, 45.9327176530001], [-122.056570058, 45.9327377480001], [-122.056645025, 45.932747686], [-122.056775391, 45.9327705760001], [-122.05690961, 45.93279067], [-122.057043828, 45.9328107640001], [-122.057178044, 45.932830858], [-122.057248929, 45.9328353670001], [-122.057382759, 45.9328417510001], [-122.05753678, 45.9328670570001], [-122.057671076, 45.932889892], [-122.057821322, 45.932920735], [-122.057955696, 45.9329463120001], [-122.058090148, 45.9329746290001], [-122.058169046, 45.9329845140001], [-122.058303185, 45.9330018650001], [-122.058449426, 45.9330300190001], [-122.058583799, 45.933055595], [-122.058718175, 45.93308117], [-122.058852551, 45.933106745], [-122.058990855, 45.933132266], [-122.059125152, 45.933155099], [-122.059259527, 45.933180674], [-122.059346438, 45.933195932], [-122.059480659, 45.9332160230001], [-122.059614957, 45.9332388550001], [-122.059784774, 45.9332666830001], [-122.059918994, 45.9332867730001], [-122.060092509, 45.933306321], [-122.060226651, 45.9333236690001], [-122.060407791, 45.933334883], [-122.060603637, 45.9333102360001], [-122.060674211, 45.9333037760001], [-122.060807576, 45.933293706], [-122.060999182, 45.9332581460001], [-122.061178765, 45.9332145230001], [-122.061357883, 45.9331544500001], [-122.061502102, 45.9331113150001], [-122.061649472, 45.9330407080001], [-122.06176603, 45.9329924690001], [-122.061898226, 45.9329412710001], [-122.062030346, 45.9328873310001], [-122.062162543, 45.9328361330001], [-122.062321232, 45.932748911], [-122.06248276, 45.9326232510001], [-122.062587062, 45.932558724], [-122.062718479, 45.9324801070001], [-122.062876388, 45.9323654670001], [-122.063049468, 45.932231417], [-122.063122567, 45.9321755500001], [-122.063241727, 45.932080645], [-122.063344702, 45.931969506], [-122.063428498, 45.9318750910001], [-122.06348973, 45.931816644], [-122.063585313, 45.9317220660001], [-122.063684123, 45.9316027570001], [-122.063763988, 45.931508394], [-122.063866572, 45.9313835470001], [-122.063930876, 45.931294887], [-122.063995491, 45.9312171930001], [-122.064071426, 45.931122886], [-122.064120947, 45.9310673430001], [-122.064204739, 45.930972927], [-122.064354704, 45.930855652], [-122.064443127, 45.930785857], [-122.064519921, 45.9307217090001], [-122.064640556, 45.9306788970001], [-122.064781303, 45.9306522630001], [-122.064851482, 45.9306320900001], [-122.064983982, 45.930591856], [-122.065097226, 45.9305656020001], [-122.065221245, 45.9305035420001], [-122.065314297, 45.9304583680001], [-122.065423377, 45.9304239430001], [-122.065481067, 45.9303792590001], [-122.065495535, 45.9303351730001], [-122.065486899, 45.930307864], [-122.065473784, 45.930261418], [-122.065456586, 45.9302095420001], [-122.065415968, 45.930163475], [-122.065379046, 45.9301091300001], [-122.065315089, 45.9300716160001], [-122.065222615, 45.9299988400001], [-122.065055718, 45.9299353230001], [-122.064947526, 45.9298627650001], [-122.06482047, 45.929817896], [-122.064685477, 45.9297703940001], [-122.064674301, 45.9297660010001], [-122.064671006, 45.9297648410001], [-122.064515977, 45.929703901], [-122.064380827, 45.9296509150001], [-122.064245679, 45.9295979280001], [-122.064114383, 45.9295421460001], [-122.064075003, 45.9295251280001], [-122.063509615, 45.9294575380001], [-122.06271025, 45.9292930710001], [-122.062069038, 45.9291023260001], [-122.06149164, 45.9288871380001], [-122.060876773, 45.9287040250001], [-122.060225606, 45.9285674560001], [-122.059552123, 45.9283353820001], [-122.058845999, 45.9282573890001], [-122.058393209, 45.927848807], [-122.058064688, 45.9273895090001], [-122.057810297, 45.9269400570001], [-122.057932843, 45.9267241000001], [-122.057938118, 45.9267133170001], [-122.057878484, 45.926608677], [-122.057828543, 45.9265106230001], [-122.057805329, 45.9263847730001], [-122.05779752, 45.9262477390001], [-122.057853969, 45.926159189], [-122.05793053, 45.9260868200001], [-122.058120404, 45.9259909460001], [-122.058252821, 45.9259479780001], [-122.058319068, 45.9259278650001], [-122.058506021, 45.925867687], [-122.058638361, 45.9258219770001], [-122.058712309, 45.9257962710001], [-122.058843715, 45.925717659], [-122.058921049, 45.925672707], [-122.059052144, 45.925583127], [-122.059129244, 45.9255299500001], [-122.059261194, 45.92547053], [-122.059393064, 45.925408368], [-122.059525012, 45.9253489480001], [-122.059653031, 45.9252895810001], [-122.059819871, 45.925213222], [-122.059951275, 45.9251346080001], [-122.060082677, 45.925055995], [-122.060214079, 45.9249773820001], [-122.060353182, 45.9248931760001], [-122.060484585, 45.9248145620001], [-122.060619837, 45.924733152], [-122.060751471, 45.9246627630001], [-122.060886955, 45.9245895780001], [-122.061017966, 45.9244972550001], [-122.061087364, 45.9244496680001], [-122.061264819, 45.924332017], [-122.061395828, 45.9242396930001], [-122.061469072, 45.92418931], [-122.061600082, 45.9240969860001], [-122.061692505, 45.9240298810001], [-122.061792006, 45.9239352500001], [-122.06189528, 45.9238350790001], [-122.061998709, 45.9237403930001], [-122.062098209, 45.923645762], [-122.062186311, 45.923565002], [-122.062270097, 45.9234705870001], [-122.062353882, 45.923376171], [-122.06240717, 45.9233150920001], [-122.062437588, 45.923279015], [-122.062505656, 45.923184817], [-122.062569875, 45.923093416], [-122.062645801, 45.922999109], [-122.062721728, 45.9229048020001], [-122.062790184, 45.922824313], [-122.062854325, 45.9227301700001], [-122.062907222, 45.9226553820001], [-122.062959577, 45.9225614010001], [-122.063011851, 45.922464678], [-122.063072061, 45.9223705890001], [-122.063135968, 45.92226822], [-122.063219747, 45.9221738050001], [-122.063269263, 45.9221182630001], [-122.063372685, 45.922023575], [-122.063449387, 45.921956686], [-122.063581402, 45.921900002], [-122.063678525, 45.921860259], [-122.063810458, 45.9218008340001], [-122.063915205, 45.921752756], [-122.064086891, 45.9217092370001], [-122.064219451, 45.921671745], [-122.064293468, 45.9216487780001], [-122.064426338, 45.9216222520001], [-122.064559285, 45.9215984690001], [-122.064692151, 45.921571944], [-122.06482117, 45.921548215], [-122.064977532, 45.9215186210001], [-122.065110557, 45.9214975790001], [-122.065243502, 45.9214737950001], [-122.065376526, 45.9214527520001], [-122.065446927, 45.921440805], [-122.065579796, 45.921414279], [-122.065747863, 45.9213817790001], [-122.065880731, 45.9213552530001], [-122.066044792, 45.921320065], [-122.066177192, 45.9212770880001], [-122.066305662, 45.921234165], [-122.066437592, 45.9211747360001], [-122.066507447, 45.921143596], [-122.066639609, 45.921092393], [-122.066771774, 45.9210411890001], [-122.066911718, 45.9209871350001], [-122.067043491, 45.9209222220001], [-122.067175263, 45.920857309], [-122.067307034, 45.9207923970001], [-122.06738947, 45.920750576], [-122.06743488, 45.9207275380001], [-122.06756673, 45.920665366], [-122.067698501, 45.920600452], [-122.067830272, 45.9205355390001], [-122.067962043, 45.9204706250001], [-122.068093815, 45.920405712], [-122.068221656, 45.920340852], [-122.068353426, 45.920275938], [-122.068485196, 45.920211023], [-122.068601485, 45.920154552], [-122.068733568, 45.9201006050001], [-122.068865649, 45.9200466570001], [-122.068970544, 45.9200040580001], [-122.068998631, 45.919988845], [-122.069152443, 45.9199055330001], [-122.069283508, 45.9198159420001], [-122.06938637, 45.9197020560001], [-122.069458352, 45.9196078000001], [-122.06950385, 45.919549568], [-122.069552261, 45.919455639], [-122.069582046, 45.919397626], [-122.069614743, 45.9193039140001], [-122.06965129, 45.919207407], [-122.069687915, 45.9191136420001], [-122.069717153, 45.9190364360001], [-122.069730208, 45.918942998], [-122.069746878, 45.918838538], [-122.069740291, 45.918745373], [-122.069733705, 45.918652208], [-122.069732376, 45.9186055980001], [-122.069721861, 45.918512487], [-122.069702394, 45.9183811], [-122.069672238, 45.9182882630001], [-122.069646401, 45.9182090790001], [-122.069599281, 45.918072592], [-122.069517354, 45.917955787], [-122.069432281, 45.9178664550001], [-122.069299444, 45.9177558430001], [-122.069260614, 45.9177174490001], [-122.069206436, 45.917663878], [-122.069141786, 45.9176016910001], [-122.069080206, 45.9175092880001], [-122.069026872, 45.917430487], [-122.068977077, 45.9173379220001], [-122.068935763, 45.9172671810001], [-122.068892886, 45.917141606], [-122.068862732, 45.917048767], [-122.068836896, 45.9169695840001], [-122.068834552, 45.9168873310001], [-122.06887448, 45.9167715770001], [-122.068911105, 45.916677812], [-122.068955273, 45.9165729700001], [-122.068984042, 45.9164793140001], [-122.069023578, 45.9163498520001], [-122.069060203, 45.9162560870001], [-122.069093368, 45.9161788270001], [-122.069141385, 45.916071188], [-122.069252801, 45.9159818700001], [-122.06938708, 45.915867549], [-122.069517353, 45.91575054], [-122.069570782, 45.91569494], [-122.06965847, 45.9156004650001], [-122.069742074, 45.915500562], [-122.069817977, 45.915406251], [-122.069897809, 45.9153118850001], [-122.069989268, 45.9152118710001], [-122.070076955, 45.915117396], [-122.07013054, 45.9150672800001], [-122.070226082, 45.9149726960001], [-122.070353283, 45.9148859000001], [-122.070458245, 45.914846041], [-122.070590391, 45.914794833], [-122.070722536, 45.914743625], [-122.070827419, 45.9147010240001], [-122.070959486, 45.9146470740001], [-122.071087623, 45.9145931780001], [-122.07121977, 45.9145419700001], [-122.071351834, 45.914488019], [-122.071483899, 45.914434068], [-122.071658389, 45.914352099], [-122.071790299, 45.914292663], [-122.071860689, 45.914280713], [-122.071993693, 45.9142596630001], [-122.072072879, 45.914280504], [-122.072207448, 45.9143142880001], [-122.072381925, 45.914369461], [-122.072561429, 45.9144629620001], [-122.072692933, 45.91452696], [-122.072828364, 45.914590903], [-122.073024754, 45.914725311], [-122.073204258, 45.9148188120001], [-122.073339928, 45.9148909800001], [-122.073515112, 45.9149708260001], [-122.073650389, 45.9150292840001], [-122.073785748, 45.9150904840001], [-122.073921025, 45.9151489430001], [-122.074004221, 45.915172469], [-122.074138872, 45.9152089940001], [-122.074210204, 45.915229943], [-122.074407942, 45.9152738160001], [-122.074542437, 45.915304856], [-122.074708356, 45.9153354580001], [-122.074842695, 45.915361014], [-122.075004688, 45.9153916710001], [-122.075106975, 45.9153957300001], [-122.075240766, 45.9154020940001], [-122.075338574, 45.9153870160001], [-122.075471579, 45.9153659620001], [-122.075572924, 45.9153371200001], [-122.07570538, 45.915296873], [-122.07583383, 45.9152539390001], [-122.075966128, 45.9152082080001], [-122.076105575, 45.915137691], [-122.076231981, 45.915023471], [-122.076265764, 45.9149681430001], [-122.076318089, 45.914874157], [-122.07637434, 45.914780115], [-122.07639241, 45.914725006], [-122.076425092, 45.9146312930001], [-122.076453847, 45.914537635], [-122.076483072, 45.9144604270001], [-122.076515755, 45.914366715], [-122.076591331, 45.9142614310001], [-122.076756936, 45.9141439210001], [-122.076869355, 45.914090238], [-122.077001258, 45.9140307970001], [-122.077155942, 45.91394361], [-122.07728745, 45.9138704600001], [-122.077450381, 45.913796871], [-122.077582284, 45.913737429], [-122.077761005, 45.9136663630001], [-122.077893062, 45.913612404], [-122.078025195, 45.9135611880001], [-122.078157253, 45.9135072290001], [-122.078262522, 45.91347833], [-122.07839505, 45.913440822], [-122.078527578, 45.913403314], [-122.07868383, 45.9133709590001], [-122.078816593, 45.9133416760001], [-122.078937808, 45.913320781], [-122.079070807, 45.913299722], [-122.079192572, 45.9132980210001], [-122.079326122, 45.9132961540001], [-122.079459672, 45.913294287], [-122.079613097, 45.913300371], [-122.079746803, 45.9133039870001], [-122.079841229, 45.9133081520001], [-122.079975016, 45.9133145100001], [-122.080168666, 45.913352946], [-122.080263329, 45.913365336], [-122.080397429, 45.91338266], [-122.080583931, 45.91344588], [-122.080727068, 45.91350422], [-122.080862192, 45.913557186], [-122.080961652, 45.9135996800001], [-122.081093006, 45.913658185], [-122.08122821, 45.9137138930001], [-122.081363493, 45.9137723430001], [-122.081498777, 45.9138307920001], [-122.081677977, 45.913913312], [-122.081833531, 45.9139934200001], [-122.081969051, 45.914060094], [-122.082141107, 45.9141673980001], [-122.08227718, 45.9142532650001], [-122.082428965, 45.9143389110001], [-122.082564802, 45.914416551], [-122.08268414, 45.9144669930001], [-122.082819427, 45.9145254410001], [-122.082987005, 45.914613607], [-122.083122686, 45.9146857640001], [-122.083258289, 45.9147551780001], [-122.083393972, 45.9148273340001], [-122.083526041, 45.9149105110001], [-122.083657638, 45.9149772380001], [-122.083793242, 45.9150466510001], [-122.083857432, 45.9150923810001], [-122.083981883, 45.9151838930001], [-122.08404262, 45.915246127], [-122.08413172, 45.9153381350001], [-122.084233787, 45.9154711040001], [-122.084303247, 45.9155633880001], [-122.084389367, 45.915688351], [-122.084454899, 45.915780689], [-122.084517451, 45.9159059830001], [-122.084563343, 45.9159985970001], [-122.084618355, 45.9161349680001], [-122.084619776, 45.9161843200001], [-122.084618531, 45.9162775940001], [-122.084594663, 45.9164041000001], [-122.084570323, 45.9165141560001], [-122.084545511, 45.9166077610001], [-122.084524626, 45.9167013110001], [-122.084488657, 45.916817015], [-122.084459915, 45.916910676], [-122.084431175, 45.917004336], [-122.084409184, 45.917059501], [-122.084376513, 45.917153216], [-122.084343841, 45.9172469310001], [-122.084333557, 45.9172991900001], [-122.084312592, 45.917389998], [-122.084295634, 45.9174834930001], [-122.084274748, 45.9175770430001], [-122.08425779, 45.917670538], [-122.084252299, 45.9177529], [-122.084243199, 45.9178462850001], [-122.084234097, 45.9179396700001], [-122.08422774, 45.9179918730001], [-122.084214631, 45.9180825710001], [-122.084197673, 45.9181760660001], [-122.084184642, 45.9182695060001], [-122.084171612, 45.9183629460001], [-122.084147507, 45.918481226], [-122.08412662, 45.9185747760001], [-122.08410966, 45.918668272], [-122.084119727, 45.9187449300001], [-122.084134195, 45.918837984], [-122.084188181, 45.918938713], [-122.084305811, 45.919065978], [-122.084423128, 45.9191822760001], [-122.084503588, 45.9192469770001], [-122.084620192, 45.9193385980001], [-122.084784967, 45.919465202], [-122.084936929, 45.9195563280001], [-122.085083934, 45.919611866], [-122.085274944, 45.919694215], [-122.085430362, 45.9197688340001], [-122.085586966, 45.919884579], [-122.085648814, 45.9199851970001], [-122.085698877, 45.9200859810001], [-122.085716328, 45.9201460790001], [-122.085746512, 45.9202389120001], [-122.08576963, 45.920359273], [-122.085788028, 45.9204522730001], [-122.085806429, 45.920545272], [-122.085815785, 45.920597254], [-122.085834186, 45.920690253], [-122.085852584, 45.920783252], [-122.085870906, 45.920873509], [-122.085889306, 45.920966509], [-122.085907704, 45.9210595070001], [-122.085926105, 45.9211525060001], [-122.085944505, 45.9212455050001], [-122.085962905, 45.9213385030001], [-122.085981226, 45.9214287610001], [-122.085999626, 45.9215217600001], [-122.086018026, 45.9216147590001], [-122.086036426, 45.921707757], [-122.086062682, 45.9218006470001], [-122.086088941, 45.921893535], [-122.086115198, 45.9219864240001], [-122.086148919, 45.922065493], [-122.086186962, 45.9221582160001], [-122.086249841, 45.922294477], [-122.086331968, 45.9224167520001], [-122.086393583, 45.9225091440001], [-122.086455197, 45.9226015360001], [-122.086560977, 45.922726223], [-122.086642156, 45.9228155980001], [-122.086719487, 45.9229077690001], [-122.086800745, 45.9229998850001], [-122.086878079, 45.923092056], [-122.086923349, 45.9231627350001], [-122.086981037, 45.923255182], [-122.087121701, 45.923362921], [-122.087123046, 45.9234095310001], [-122.087309352, 45.923464514], [-122.087435938, 45.923492907], [-122.087507048, 45.9235056220001], [-122.087641335, 45.9235284220001], [-122.087838162, 45.9235393700001], [-122.087940306, 45.9235379350001], [-122.088073801, 45.923533316], [-122.088152217, 45.9235267290001], [-122.088285554, 45.923516626], [-122.088356032, 45.923507407], [-122.088489209, 45.923491821], [-122.088555678, 45.923479915], [-122.08868862, 45.923456103], [-122.088797752, 45.9234243980001], [-122.088930296, 45.923386877], [-122.08903919, 45.923346946], [-122.089171418, 45.923298458], [-122.089362018, 45.9232299490001], [-122.089494327, 45.9231842030001], [-122.089652866, 45.923094201], [-122.089786883, 45.9229716290001], [-122.089832046, 45.922902423], [-122.089888282, 45.9228083740001], [-122.08994035, 45.9227061560001], [-122.08998873, 45.922612218], [-122.09003711, 45.9225182800001], [-122.090085488, 45.9224243420001], [-122.090129938, 45.9223304600001], [-122.090178316, 45.922236522], [-122.090233836, 45.9221177970001], [-122.090274358, 45.9220239690001], [-122.090318886, 45.9219328290001], [-122.090359407, 45.9218390010001], [-122.090403855, 45.921745119], [-122.090444375, 45.9216512900001], [-122.090484499, 45.921543754], [-122.09052109, 45.9214499820001], [-122.090557681, 45.9213562100001], [-122.090593876, 45.9212487290001], [-122.09062261, 45.921155067], [-122.090651345, 45.921061405], [-122.090679841, 45.9209595190001], [-122.090700718, 45.920865968], [-122.090725602, 45.9207751020001], [-122.090750407, 45.920681496], [-122.090775212, 45.92058789], [-122.090800016, 45.920494284], [-122.090829542, 45.9204280390001], [-122.090874068, 45.920336897], [-122.090918514, 45.920243015], [-122.090959032, 45.920149187], [-122.091003479, 45.9200553040001], [-122.091045264, 45.9200053440001], [-122.091121137, 45.9199110180001], [-122.091174549, 45.919855409], [-122.091262208, 45.9197609180001], [-122.091331016, 45.91969412], [-122.09142653, 45.919599518], [-122.091616245, 45.9195008460001], [-122.091737231, 45.9194717130001], [-122.091869923, 45.9194396720001], [-122.092019042, 45.919432085], [-122.092152447, 45.9194247200001], [-122.092316882, 45.9194032030001], [-122.092449969, 45.91938487], [-122.092583058, 45.919366537], [-122.092762968, 45.9193365730001], [-122.092895897, 45.9193127560001], [-122.092985455, 45.9192840650001], [-122.093117907, 45.919243798], [-122.093238258, 45.9191927300001], [-122.093370313, 45.9191387540001], [-122.093467171, 45.919090759], [-122.093598829, 45.9190230740001], [-122.093690965, 45.918947716], [-122.093810045, 45.9188527800001], [-122.093898252, 45.918777478], [-122.094005545, 45.9186827080001], [-122.094085418, 45.9185910670001], [-122.094165214, 45.9184966830001], [-122.094206756, 45.9184384970001], [-122.094270836, 45.9183443360001], [-122.094281192, 45.918294818], [-122.094298133, 45.9182013220001], [-122.094282616, 45.918072626], [-122.094232382, 45.9179663630001], [-122.094201945, 45.9178653070001], [-122.094194681, 45.9177502090001], [-122.09420329, 45.917640373], [-122.094242847, 45.9175136430001], [-122.094275503, 45.917419925], [-122.094304227, 45.9173262630001], [-122.094321883, 45.9172574420001], [-122.09434668, 45.9171638340001], [-122.094371477, 45.9170702270001], [-122.094396275, 45.9169766200001], [-122.094460116, 45.916874234], [-122.094516338, 45.9167801830001], [-122.094577044, 45.916705268], [-122.094656836, 45.9166108850001], [-122.094778563, 45.916472024], [-122.094862281, 45.9163775850001], [-122.095011904, 45.916252044], [-122.095069475, 45.916204603], [-122.095184617, 45.9161097200001], [-122.095304481, 45.9160421990001], [-122.09543597, 45.9159690280001], [-122.095502034, 45.9159434100001], [-122.095634159, 45.915892173], [-122.095766362, 45.9158436770001], [-122.095898486, 45.915792439], [-122.09605747, 45.9157188790001], [-122.096189355, 45.915659416], [-122.096321241, 45.915599952], [-122.096449197, 45.9155405440001], [-122.096581001, 45.9154783390001], [-122.096712886, 45.915418876], [-122.096844769, 45.915359412], [-122.096998552, 45.915242037], [-122.097132771, 45.915127683], [-122.097162445, 45.9150669210001], [-122.097210804, 45.9149729800001], [-122.097232941, 45.9149232950001], [-122.097273445, 45.914829465], [-122.097297201, 45.914700215], [-122.097314137, 45.9146067180001], [-122.097330434, 45.914491287], [-122.097343441, 45.9143978450001], [-122.097348276, 45.914293548], [-122.097357355, 45.914200163], [-122.097362505, 45.9141068330001], [-122.097367656, 45.914013503], [-122.097387723, 45.913892532], [-122.09740073, 45.913799091], [-122.097417664, 45.9137055950001], [-122.097427857, 45.9136505930001], [-122.097440864, 45.9135571520001], [-122.097453869, 45.91346371], [-122.097474016, 45.9133454820001], [-122.097490953, 45.913251986], [-122.097507886, 45.9131584890001], [-122.097529067, 45.913075903], [-122.097549929, 45.912982351], [-122.097570791, 45.912888799], [-122.097592686, 45.9128308890001], [-122.097625333, 45.9127371700001], [-122.097666312, 45.9126597910001], [-122.097714668, 45.912565849], [-122.097744659, 45.912516053], [-122.097800871, 45.912422001], [-122.097864699, 45.9123196130001], [-122.097924837, 45.912225505], [-122.097969903, 45.9121535520001], [-122.098030042, 45.9120594440001], [-122.098090181, 45.911965337], [-122.098185432, 45.9118625030001], [-122.098269138, 45.9117680620001], [-122.098372136, 45.9117967770001], [-122.098427761, 45.9118179320001], [-122.098515207, 45.911852352], [-122.098665338, 45.9118804], [-122.098744134, 45.9118875130001], [-122.098878079, 45.9118993320001], [-122.098968498, 45.9119007960001], [-122.099102123, 45.911901647], [-122.099176352, 45.911886882], [-122.099309101, 45.9118575750001], [-122.099495404, 45.9117781370001], [-122.09967802, 45.9117069800001], [-122.099813897, 45.9116501980001], [-122.09994585, 45.911593473], [-122.100125333, 45.9115497880001], [-122.100227296, 45.9115428580001], [-122.100360601, 45.911532741], [-122.100494065, 45.911528108], [-122.100627609, 45.911526216], [-122.100745603, 45.9115300300001], [-122.100879386, 45.911536363], [-122.10101309, 45.911539954], [-122.101130843, 45.9115355430001], [-122.101264307, 45.911530908], [-122.101398491, 45.9115509490001], [-122.101532673, 45.91157099], [-122.101674709, 45.91159092], [-122.101808813, 45.9116082190001], [-122.10195462, 45.9116226090001], [-122.102088644, 45.9116371650001], [-122.10218307, 45.911641312], [-122.102316854, 45.911647643], [-122.102426831, 45.911646084], [-122.102560296, 45.9116414480001], [-122.102666507, 45.9116454270001], [-122.10280029, 45.9116517580001], [-122.102954112, 45.911671519], [-122.103088215, 45.911688817], [-122.103261758, 45.9117110400001], [-122.103395861, 45.9117283370001], [-122.103550003, 45.9117590640001], [-122.103684346, 45.9117845860001], [-122.103802898, 45.911807589], [-122.103937243, 45.91183311], [-122.104060203, 45.9118725070001], [-122.104195026, 45.9119144790001], [-122.104321674, 45.9119455950001], [-122.104456258, 45.9119793410001], [-122.104567276, 45.912013422], [-122.10470202, 45.9120526510001], [-122.104800695, 45.9120677070001], [-122.104934959, 45.9120904860001], [-122.105029386, 45.9120946310001], [-122.105163251, 45.9121037], [-122.105250144, 45.912118923], [-122.105384329, 45.9121389590001], [-122.105478996, 45.912151329], [-122.105613181, 45.9121713650001], [-122.105747287, 45.912188659], [-122.105917143, 45.9122191590001], [-122.106051489, 45.912244678], [-122.106130525, 45.912260012], [-122.106264871, 45.9122855310001], [-122.106399217, 45.912311049], [-122.106506309, 45.9123451840001], [-122.106641135, 45.9123871520001], [-122.106775961, 45.9124291210001], [-122.106922732, 45.9124764050001], [-122.107057638, 45.9125211160001], [-122.107220362, 45.9125764020001], [-122.107355349, 45.9126238530001], [-122.10752232, 45.912690049], [-122.107657468, 45.912742983], [-122.107772576, 45.9127824880001], [-122.107907486, 45.9128271970001], [-122.108081593, 45.912868605], [-122.108216101, 45.9128996050001], [-122.108322954, 45.9129255140001], [-122.108457464, 45.912956513], [-122.108568005, 45.9129741400001], [-122.108702193, 45.912994172], [-122.108780911, 45.9129985370001], [-122.108914699, 45.913004861], [-122.109111494, 45.913015773], [-122.109234139, 45.913044197], [-122.10936857, 45.913072454], [-122.109558789, 45.9131273450001], [-122.109693459, 45.9131638260001], [-122.109800636, 45.9132006990001], [-122.109935547, 45.913245406], [-122.110070859, 45.9133038210001], [-122.110206171, 45.9133622370001], [-122.110341404, 45.913417909], [-122.110476718, 45.913476324], [-122.110560569, 45.9135217570001], [-122.110696362, 45.9135966220001], [-122.110832077, 45.9136687450001], [-122.110939976, 45.913730292], [-122.111075773, 45.9138051570001], [-122.111175014, 45.9138394], [-122.111310008, 45.913886846], [-122.111457508, 45.9139588], [-122.111593064, 45.9140254380001], [-122.111725015, 45.914103099], [-122.111860893, 45.914180704], [-122.11198114, 45.914261276], [-122.112121911, 45.9143717250001], [-122.112239033, 45.9144797690001], [-122.112364576, 45.9146068920001], [-122.112497412, 45.914714712], [-122.112625597, 45.914797912], [-122.112788574, 45.914861414], [-122.112978803, 45.914916299], [-122.113160458, 45.9149466200001], [-122.113342028, 45.914974199], [-122.113412893, 45.9149786730001], [-122.113546686, 45.914984991], [-122.113716716, 45.9150209630001], [-122.113851153, 45.9150492150001], [-122.114048357, 45.915073826], [-122.114182391, 45.915088369], [-122.114339433, 45.915083382], [-122.114472985, 45.915081474], [-122.11466169, 45.915084264], [-122.114732235, 45.91507777], [-122.114865545, 45.9150676360001], [-122.114943783, 45.9150555460001], [-122.115076692, 45.9150317030001], [-122.115242877, 45.915070471], [-122.115417156, 45.915117352], [-122.115484656, 45.915141073], [-122.115619739, 45.9151912560001], [-122.115815914, 45.915314623], [-122.115952041, 45.9154004480001], [-122.116053222, 45.915500487], [-122.116146221, 45.9155896730001], [-122.116200427, 45.915695869], [-122.116250299, 45.9157884140001], [-122.116297131, 45.915911173], [-122.116335223, 45.916003887], [-122.116369383, 45.916096656], [-122.116394884, 45.9161621200001], [-122.116432974, 45.916254833], [-122.116471064, 45.9163475450001], [-122.116512358, 45.916415527], [-122.116566161, 45.916508015], [-122.116619964, 45.916600503], [-122.116686518, 45.9167257230001], [-122.116732465, 45.916818323], [-122.116749868, 45.9168756760001], [-122.116780105, 45.916968501], [-122.11681034, 45.9170613260001], [-122.116824136, 45.9171297], [-122.116838659, 45.9172227500001], [-122.116857111, 45.9173157450001], [-122.116874837, 45.917384063], [-122.116897216, 45.9174770000001], [-122.116959843, 45.917602276], [-122.117037459, 45.9177026520001], [-122.1171465, 45.9178025780001], [-122.117259712, 45.9179106730001], [-122.117314564, 45.9180388030001], [-122.117361481, 45.9181643040001], [-122.117369358, 45.918298593], [-122.117345806, 45.9184333310001], [-122.117267018, 45.9185606300001], [-122.11718815, 45.918685189], [-122.117142944, 45.9187516650001], [-122.117078902, 45.9188458400001], [-122.116992175, 45.9189705100001], [-122.116936311, 45.9190755390001], [-122.116884055, 45.919169545], [-122.116816968, 45.9192939340001], [-122.116768638, 45.9193878830001], [-122.116716299, 45.9194791470001], [-122.116667969, 45.9195730970001], [-122.11661571, 45.9196671020001], [-122.11656738, 45.9197610520001], [-122.116533957, 45.9198273590001], [-122.116489555, 45.9199212520001], [-122.116471684, 45.9199818500001], [-122.116442995, 45.9200755190001], [-122.116416946, 45.920125264], [-122.116372541, 45.9202191570001], [-122.116342805, 45.9202771820001], [-122.116294474, 45.9203711310001], [-122.116260487, 45.9204182460001], [-122.116192513, 45.920512477], [-122.116097684, 45.9206290340001], [-122.116034041, 45.9207369160001], [-122.116018102, 45.9208633160001], [-122.116013706, 45.9209813240001], [-122.116024702, 45.9210881380001], [-122.116074822, 45.921188908], [-122.116152682, 45.9212975090001], [-122.116205282, 45.9213488720001], [-122.116294445, 45.9214408550001], [-122.116396199, 45.9215600860001], [-122.116489535, 45.921660237], [-122.116543182, 45.921747242], [-122.116600918, 45.9218396740001], [-122.116667881, 45.9219786030001], [-122.116713752, 45.922068461], [-122.116759704, 45.922161062], [-122.116801727, 45.922253719], [-122.116847679, 45.922346319], [-122.116881846, 45.922439088], [-122.116916013, 45.9225318570001], [-122.116950179, 45.9226246260001], [-122.116964059, 45.922695742], [-122.116978583, 45.9227887930001], [-122.116978038, 45.9229040010001], [-122.116963773, 45.922953577], [-122.116935083, 45.9230472450001], [-122.11689501, 45.923154792], [-122.116857174, 45.923204705], [-122.116789198, 45.923298935], [-122.11668258, 45.923415661], [-122.116641056, 45.9234738550001], [-122.11657308, 45.9235680850001], [-122.116442807, 45.923682408], [-122.116331615, 45.9237772560001], [-122.11622435, 45.9238720480001], [-122.116190925, 45.9239383550001], [-122.116138581, 45.9240296180001], [-122.116090246, 45.924123568], [-122.116037982, 45.9242175730001], [-122.115989646, 45.924311522], [-122.115965768, 45.924435293], [-122.115967539, 45.9244956100001], [-122.115966347, 45.924588886], [-122.115985765, 45.924714781], [-122.116000288, 45.9248078310001], [-122.116014811, 45.924900881], [-122.116029334, 45.9249939310001], [-122.116028867, 45.9251118820001], [-122.116092049, 45.9251219500001], [-122.116170623, 45.9251208260001], [-122.116350942, 45.9251045330001], [-122.116440819, 45.9250867900001], [-122.116573753, 45.925062945], [-122.116721272, 45.925000492], [-122.116841773, 45.9249548820001], [-122.116934049, 45.9248849890001], [-122.117036499, 45.9247600940001], [-122.117108808, 45.924679516], [-122.117188573, 45.924585117], [-122.117272264, 45.9244906600001], [-122.117337038, 45.924421162], [-122.117420729, 45.924326706], [-122.117508349, 45.9242321940001], [-122.117642145, 45.9241041070001], [-122.117737621, 45.924009481], [-122.117914391, 45.9238725500001], [-122.118033438, 45.9237775880001], [-122.118191932, 45.9236875460001], [-122.118335275, 45.9236169220001], [-122.118442456, 45.9235193850001], [-122.118514197, 45.9234196140001], [-122.118551548, 45.92335325], [-122.118607735, 45.923259188], [-122.118687414, 45.9231620460001], [-122.118802932, 45.9230808470001], [-122.118922138, 45.9229913670001], [-122.119078072, 45.9229479900001], [-122.119261504, 45.922904219], [-122.119363647, 45.9229027550001], [-122.119497137, 45.9228980990001], [-122.119575466, 45.922888748], [-122.119708635, 45.9228731250001], [-122.119880523, 45.9228377470001], [-122.119989232, 45.9227923020001], [-122.120141235, 45.9227489800001], [-122.120311266, 45.9226505410001], [-122.120393121, 45.922627424], [-122.120525642, 45.9225898660001], [-122.120689671, 45.9225545990001], [-122.120870545, 45.9225574910001], [-122.121020154, 45.9225663170001], [-122.121178749, 45.9226134130001], [-122.121261814, 45.9226314220001], [-122.121396274, 45.922659665], [-122.121546445, 45.9226876820001], [-122.12173518, 45.9226904590001], [-122.121915488, 45.9226741570001], [-122.121981951, 45.9226622320001], [-122.122114874, 45.9226383810001], [-122.12221244, 45.9226150360001], [-122.122336781, 45.922566622], [-122.122468817, 45.922512612], [-122.122662251, 45.922408348], [-122.122763908, 45.9223904310001], [-122.12289683, 45.922366579], [-122.12308532, 45.9223611290001], [-122.123218971, 45.9223619520001], [-122.123395673, 45.922356671], [-122.123529243, 45.922354752], [-122.123662733, 45.9223500910001], [-122.123803108, 45.9223124170001], [-122.123935706, 45.9222775970001], [-122.124083453, 45.922223359], [-122.124215649, 45.9221748300001], [-122.124305681, 45.9221625650001], [-122.124438844, 45.922146936], [-122.124572009, 45.922131306], [-122.124760577, 45.9221285950001], [-122.124894148, 45.9221266750001], [-122.125008803, 45.9221497130001], [-122.12514318, 45.922175209], [-122.125199637, 45.922223769], [-122.12530453, 45.9223155180001], [-122.125385611, 45.922399382], [-122.125474792, 45.9224913570001], [-122.125535097, 45.922537118], [-122.125655706, 45.9226286420001], [-122.1257913, 45.922695263], [-122.125848487, 45.922768498], [-122.125921954, 45.9228606990001], [-122.12599534, 45.922950158], [-122.126068808, 45.9230423600001], [-122.126142277, 45.923134561], [-122.126215746, 45.9232267610001], [-122.126252724, 45.9232810870001], [-122.126334537, 45.923389625], [-122.126404077, 45.9234818830001], [-122.126548991, 45.923597741], [-122.126661746, 45.923689376], [-122.126753481, 45.9237346840001], [-122.126889082, 45.9238013040001], [-122.127008237, 45.9238434750001], [-122.127143269, 45.923890903], [-122.127227392, 45.92394455], [-122.127363477, 45.9240276200001], [-122.127432698, 45.924108909], [-122.1274681, 45.924242801], [-122.127494427, 45.9243356790001], [-122.127520028, 45.9244038840001], [-122.127554213, 45.924496649], [-122.127588399, 45.9245894150001], [-122.12764567, 45.9246653910001], [-122.127715215, 45.924757647], [-122.127784759, 45.924849904], [-122.127881967, 45.9249472480001], [-122.127975085, 45.9250391640001], [-122.128068202, 45.9251310810001], [-122.128204294, 45.9252141490001], [-122.128340303, 45.9252944770001], [-122.128476395, 45.925377546], [-122.128671743, 45.9254707310001], [-122.128807268, 45.925534607], [-122.128970293, 45.925598087], [-122.129105413, 45.9256482540001], [-122.129240533, 45.925698421], [-122.129410931, 45.9257453370001], [-122.129545726, 45.925784536], [-122.129680441, 45.925820994], [-122.129815154, 45.9258574520001], [-122.129969432, 45.9258908840001], [-122.130103905, 45.925919116], [-122.130238457, 45.9259500900001], [-122.130372929, 45.925978322], [-122.130464346, 45.92601266], [-122.130599387, 45.926060084], [-122.130683516, 45.9261137290001], [-122.130819614, 45.9261967940001], [-122.130927803, 45.9262665480001], [-122.131063982, 45.9263523550001], [-122.131163258, 45.9263865790001], [-122.1312983, 45.9264340020001], [-122.131456186, 45.926456409], [-122.131590333, 45.926473673], [-122.13170836, 45.9264774540001], [-122.131842184, 45.926483751], [-122.131983783, 45.9264871920001], [-122.132117608, 45.9264934880001], [-122.132251349, 45.9264970420001], [-122.132405223, 45.9265167630001], [-122.132539371, 45.9265340260001], [-122.132642334, 45.9265599670001], [-122.132776972, 45.9265936800001], [-122.132911609, 45.9266273920001], [-122.133033565, 45.9266311150001], [-122.133167388, 45.9266374100001], [-122.13323827, 45.9266418720001], [-122.133372095, 45.9266481660001], [-122.133485705, 45.926635553], [-122.133618959, 45.9266226550001], [-122.133784702, 45.9266449450001], [-122.133918851, 45.9266622060001], [-122.134071995, 45.9266572490001], [-122.134205575, 45.926655317], [-122.134271794, 45.9266351590001], [-122.134404151, 45.926592102], [-122.134469721, 45.92655001], [-122.134600939, 45.9264685680001], [-122.13469631, 45.926371187], [-122.134755425, 45.9262441600001], [-122.134795872, 45.9261503160001], [-122.13484033, 45.926059158], [-122.134884706, 45.925965257], [-122.134925153, 45.925871414], [-122.134969529, 45.9257775140001], [-122.135087979, 45.9256633410001], [-122.135189395, 45.9256371880001], [-122.135315931, 45.925662786], [-122.13541299, 45.92575464], [-122.135454152, 45.92581713], [-122.135511924, 45.9259095520001], [-122.135572892, 45.925977242], [-122.135658167, 45.9260692670001], [-122.135739512, 45.9261613480001], [-122.135864891, 45.9262802200001], [-122.135961954, 45.926372073], [-122.136099037, 45.926488034], [-122.136203957, 45.9265797730001], [-122.13626452, 45.9266337540001], [-122.13636944, 45.926725493], [-122.136470432, 45.926817289], [-122.136579447, 45.926914454], [-122.136684369, 45.9270061940001], [-122.136754174, 45.9271066700001], [-122.136788214, 45.9271939490001], [-122.136826346, 45.927286655], [-122.136864886, 45.9273930700001], [-122.136895162, 45.9274858900001], [-122.1369644, 45.927567174], [-122.137083489, 45.9276065920001], [-122.137218376, 45.9276485250001], [-122.13728926, 45.927652983], [-122.137423087, 45.9276592730001], [-122.137548648, 45.9276519680001], [-122.137682067, 45.927644549], [-122.137877368, 45.9276033180001], [-122.138010135, 45.9275739650001], [-122.138114746, 45.927523077], [-122.13824645, 45.9274580810001], [-122.138366042, 45.92738229], [-122.138497174, 45.9272981010001], [-122.138646401, 45.927161536], [-122.138749702, 45.9270667800001], [-122.138802911, 45.9270056650001], [-122.138882641, 45.92691125], [-122.13896237, 45.9268168350001], [-122.139053641, 45.926714024], [-122.139137298, 45.9266195530001], [-122.139232825, 45.9265276520001], [-122.139332197, 45.926432952], [-122.139397843, 45.9263935980001], [-122.139529217, 45.926317635], [-122.139697746, 45.9263014750001], [-122.139867583, 45.9263291820001], [-122.139943456, 45.926369225], [-122.140079159, 45.9264385720001], [-122.140143898, 45.926500719], [-122.140237039, 45.9265926250001], [-122.140314056, 45.926671051], [-122.140399339, 45.926763071], [-122.140488553, 45.9268550350001], [-122.140589961, 45.9269605360001], [-122.140675245, 45.9270525570001], [-122.140764459, 45.9271445200001], [-122.140849662, 45.927233798], [-122.140934947, 45.927325819], [-122.14103955, 45.9274065870001], [-122.141156268, 45.9274981500001], [-122.141248103, 45.9275461890001], [-122.141383893, 45.927618275], [-122.141539245, 45.9276873330001], [-122.141674626, 45.9277457110001], [-122.141863868, 45.927764906], [-122.141997532, 45.9277657060001], [-122.142161891, 45.927741375], [-122.142328542, 45.927662152], [-122.142521877, 45.9275551120001], [-122.142710546, 45.9274234540001], [-122.142841426, 45.9273310360001], [-122.142975989, 45.927230335], [-122.14309893, 45.927135289], [-122.143148614, 45.9270879380001], [-122.14324798, 45.9269932340001], [-122.143403905, 45.9269498240001], [-122.143522671, 45.926978268], [-122.14369726, 45.92703333], [-122.143805795, 45.9271140380001], [-122.143843038, 45.9271765830001], [-122.143892968, 45.927269116], [-122.143914496, 45.9273318890001], [-122.143944701, 45.9274219660001], [-122.143974987, 45.927514783], [-122.144005274, 45.927607601], [-122.144035561, 45.9277004190001], [-122.144062164, 45.9278015200001], [-122.144088522, 45.9278943950001], [-122.144110952, 45.927987327], [-122.14413731, 45.928080202], [-122.144163095, 45.928153885], [-122.144197311, 45.928246646], [-122.144227598, 45.928339464], [-122.144261815, 45.9284322250001], [-122.144315758, 45.928527441], [-122.144369621, 45.928619917], [-122.144419553, 45.928712449], [-122.144472432, 45.9287720230001], [-122.144549868, 45.928864155], [-122.144631233, 45.9289562290001], [-122.144708669, 45.9290483600001], [-122.144813772, 45.9291455760001], [-122.144914783, 45.9292373640001], [-122.144995002, 45.9292910550001], [-122.145127446, 45.9293823850001], [-122.14525989, 45.9294737160001], [-122.145435635, 45.929567159], [-122.145571435, 45.92963924], [-122.145670972, 45.9296816770001], [-122.145802435, 45.929740107], [-122.145937743, 45.9297957370001], [-122.146073134, 45.9298541090001], [-122.146208525, 45.929912481], [-122.146351284, 45.929954288], [-122.146486102, 45.9299934680001], [-122.14662092, 45.9300326470001], [-122.146740021, 45.930072055], [-122.146874922, 45.930113976], [-122.147009905, 45.9301586380001], [-122.147144806, 45.9302005580001], [-122.147220197, 45.9302241460001], [-122.14735518, 45.9302688080001], [-122.147490081, 45.9303107280001], [-122.147592811, 45.93032843], [-122.147727221, 45.9303539000001], [-122.147861548, 45.930376628], [-122.148055304, 45.930414947], [-122.148189713, 45.9304404160001], [-122.148260765, 45.930450351], [-122.148395012, 45.930470336], [-122.148529175, 45.93048758], [-122.148702629, 45.9305042500001], [-122.14883671, 45.9305187510001], [-122.149010001, 45.9305299370001], [-122.149143919, 45.930538955], [-122.149261873, 45.9305399770001], [-122.149395544, 45.9305407690001], [-122.149529214, 45.930541561], [-122.149670416, 45.9305312710001], [-122.14980384, 45.9305238380001], [-122.149928584, 45.9304891020001], [-122.150016899, 45.930419241], [-122.150081472, 45.9303442390001], [-122.150165116, 45.930249759], [-122.150323331, 45.9301514470001], [-122.150432851, 45.930133391], [-122.150542042, 45.9301043670001], [-122.150674726, 45.9300722570001], [-122.150811665, 45.9300510570001], [-122.150944678, 45.930029914], [-122.151061644, 45.9299980330001], [-122.151194162, 45.9299604400001], [-122.151344515, 45.9298622410001], [-122.151398124, 45.9298148280001], [-122.151509268, 45.929719945], [-122.15160486, 45.9296307760001], [-122.151775103, 45.929540515], [-122.151864647, 45.9295117770001], [-122.151997081, 45.929471441], [-122.152101847, 45.9294260230001], [-122.15223387, 45.9293719770001], [-122.152363998, 45.929254873], [-122.152467283, 45.9291601040001], [-122.152593974, 45.929059507], [-122.152726325, 45.9290164280001], [-122.152798693, 45.9290702280001], [-122.152900293, 45.9291812010001], [-122.152978979, 45.929314452], [-122.153032855, 45.929406924], [-122.15307184, 45.929527041], [-122.153106072, 45.9296197990001], [-122.153136376, 45.929712614], [-122.153171843, 45.9298464990001], [-122.15319429, 45.9299394290001], [-122.153204288, 45.9300105980001], [-122.153218876, 45.9301036430001], [-122.153233463, 45.9301966890001], [-122.153248051, 45.930289735], [-122.15326231, 45.9303718130001], [-122.153276814, 45.930462117], [-122.153291403, 45.9305551620001], [-122.153309918, 45.9306481500001], [-122.153324506, 45.930741196], [-122.153342695, 45.9308232170001], [-122.153361212, 45.930916204], [-122.153383656, 45.9310091350001], [-122.153402173, 45.931102122], [-122.153448853, 45.931216642], [-122.153483089, 45.9313094], [-122.153521171, 45.9313993590001], [-122.153559332, 45.931492059], [-122.153578691, 45.9315445070001], [-122.153593567, 45.931584817], [-122.15363173, 45.9316775180001], [-122.153696986, 45.9317561070001], [-122.153770512, 45.9318482900001], [-122.153844039, 45.9319404730001], [-122.153960539, 45.932023798], [-122.154124191, 45.9321064330001], [-122.154259102, 45.932148345], [-122.154393932, 45.9321875160001], [-122.154500843, 45.9322133800001], [-122.154635507, 45.9322470660001], [-122.154770173, 45.9322807520001], [-122.154944293, 45.932319346], [-122.155078793, 45.932347549], [-122.155233305, 45.932388523], [-122.155265033, 45.9323969370001], [-122.155399698, 45.932430622], [-122.155534447, 45.9324670490001], [-122.155728133, 45.9325026130001], [-122.155862468, 45.9325253310001], [-122.155996887, 45.932550791], [-122.156075635, 45.932555123], [-122.156209559, 45.932564132], [-122.156343401, 45.932570399], [-122.156508428, 45.932567981], [-122.156642022, 45.932566023], [-122.156712253, 45.9325485360001], [-122.156844855, 45.932513677], [-122.156996277, 45.9324511130001], [-122.157083594, 45.932348346], [-122.157159373, 45.932253976], [-122.15723023, 45.932126763], [-122.15728243, 45.9320327390001], [-122.157334631, 45.9319387140001], [-122.157364249, 45.931877936], [-122.15741252, 45.931783969], [-122.157460792, 45.931690003], [-122.157482716, 45.9316348230001], [-122.157523126, 45.9315409710001], [-122.157563541, 45.93144712], [-122.157626454, 45.93131728], [-122.157674725, 45.931223313], [-122.157741816, 45.9311016410001], [-122.157790087, 45.9310076740001], [-122.15789295, 45.930899192], [-122.157959083, 45.9308762790001], [-122.158091353, 45.9308304520001], [-122.158177048, 45.9308045080001], [-122.158309562, 45.930766906], [-122.158407047, 45.9307407900001], [-122.158539644, 45.9307059290001], [-122.158732709, 45.930590636], [-122.158921846, 45.9304754010001], [-122.159006633, 45.9304192980001], [-122.159137659, 45.9303323450001], [-122.159209996, 45.9302544810001], [-122.159297553, 45.930159937], [-122.15938511, 45.9300653920001], [-122.159488137, 45.929962392], [-122.159583551, 45.929867732], [-122.159629294, 45.9298204310001], [-122.15971685, 45.929725886], [-122.159875871, 45.929654978], [-122.160032617, 45.9296389610001], [-122.160150489, 45.92963723], [-122.160237671, 45.9296606350001], [-122.160372331, 45.9296943150001], [-122.160439953, 45.929720751], [-122.160575276, 45.9297763640001], [-122.160714365, 45.9298264350001], [-122.160849523, 45.929876564], [-122.161031251, 45.929906809], [-122.161172944, 45.9299129550001], [-122.161306697, 45.929916475], [-122.161447811, 45.929903429], [-122.161581149, 45.9298932400001], [-122.161741411, 45.929863454], [-122.161874253, 45.929836815], [-122.162007177, 45.929812917], [-122.162132409, 45.9297946180001], [-122.162265415, 45.929773461], [-122.162398505, 45.929755046], [-122.162535107, 45.929722865], [-122.162667868, 45.9296934830001], [-122.162832969, 45.929693797], [-122.162987442, 45.9297326670001], [-122.163074626, 45.929756071], [-122.163209456, 45.9297952300001], [-122.163327292, 45.929922413], [-122.163357861, 45.9300234510001], [-122.163336525, 45.930097824], [-122.163311838, 45.930191446], [-122.163272594, 45.930323683], [-122.163247908, 45.930417306], [-122.163219627, 45.930521953], [-122.16319494, 45.930615575], [-122.163185723, 45.9307007410001], [-122.163176751, 45.9307941320001], [-122.163190113, 45.9308460510001], [-122.163216503, 45.9309389210001], [-122.163254519, 45.9310261350001], [-122.163296628, 45.931118774], [-122.163350192, 45.931200274], [-122.163411947, 45.931292624], [-122.163509229, 45.9313899370001], [-122.163602418, 45.9314818240001], [-122.16369552, 45.9315709700001], [-122.16378871, 45.931662857], [-122.163885746, 45.931751945], [-122.163986794, 45.9318437160001], [-122.164084658, 45.9319602210001], [-122.164158202, 45.9320523970001], [-122.164196881, 45.9321615440001], [-122.164207724, 45.932260129], [-122.164181712, 45.9323098850001], [-122.164133452, 45.932403854], [-122.164042882, 45.932528619], [-122.163947719, 45.932631508], [-122.163860165, 45.932726056], [-122.163826791, 45.9327923770001], [-122.163782459, 45.9328862890001], [-122.163796899, 45.9329738490001], [-122.163811506, 45.933066893], [-122.163829046, 45.9331269790001], [-122.163859369, 45.933219792], [-122.163912356, 45.9332820990001], [-122.163993762, 45.93337416], [-122.164062465, 45.933436235], [-122.164159587, 45.933528064], [-122.164252199, 45.9336007590001], [-122.164368969, 45.933692299], [-122.164473867, 45.9337812700001], [-122.164582778, 45.933872926], [-122.164664678, 45.9339814360001], [-122.164734299, 45.93407367], [-122.164793457, 45.934209944], [-122.164807816, 45.934294763], [-122.164826352, 45.9343877490001], [-122.164818381, 45.9345140400001], [-122.164808169, 45.9345663060001], [-122.164795272, 45.934659755], [-122.164799253, 45.9347913570001], [-122.164802072, 45.9348845740001], [-122.164828802, 45.9349884110001], [-122.164851269, 45.9350813390001], [-122.164901159, 45.9351711210001], [-122.164951132, 45.935263644], [-122.165024599, 45.935353078], [-122.165102078, 45.9354451950001], [-122.165219018, 45.9355422180001], [-122.165327935, 45.935633872], [-122.165484418, 45.93573854], [-122.165620758, 45.935827047], [-122.165800321, 45.935914917], [-122.165935997, 45.9359814910001], [-122.166074857, 45.9360233310001], [-122.166209785, 45.9360652280001], [-122.166304759, 45.9360857720001], [-122.166439189, 45.9361112190001], [-122.166573706, 45.936139408], [-122.166680379, 45.9361570350001], [-122.166814648, 45.9361769990001], [-122.166948914, 45.9361969620001], [-122.167075321, 45.9362170410001], [-122.167209671, 45.9362397460001], [-122.167344021, 45.9362624500001], [-122.167419179, 45.936277799], [-122.167553529, 45.936300503], [-122.167687961, 45.936325949], [-122.167782769, 45.9363410080001], [-122.167917117, 45.9363637120001], [-122.168051384, 45.9363836740001], [-122.168161411, 45.9363820500001], [-122.168294928, 45.9363773360001], [-122.168380962, 45.9363623520001], [-122.168513982, 45.936341188], [-122.168595671, 45.9363125530001], [-122.168728026, 45.9362694550001], [-122.16886038, 45.9362263570001], [-122.168988805, 45.936183317], [-122.169121076, 45.936137478], [-122.169253431, 45.9360943790001], [-122.169362957, 45.936076304], [-122.169495892, 45.9360523980001], [-122.169566704, 45.936054095], [-122.16970039, 45.936054863], [-122.169827798, 45.936107839], [-122.169904371, 45.9361697950001], [-122.170013295, 45.9362614450001], [-122.170126149, 45.9363530370001], [-122.170199043, 45.936423275], [-122.170292168, 45.936512416], [-122.170385377, 45.936604297], [-122.170482514, 45.9366961210001], [-122.170575723, 45.9367880030001], [-122.170640425, 45.9368473910001], [-122.170733635, 45.9369392720001], [-122.170830773, 45.9370310960001], [-122.170927829, 45.9371201770001], [-122.171024969, 45.937212001], [-122.17112211, 45.937303824], [-122.17121925, 45.9373956470001], [-122.171340217, 45.937495346], [-122.171449146, 45.9375869950001], [-122.171558076, 45.937678643], [-122.171667008, 45.937770292], [-122.171822842, 45.9378530170001], [-122.171939443, 45.937914855], [-122.172058736, 45.937950734], [-122.172129169, 45.9379719180001], [-122.172138115, 45.937972442], [-122.172249719, 45.9380025900001], [-122.172385975, 45.9379869460001], [-122.172428485, 45.937989433], [-122.172429824, 45.937974108], [-122.172514598, 45.937921869], [-122.172571125, 45.9378414880001], [-122.172612183, 45.9377695650001], [-122.172580843, 45.937643854], [-122.172564756, 45.9376026890001], [-122.17254674, 45.937556585], [-122.17250854, 45.937463891], [-122.172481381, 45.937383794], [-122.172469674, 45.937349264], [-122.172469496, 45.9373487170001], [-122.172439334, 45.937256453], [-122.172400719, 45.9371500500001], [-122.172366449, 45.9370572980001], [-122.172334943, 45.9369261040001], [-122.172312461, 45.936833178], [-122.172321085, 45.9367288190001], [-122.17233004, 45.9366354270001], [-122.172345521, 45.936498052], [-122.172370195, 45.9364044280001], [-122.172390938, 45.936310862], [-122.172439438, 45.936225113], [-122.172491617, 45.936131082], [-122.172574481, 45.936011911], [-122.172642085, 45.9359180540001], [-122.172642378, 45.9359176470001], [-122.172729088, 45.9357956750001], [-122.172793054, 45.935701469], [-122.172872049, 45.93560846], [-122.173077906, 45.935307553], [-122.173106026, 45.935263455], [-122.173161799, 45.935158399], [-122.173210046, 45.9350644250001], [-122.173246255, 45.9349624010001], [-122.173282714, 45.9348686020001], [-122.173280297, 45.9347890930001], [-122.173281392, 45.9346958180001], [-122.173234084, 45.9345621150001], [-122.173179418, 45.934444978], [-122.173069408, 45.9343176900001], [-122.172987988, 45.9342256360001], [-122.172898626, 45.934130956], [-122.172809346, 45.9340390190001], [-122.172725353, 45.933948484], [-122.172723997, 45.933947022], [-122.172715142, 45.9339383490001], [-122.172594343, 45.9338200230001], [-122.172501136, 45.933728144], [-122.17240793, 45.933636264], [-122.172337049, 45.933502909], [-122.172345254, 45.9333848420001], [-122.172378201, 45.93330481], [-122.17246942, 45.9332019720001], [-122.172549101, 45.9331075330001], [-122.172698758, 45.9329873730001], [-122.17281773, 45.9328923530001], [-122.172902424, 45.932833499], [-122.173033349, 45.932743788], [-122.173164275, 45.9326540750001], [-122.173286675, 45.932542547], [-122.173389928, 45.9324477590001], [-122.173468522, 45.9323176780001], [-122.173524627, 45.9322235880001], [-122.173548295, 45.9320970630001], [-122.173542532, 45.9320368040001], [-122.173531839, 45.9319437030001], [-122.173822285, 45.931810555], [-122.174311346, 45.9314596950001], [-122.174585273, 45.9319018510001], [-122.174988317, 45.9323297350001], [-122.175190804, 45.9327595500001], [-122.17543318, 45.9329582080001], [-122.175625183, 45.9331155770001], [-122.175991645, 45.9336001080001], [-122.176286203, 45.934030826], [-122.176469787, 45.9345145080001], [-122.176413574, 45.935031241], [-122.176285584, 45.9352790660001], [-122.176301181, 45.935294437], [-122.176219169, 45.935799918], [-122.176159609, 45.9362496460001], [-122.17615078, 45.9367369130001], [-122.176126684, 45.936768536], [-122.175842183, 45.937141909], [-122.175699209, 45.9373218790001], [-122.176087089, 45.9376453200001], [-122.176476255, 45.938022086], [-122.176966027, 45.9383715870001], [-122.177677201, 45.9384494390001], [-122.178107579, 45.938904074], [-122.178733838, 45.939021129], [-122.17946775, 45.939017291], [-122.180166214, 45.9390432070001], [-122.180626446, 45.9393823950001], [-122.181016136, 45.9398076690001], [-122.181467463, 45.94015216], [-122.181879882, 45.9405612780001], [-122.182255666, 45.940969824], [-122.182627499, 45.9413683810001], [-122.182936655, 45.9418181770001], [-122.183136489, 45.942251996], [-122.183070722, 45.942732146], [-122.183050922, 45.9428625940001], [-122.183043034, 45.9428663], [-122.184383115, 45.9429761260001], [-122.185353874, 45.943055674], [-122.18787756, 45.943069608], [-122.189499813, 45.944290306], [-122.189765766, 45.945436511], [-122.188730652, 45.9465178130001], [-122.189137782, 45.9467275120001], [-122.189812744, 45.9468721210001], [-122.190524824, 45.9469147820001], [-122.191213808, 45.946810064], [-122.191749256, 45.9471005980001], [-122.191683091, 45.9475783940001], [-122.191704713, 45.94793242], [-122.191728519, 45.9479335990001], [-122.19225886, 45.9482448100001], [-122.19208809, 45.948558226], [-122.192098293, 45.948571648], [-122.191726244, 45.948971973], [-122.191467246, 45.9488902570001], [-122.190924287, 45.9491745650001], [-122.190870457, 45.949675665], [-122.190778231, 45.9501325510001], [-122.190707661, 45.9502127740001], [-122.190864309, 45.9506018210001], [-122.191177354, 45.951190592], [-122.19183423, 45.9511745830001], [-122.192281851, 45.9515226010001], [-122.192635471, 45.9519110190001], [-122.192828024, 45.95242921], [-122.192949035, 45.9529378340001], [-122.193025737, 45.9533969], [-122.193040039, 45.953895335], [-122.193163991, 45.954387072], [-122.193378848, 45.9548221320001], [-122.19364277, 45.9554479600001], [-122.193904678, 45.9559389070001], [-122.193979069, 45.9564194810001], [-122.193308012, 45.956592216], [-122.192555549, 45.956712742], [-122.192543605, 45.9567093840001], [-122.192875926, 45.9569934740001], [-122.192248623, 45.957159012], [-122.191936877, 45.9567585770001], [-122.191844895, 45.956659389], [-122.191799447, 45.956663436], [-122.191476196, 45.9567775300001], [-122.191055264, 45.956953034], [-122.190794821, 45.9570616230001], [-122.190274783, 45.9573925220001], [-122.189835891, 45.9576216950001], [-122.189823799, 45.9576331760001], [-122.189810184, 45.957635118], [-122.189660591, 45.957713229], [-122.18975171, 45.9582058130001], [-122.190307725, 45.9585168070001], [-122.190333554, 45.9585128570001], [-122.191095132, 45.958483905], [-122.191777294, 45.9583711510001], [-122.192069799, 45.958453542], [-122.192081714, 45.9584605090001], [-122.192242539, 45.9583718380001], [-122.192873886, 45.9581581420001], [-122.193575665, 45.9580738820001], [-122.193933974, 45.95769957], [-122.19427974, 45.95732622], [-122.194278811, 45.9573060270001], [-122.194646954, 45.956986623], [-122.195289749, 45.9568682390001], [-122.195861108, 45.956958435], [-122.195864263, 45.9569647480001], [-122.196271557, 45.9569370090001], [-122.196795036, 45.957202153], [-122.197349733, 45.957540615], [-122.197821786, 45.9572134750001], [-122.19821424, 45.9568315450001], [-122.198347355, 45.9567178520001], [-122.198350855, 45.956459298], [-122.198507895, 45.955924173], [-122.199082171, 45.955531636], [-122.199478603, 45.955145336], [-122.199700429, 45.954685731], [-122.199715212, 45.95466693], [-122.199717855, 45.9543821870001], [-122.199697612, 45.9538578300001], [-122.199699155, 45.9537249570001], [-122.199684855, 45.95370231], [-122.199654799, 45.953641514], [-122.199643725, 45.9536429020001], [-122.199078668, 45.9536660250001], [-122.199065591, 45.9531823350001], [-122.199368499, 45.9511974580001], [-122.200025658, 45.951078968], [-122.200461549, 45.951083295], [-122.200478681, 45.951085586], [-122.20060233, 45.9509331030001], [-122.200933032, 45.9504619300001], [-122.201533933, 45.9502271960001], [-122.202139372, 45.950425183], [-122.202589396, 45.9508077630001], [-122.202921263, 45.951295724], [-122.203254832, 45.951734786], [-122.203640774, 45.9521939110001], [-122.203522778, 45.9526383800001], [-122.203394644, 45.9531092220001], [-122.203383472, 45.953648709], [-122.203536509, 45.9542055810001], [-122.204053267, 45.954667924], [-122.204407226, 45.955125949], [-122.204367144, 45.9555844160001], [-122.204270076, 45.9560336710001], [-122.203963995, 45.9564601880001], [-122.203635, 45.9568596550001], [-122.203031787, 45.9570613650001], [-122.202541167, 45.9569802120001], [-122.202466575, 45.9570985280001], [-122.201859969, 45.9572933970001], [-122.20056203, 45.9569924630001], [-122.199924402, 45.9576113210001], [-122.199925781, 45.957809587], [-122.199867912, 45.958269838], [-122.199625645, 45.9587385390001], [-122.199432402, 45.9588657420001], [-122.199590123, 45.9591148110001], [-122.199675526, 45.9595811250001], [-122.199412401, 45.960023962], [-122.198764157, 45.9601744350001], [-122.198126395, 45.9602682980001], [-122.197464496, 45.9602245510001], [-122.196752799, 45.960263022], [-122.195961281, 45.9604592220001], [-122.19524308, 45.960640595], [-122.194331115, 45.9607651050001], [-122.193654644, 45.9608206840001], [-122.192990639, 45.960889513], [-122.192253303, 45.9609053390001], [-122.191487847, 45.9608066340001], [-122.190643425, 45.960622431], [-122.189986988, 45.9607660010001], [-122.189509627, 45.960550514], [-122.18915227, 45.9611380650001], [-122.188900925, 45.9615513040001], [-122.188055581, 45.963007514], [-122.188055411, 45.9630075380001], [-122.188055312, 45.963007707], [-122.18636697, 45.963245811], [-122.186921238, 45.96369737], [-122.187338183, 45.9640880470001], [-122.187704468, 45.964516341], [-122.187286878, 45.964875503], [-122.186688073, 45.965101626], [-122.186165972, 45.965428747], [-122.185644618, 45.9657502750001], [-122.185105423, 45.966052851], [-122.184321966, 45.9662384420001], [-122.183651678, 45.96621413], [-122.182997919, 45.9661071560001], [-122.182600909, 45.9661962070001], [-122.182379143, 45.966245949], [-122.182037962, 45.96631266], [-122.181707037, 45.966705581], [-122.181323276, 45.966980317], [-122.181277639, 45.9672045950001], [-122.181147207, 45.9676611040001], [-122.181159171, 45.9681158080001], [-122.181231813, 45.968574484], [-122.181750699, 45.968863566], [-122.181677254, 45.9693318000001], [-122.181606843, 45.9697960190001], [-122.1814592, 45.970305034], [-122.181148762, 45.9708333140001], [-122.181162896, 45.9708956810001], [-122.181285293, 45.971042894], [-122.18171636, 45.971388871], [-122.181728405, 45.9713985390001], [-122.18173002, 45.9715077910001], [-122.181843983, 45.971554805], [-122.182613303, 45.971362549], [-122.183291486, 45.971364658], [-122.183388762, 45.971884898], [-122.183513096, 45.972335823], [-122.183071982, 45.97266488], [-122.182363524, 45.9727537520001], [-122.18200956, 45.973023395], [-122.182116589, 45.9731615790001], [-122.182445977, 45.973586842], [-122.18253343, 45.9740883280001], [-122.182350706, 45.974401098], [-122.181882995, 45.9748270430001], [-122.181137693, 45.9752152120001], [-122.180599404, 45.9752986290001], [-122.179924361, 45.975233239], [-122.179306828, 45.975083194], [-122.179299109, 45.975079297], [-122.179292329, 45.9750776500001], [-122.179128169, 45.974994806], [-122.178605088, 45.975166889], [-122.178152887, 45.9755641780001], [-122.178358041, 45.976025684], [-122.178070924, 45.9764322440001], [-122.178056688, 45.9764263260001], [-122.178056425, 45.9764267], [-122.177551994, 45.9768954360001], [-122.176994696, 45.9766586110001], [-122.1764353, 45.9764057450001], [-122.175958243, 45.9760973300001], [-122.175507817, 45.9756941310001], [-122.175358457, 45.975252461], [-122.175230149, 45.9747599820001], [-122.175021945, 45.9743217500001], [-122.174987318, 45.974241685], [-122.171515455, 45.9736883520001], [-122.17127013, 45.973525341], [-122.171047918, 45.9738259280001], [-122.17070119, 45.9743006190001], [-122.17059545, 45.9744366560001], [-122.170383799, 45.9747089460001], [-122.17017362, 45.975263263], [-122.170033008, 45.975732957], [-122.169847592, 45.9762315720001], [-122.169716313, 45.9764132350001], [-122.169874272, 45.9766368050001], [-122.169786002, 45.9771348350001], [-122.169224313, 45.9773923280001], [-122.168934801, 45.977438831], [-122.168904614, 45.9774776610001], [-122.168685813, 45.977759104], [-122.168240958, 45.978222997], [-122.168109803, 45.9783503350001], [-122.168542893, 45.9785668690001], [-122.169145364, 45.9788649600001], [-122.16918635, 45.9793226300001], [-122.168952298, 45.9797784150001], [-122.168786734, 45.980236473], [-122.168344583, 45.9806056560001], [-122.167631158, 45.9805236240001], [-122.167525445, 45.980553807], [-122.167526584, 45.9805631190001], [-122.167475217, 45.9807333380001], [-122.167384111, 45.9810352370001], [-122.166927384, 45.981420003], [-122.166894715, 45.9814323270001], [-122.166954773, 45.981628476], [-122.167155638, 45.982085264], [-122.167341672, 45.982517167], [-122.167512336, 45.9829852070001], [-122.167894949, 45.9833570710001], [-122.168410673, 45.983653659], [-122.169064764, 45.983835889], [-122.169566607, 45.9841443450001], [-122.170090222, 45.9844524640001], [-122.169893742, 45.9848976260001], [-122.170049501, 45.9853538340001], [-122.170128786, 45.985831326], [-122.169773043, 45.9862168010001], [-122.169634519, 45.986667407], [-122.16956426, 45.987141911], [-122.169105341, 45.987495176], [-122.168640422, 45.9878093780001], [-122.168365279, 45.988134046], [-122.168358944, 45.9881827450001], [-122.167954841, 45.9885746190001], [-122.16741265, 45.98884524], [-122.166756759, 45.9890757690001], [-122.166105853, 45.9889283620001], [-122.165570074, 45.9886602070001], [-122.16505849, 45.988367216], [-122.164356099, 45.9880565460001], [-122.163936849, 45.987823098], [-122.163915611, 45.9878112710001], [-122.163817942, 45.987756887], [-122.163791692, 45.9877510330001], [-122.163785984, 45.9877497590001], [-122.163104032, 45.987597662], [-122.162523163, 45.987378049], [-122.162782252, 45.9869346940001], [-122.162741004, 45.986807787], [-122.162486463, 45.9865269320001], [-122.162206161, 45.9861096540001], [-122.162293058, 45.985919376], [-122.161973815, 45.9857235010001], [-122.161253451, 45.985433114], [-122.160900687, 45.985017192], [-122.161025066, 45.9846016020001], [-122.160589718, 45.9843841270001], [-122.160634237, 45.9839150830001], [-122.161225305, 45.9837067830001], [-122.161841082, 45.9835082020001], [-122.162121893, 45.9834335520001], [-122.162250736, 45.9833018030001], [-122.161853237, 45.982889555], [-122.161140399, 45.9827161740001], [-122.160586925, 45.9830586040001], [-122.159890783, 45.9832104710001], [-122.159215518, 45.983359981], [-122.158580846, 45.983736154], [-122.158285867, 45.983872466], [-122.158214827, 45.9840884280001], [-122.15784338, 45.9845134010001], [-122.15766982, 45.984473682], [-122.15764783, 45.9846249560001], [-122.157458684, 45.985068036], [-122.156996128, 45.9855406070001], [-122.156521127, 45.985794807], [-122.156699918, 45.9862027130001], [-122.156359265, 45.9866341370001], [-122.156164065, 45.98711955], [-122.156040562, 45.987605769], [-122.155897972, 45.988046819], [-122.155716613, 45.9884910280001], [-122.155586998, 45.9886072570001], [-122.155561851, 45.988771457], [-122.15502301, 45.9890493980001], [-122.154428922, 45.988757105], [-122.153979075, 45.988381615], [-122.153712782, 45.9880678960001], [-122.153654547, 45.988036171], [-122.153270352, 45.9876481100001], [-122.153126852, 45.987368641], [-122.152923096, 45.9870430180001], [-122.152718344, 45.986626904], [-122.152625399, 45.9865140090001], [-122.152305124, 45.9862158190001], [-122.151774213, 45.985834954], [-122.151576543, 45.9853983290001], [-122.151541055, 45.984878683], [-122.1514527, 45.984427064], [-122.151215328, 45.9839595560001], [-122.150730801, 45.9835683480001], [-122.150048536, 45.983433184], [-122.149327105, 45.9832740410001], [-122.148829105, 45.9829084130001], [-122.148854543, 45.9824384130001], [-122.149030635, 45.9819714130001], [-122.148966519, 45.9814532280001], [-122.148631379, 45.9810276910001], [-122.14793049, 45.981008676], [-122.147248607, 45.9812306060001], [-122.146654673, 45.9814418500001], [-122.146029505, 45.981715394], [-122.145492939, 45.9819862800001], [-122.144950483, 45.9817282810001], [-122.14432402, 45.9815233950001], [-122.143951415, 45.98112395], [-122.143423781, 45.9807068910001], [-122.142847152, 45.9804308610001], [-122.142944894, 45.9799597750001], [-122.142693627, 45.9794876720001], [-122.142641867, 45.9796947140001], [-122.14262775, 45.9796876550001], [-122.142627371, 45.9796891660001], [-122.142320139, 45.97953555], [-122.142320085, 45.979535415], [-122.142319871, 45.979535744], [-122.142168633, 45.979163871], [-122.141603787, 45.979393541], [-122.141046124, 45.9796303370001], [-122.140404163, 45.979678859], [-122.139903839, 45.9799711410001], [-122.139282546, 45.9801028540001], [-122.138637705, 45.9804175190001], [-122.137911479, 45.98049567], [-122.137308264, 45.9806806760001], [-122.136712423, 45.980885212], [-122.136177008, 45.9806008470001], [-122.135746134, 45.9806318130001], [-122.135778653, 45.9810689720001], [-122.135878106, 45.981518006], [-122.135888876, 45.981601197], [-122.135906457, 45.9817369890001], [-122.135939532, 45.9819924560001], [-122.135925127, 45.982090079], [-122.136382798, 45.9822509110001], [-122.136529993, 45.982700977], [-122.136436186, 45.9831801710001], [-122.135783627, 45.983050479], [-122.135558091, 45.982944386], [-122.135064792, 45.9832084860001], [-122.135057846, 45.9831988970001], [-122.134735983, 45.9827546000001], [-122.134357061, 45.982319901], [-122.134000374, 45.981923178], [-122.13367004, 45.9815162260001], [-122.133227857, 45.981124375], [-122.132765517, 45.98074804], [-122.132353803, 45.980358752], [-122.131934539, 45.9799240070001], [-122.131672736, 45.9794917070001], [-122.131354411, 45.9790416600001], [-122.131084371, 45.9786318910001], [-122.130695527, 45.978256034], [-122.13070281, 45.977780001], [-122.130690805, 45.9773054890001], [-122.130661553, 45.9768120100001], [-122.13027436, 45.9764192380001], [-122.130059973, 45.9759675070001], [-122.130052983, 45.9759172180001], [-122.130012696, 45.9758664990001], [-122.128927479, 45.97601645], [-122.127306007, 45.975867448], [-122.126625504, 45.975406767], [-122.125373175, 45.974682871], [-122.124384195, 45.97383775], [-122.124336533, 45.9738090270001], [-122.124336099, 45.9738091200001], [-122.124111881, 45.973835222], [-122.123519083, 45.974101568], [-122.122993464, 45.974398701], [-122.122407826, 45.9746120990001], [-122.122003681, 45.974965615], [-122.121598622, 45.975340853], [-122.121146131, 45.975667195], [-122.120545301, 45.9758333620001], [-122.119944903, 45.976065401], [-122.119491933, 45.9764912430001], [-122.118955459, 45.9767413020001], [-122.118517806, 45.97711365], [-122.117977388, 45.9774313460001], [-122.118256388, 45.97791921], [-122.118477973, 45.978880546], [-122.118815929, 45.9794489280001], [-122.118662314, 45.97992514], [-122.118186102, 45.9798022460001], [-122.117848145, 45.9793567580001], [-122.117416247, 45.97937639], [-122.117416262, 45.9793765690001], [-122.117410976, 45.9795637070001], [-122.117069975, 45.9800072720001], [-122.116921763, 45.9804779880001], [-122.116871361, 45.980963408], [-122.116817787, 45.9810465690001], [-122.117086422, 45.9815382740001], [-122.11694217, 45.98201643], [-122.116910134, 45.9824896430001], [-122.117070596, 45.983005351], [-122.117133988, 45.983539254], [-122.116902392, 45.9840378980001], [-122.116829775, 45.9842063500001], [-122.11675863, 45.9845987570001], [-122.116867696, 45.9850593250001], [-122.116657695, 45.9854134890001], [-122.116661245, 45.9854520420001], [-122.116528419, 45.9859482090001], [-122.11652695, 45.985951556], [-122.116523211, 45.985972174], [-122.116359787, 45.9864350610001], [-122.116297939, 45.986489842], [-122.116165296, 45.98691037], [-122.115962328, 45.9873376420001], [-122.116154862, 45.987819965], [-122.116153179, 45.988319942], [-122.116045092, 45.9886112950001], [-122.116594465, 45.9886819920001], [-122.117658412, 45.9889327400001], [-122.117658642, 45.98893493], [-122.117672904, 45.9889382910001], [-122.117713675, 45.989326412], [-122.116398917, 45.9895293260001], [-122.115754259, 45.9895606650001], [-122.115682795, 45.9897047210001], [-122.1152682, 45.990100582], [-122.114933822, 45.9905068350001], [-122.114826004, 45.9909698180001], [-122.114877289, 45.991454843], [-122.114309303, 45.9917468580001], [-122.113716646, 45.992007743], [-122.113019304, 45.992147582], [-122.112424852, 45.9921512670001], [-122.112357761, 45.9921678150001], [-122.112343322, 45.99216225], [-122.112343268, 45.9921622640001], [-122.112316477, 45.9921519380001], [-122.112275804, 45.9921521900001], [-122.111544722, 45.992130709], [-122.111052775, 45.9920826370001], [-122.110887866, 45.9922404690001], [-122.110585521, 45.9921793070001], [-122.110034862, 45.991977653], [-122.110034329, 45.991977213], [-122.11002037, 45.991972101], [-122.110019837, 45.991971661], [-122.110005878, 45.99196655], [-122.109678628, 45.9916962500001], [-122.10948358, 45.991450254], [-122.109734954, 45.9910538830001], [-122.11018022, 45.990864242], [-122.110683726, 45.9907392380001], [-122.110892824, 45.9904716390001], [-122.110851824, 45.9904125640001], [-122.110415117, 45.990077173], [-122.109818365, 45.9898376150001], [-122.109386307, 45.989541366], [-122.10928608, 45.9895357890001], [-122.10928076, 45.989530748], [-122.109271588, 45.989530238], [-122.108872459, 45.9891520080001], [-122.10897089, 45.9889262610001], [-122.109031275, 45.9885856980001], [-122.108812572, 45.9881374030001], [-122.108826281, 45.98809687], [-122.108821846, 45.988094726], [-122.108838204, 45.9879571380001], [-122.108741748, 45.987878692], [-122.108864121, 45.987739135], [-122.108867065, 45.9877143800001], [-122.108891205, 45.9877082470001], [-122.10910575, 45.987463576], [-122.109108052, 45.987461996], [-122.109330174, 45.9871791890001], [-122.109674698, 45.986733015], [-122.109751516, 45.9861843100001], [-122.110022635, 45.985759725], [-122.110026209, 45.9857431340001], [-122.110018976, 45.985303587], [-122.109573513, 45.9849733250001], [-122.108958153, 45.9848347130001], [-122.10828693, 45.9849112030001], [-122.108121803, 45.984747735], [-122.107565628, 45.9845064370001], [-122.107524901, 45.9843247270001], [-122.107346817, 45.98422735], [-122.106800486, 45.9839235260001], [-122.106643152, 45.9834570420001], [-122.106786272, 45.9829570410001], [-122.107167605, 45.9825790680001], [-122.107233438, 45.9825706980001], [-122.10731455, 45.98240974], [-122.10732717, 45.9824190030001], [-122.107329041, 45.982415292], [-122.107980011, 45.9823476880001], [-122.108637263, 45.9822951460001], [-122.108652708, 45.982230101], [-122.108513282, 45.982134881], [-122.107233237, 45.981845347], [-122.106019666, 45.9810772640001], [-122.105027454, 45.980073373], [-122.10501804, 45.980072955], [-122.104763937, 45.980380779], [-122.10410727, 45.9802897760001], [-122.104102691, 45.980289068], [-122.104105312, 45.980300345], [-122.104118866, 45.9803586360001], [-122.104306276, 45.9808267920001], [-122.104267888, 45.981080127], [-122.104345712, 45.9813780330001], [-122.104345451, 45.9813792620001], [-122.10445351, 45.9814109340001], [-122.104468137, 45.9814152210001], [-122.104406693, 45.9819836020001], [-122.104406437, 45.9819836610001], [-122.104406425, 45.9819837950001], [-122.104073835, 45.9820605470001], [-122.103982574, 45.9821627680001], [-122.103508705, 45.98227079], [-122.103199149, 45.9825886300001], [-122.10264518, 45.9828415440001], [-122.102023794, 45.9830997970001], [-122.101489235, 45.9833816330001], [-122.101061677, 45.9837943000001], [-122.100620118, 45.9841274720001], [-122.100056895, 45.9843690860001], [-122.099678179, 45.9840048040001], [-122.099544367, 45.983553687], [-122.099543471, 45.9835388500001], [-122.09924949, 45.983376386], [-122.099263858, 45.9833708530001], [-122.099258748, 45.9829068380001], [-122.099695382, 45.9827799490001], [-122.099705246, 45.9827673200001], [-122.100146586, 45.9821600830001], [-122.100185883, 45.9821171680001], [-122.099943195, 45.9818569980001], [-122.099476844, 45.9815269310001], [-122.099638419, 45.9810664460001], [-122.099772523, 45.980624123], [-122.099710989, 45.9801338450001], [-122.09962259, 45.9796434140001], [-122.098917805, 45.979564205], [-122.098127944, 45.9799326730001], [-122.097490144, 45.9802123310001], [-122.096774351, 45.9804447930001], [-122.096104087, 45.980632932], [-122.095410846, 45.980820167], [-122.094793374, 45.9809623800001], [-122.094068517, 45.981045529], [-122.093397694, 45.980979002], [-122.093092494, 45.9805812130001], [-122.093553935, 45.980249848], [-122.093307768, 45.9798210930001], [-122.09350265, 45.9795297590001], [-122.093496585, 45.979511616], [-122.093403591, 45.9791806010001], [-122.093053993, 45.978860717], [-122.092919423, 45.9788393850001], [-122.09295254, 45.9783858710001], [-122.092306714, 45.9783608650001], [-122.092226899, 45.9779106990001], [-122.092264819, 45.9774528070001], [-122.091981128, 45.977044092], [-122.09140813, 45.976815663], [-122.091011202, 45.976445036], [-122.090363416, 45.9764345770001], [-122.090361337, 45.976434559], [-122.09018319, 45.9765036000001], [-122.089618081, 45.9767550280001], [-122.08910119, 45.976418396], [-122.088859755, 45.975982833], [-122.088797221, 45.975533365], [-122.088994316, 45.9750719510001], [-122.0888218, 45.9746350780001], [-122.088818404, 45.974150266], [-122.088784259, 45.9738634940001], [-122.088784126, 45.973862454], [-122.087919473, 45.973472498], [-122.087248677, 45.9730930470001], [-122.087248189, 45.973093115], [-122.086475436, 45.973146467], [-122.085863582, 45.972939221], [-122.085147891, 45.9726068140001], [-122.084530917, 45.972346552], [-122.084377125, 45.972108485], [-122.083512408, 45.9717038960001], [-122.082097683, 45.9709436960001], [-122.081895668, 45.970170438], [-122.08157604, 45.970045601], [-122.081522233, 45.970022037], [-122.0807926, 45.9700775910001], [-122.080247468, 45.969776376], [-122.080380361, 45.969322844], [-122.080777728, 45.9689611330001], [-122.080798296, 45.9688514650001], [-122.079632695, 45.9677543120001], [-122.078895711, 45.967553358], [-122.078596786, 45.9671008990001], [-122.078454476, 45.9666078280001], [-122.077678058, 45.9667217890001], [-122.077528575, 45.966999747], [-122.077397705, 45.9674677090001], [-122.077414155, 45.9675872600001], [-122.077452639, 45.967962861], [-122.077035178, 45.968329415], [-122.076887682, 45.968297093], [-122.076772042, 45.968386335], [-122.076250182, 45.968737957], [-122.075905838, 45.9689678080001], [-122.075914189, 45.969355782], [-122.075240927, 45.9694229830001], [-122.074676824, 45.9696981770001], [-122.074008504, 45.9696674030001], [-122.07336562, 45.969519926], [-122.072841952, 45.969168547], [-122.072584201, 45.968994534], [-122.071364854, 45.9687102670001], [-122.071364763, 45.9687099060001], [-122.069806825, 45.9679813550001], [-122.069875069, 45.9673902170001], [-122.069861935, 45.9673730010001], [-122.06963181, 45.967195792], [-122.069451389, 45.967191578], [-122.069482542, 45.96693543], [-122.069467787, 45.9669321380001], [-122.069214647, 45.9668784900001], [-122.069014175, 45.966441398], [-122.069126987, 45.9660001560001], [-122.06912801, 45.965996057], [-122.068960732, 45.96587607], [-122.068437249, 45.965572056], [-122.067910909, 45.9652535450001], [-122.067184459, 45.965044897], [-122.06650202, 45.964935607], [-122.065852003, 45.9650759300001], [-122.06519345, 45.965217674], [-122.064778882, 45.9652123590001], [-122.064439685, 45.9656288620001], [-122.064129535, 45.9659728350001], [-122.064143495, 45.9660382260001], [-122.064256936, 45.966493557], [-122.063960231, 45.9669330040001], [-122.063398753, 45.9671290250001], [-122.06339734, 45.967162483], [-122.063416626, 45.9676805770001], [-122.063429976, 45.968227498], [-122.063400952, 45.9687701060001], [-122.063645224, 45.969226222], [-122.063661944, 45.9697198110001], [-122.063682031, 45.970033621], [-122.063681853, 45.9700357990001], [-122.064094987, 45.9701309800001], [-122.064701797, 45.970327318], [-122.064973843, 45.970781893], [-122.064967614, 45.9707915020001], [-122.065356947, 45.970815821], [-122.066049926, 45.97099282], [-122.065495125, 45.9712441780001], [-122.064832939, 45.971220294], [-122.064695689, 45.97121092], [-122.064692854, 45.9712152930001], [-122.06410246, 45.971008871], [-122.06345586, 45.9707310920001], [-122.062751438, 45.9706253680001], [-122.062194013, 45.9703621300001], [-122.0617155, 45.9700560140001], [-122.061760726, 45.9695897170001], [-122.061591635, 45.9691415990001], [-122.061390987, 45.968682894], [-122.061017302, 45.968229369], [-122.060848121, 45.968161777], [-122.060736555, 45.9682136930001], [-122.059964955, 45.9684939730001], [-122.059287551, 45.9685615400001], [-122.058817346, 45.96870489], [-122.058966406, 45.9687325470001], [-122.059699742, 45.9690062700001], [-122.060235795, 45.969344349], [-122.060966184, 45.9695674770001], [-122.061395689, 45.969993808], [-122.061856789, 45.970418453], [-122.062307342, 45.9708359480001], [-122.061561445, 45.9709404380001], [-122.060895693, 45.9709046990001], [-122.058773342, 45.971388372], [-122.058453353, 45.971807713], [-122.058032827, 45.972288486], [-122.057828419, 45.9727746230001], [-122.057760403, 45.972975944], [-122.058002435, 45.973147157], [-122.05818617, 45.9733532560001], [-122.058760473, 45.973494439], [-122.058418138, 45.973907846], [-122.057832548, 45.974145896], [-122.057366359, 45.9744969400001], [-122.057274657, 45.9749445740001], [-122.056886189, 45.9745823100001], [-122.056783858, 45.974298468], [-122.056614583, 45.9743330220001], [-122.05578685, 45.974231547], [-122.055527775, 45.9745654060001], [-122.0544278, 45.9746259630001], [-122.053620703, 45.9746703960001], [-122.053513109, 45.974653387], [-122.05320991, 45.9750359820001], [-122.05261766, 45.97485262], [-122.052543337, 45.974814495], [-122.052080472, 45.9748688080001], [-122.051416032, 45.9747124740001], [-122.050837543, 45.9744085630001], [-122.050714937, 45.974342274], [-122.050534966, 45.9742449680001], [-122.050533334, 45.974246356], [-122.050279501, 45.9745614560001], [-122.049717417, 45.9749346300001], [-122.049449857, 45.975367895], [-122.048895648, 45.975754512], [-122.048408551, 45.9760500130001], [-122.048082027, 45.9764815520001], [-122.047488083, 45.976769792], [-122.046820885, 45.9767704550001], [-122.046636192, 45.9766645010001], [-122.046491118, 45.9767131070001], [-122.046436604, 45.9767099410001], [-122.046174498, 45.976776913], [-122.046026827, 45.976686144], [-122.045805637, 45.976673298], [-122.045800731, 45.9766682960001], [-122.04551726, 45.976388474], [-122.045149053, 45.9761953490001], [-122.04450448, 45.9759875550001], [-122.044274757, 45.975534199], [-122.044551971, 45.9751251850001], [-122.044908371, 45.97506243], [-122.045237479, 45.974923785], [-122.045705268, 45.974879064], [-122.045752371, 45.9746396620001], [-122.045752631, 45.9746395230001], [-122.046227151, 45.974384645], [-122.047072014, 45.974150287], [-122.046457537, 45.973920944], [-122.046140207, 45.973872398], [-122.045722042, 45.9741538530001], [-122.045134605, 45.9743561930001], [-122.044448159, 45.974256977], [-122.04381793, 45.974497398], [-122.043265574, 45.974573482], [-122.04297898, 45.9748501810001], [-122.042299674, 45.974857021], [-122.042305164, 45.9748512620001], [-122.042219697, 45.9747993060001], [-122.042668252, 45.974470416], [-122.042622845, 45.9743652350001], [-122.042284347, 45.9740623980001], [-122.041384627, 45.9739475120001], [-122.041104101, 45.9739047830001], [-122.041075371, 45.9739162400001], [-122.041075112, 45.974404486], [-122.040712497, 45.974778316], [-122.040190987, 45.9745603910001], [-122.040058469, 45.9748160620001], [-122.040058302, 45.9748160610001], [-122.040058201, 45.9748162540001], [-122.039365468, 45.974810432], [-122.039595587, 45.974381055], [-122.039731505, 45.974224302], [-122.039578154, 45.9741460880001], [-122.038888085, 45.973944766], [-122.038226583, 45.9738283130001], [-122.037602679, 45.9736892290001], [-122.037226213, 45.9740805660001], [-122.036782279, 45.9744465360001], [-122.036942158, 45.9739952840001], [-122.036844203, 45.973954464], [-122.036843557, 45.9739546700001], [-122.036397431, 45.9740909590001], [-122.035840582, 45.9738447980001], [-122.035194076, 45.973623746], [-122.034724943, 45.9734538530001], [-122.034569809, 45.973397672], [-122.034432481, 45.972945156], [-122.034187762, 45.972758071], [-122.034100133, 45.972717791], [-122.033715503, 45.9726135930001], [-122.033335902, 45.972616266], [-122.033249047, 45.9725048330001], [-122.032785082, 45.9724155480001], [-122.032588559, 45.972389288], [-122.032443869, 45.972452839], [-122.031756739, 45.9724118010001], [-122.031101618, 45.9722819880001], [-122.030684289, 45.9720998330001], [-122.030527718, 45.9720314940001], [-122.030526103, 45.9720255030001], [-122.030513242, 45.9720259360001], [-122.030286831, 45.9719309810001], [-122.030116794, 45.9714831480001], [-122.030229057, 45.971060025], [-122.030243468, 45.971038723], [-122.030242332, 45.970555871], [-122.030511434, 45.970117691], [-122.030828854, 45.9697139140001], [-122.030824517, 45.9697026000001], [-122.030812355, 45.9696708800001], [-122.030807643, 45.9696642850001], [-122.030796084, 45.9696628070001], [-122.030263093, 45.9694704190001], [-122.029600425, 45.9692947660001], [-122.029383313, 45.9691037150001], [-122.029270231, 45.969074639], [-122.028615479, 45.968893311], [-122.028631989, 45.9684247120001], [-122.028676596, 45.968095642], [-122.028631513, 45.968026831], [-122.02821956, 45.9676059120001], [-122.028141628, 45.9675292000001], [-122.027548747, 45.9673122180001], [-122.026940376, 45.967142509], [-122.026331408, 45.966881911], [-122.025787242, 45.9665808760001], [-122.025765643, 45.9660878930001], [-122.025535617, 45.9660165600001], [-122.024874531, 45.9661204500001], [-122.024174927, 45.966026637], [-122.02351737, 45.9661589780001], [-122.02336735, 45.966631895], [-122.023819534, 45.967076304], [-122.024182987, 45.9674910480001], [-122.02479016, 45.967749768], [-122.025431319, 45.9679799460001], [-122.026109936, 45.9681101360001], [-122.026436579, 45.9682346390001], [-122.026447116, 45.9682401590001], [-122.026861606, 45.9682441150001], [-122.026920258, 45.968459212], [-122.027412824, 45.9687650070001], [-122.026979466, 45.9691378970001], [-122.026908236, 45.9697013520001], [-122.026728714, 45.969814265], [-122.02672876, 45.969829863], [-122.026665234, 45.970099158], [-122.026958322, 45.9705075270001], [-122.027390002, 45.9709385640001], [-122.02768243, 45.9713454380001], [-122.028042418, 45.9718549450001], [-122.028177732, 45.9721794910001], [-122.028324881, 45.9722575480001], [-122.028648128, 45.972703693], [-122.028958009, 45.9731294600001], [-122.029251969, 45.973594985], [-122.029285405, 45.9736294900001], [-122.029874963, 45.973734925], [-122.030381021, 45.9740327390001], [-122.030788536, 45.9744113530001], [-122.031359701, 45.974765942], [-122.031703935, 45.975196834], [-122.032392996, 45.975527776], [-122.032654878, 45.975725943], [-122.032852664, 45.9757682760001], [-122.032856262, 45.975771507], [-122.032867141, 45.975773835], [-122.033279816, 45.9761442650001], [-122.033655441, 45.976529849], [-122.034098853, 45.976890197], [-122.034552985, 45.9772239930001], [-122.034767775, 45.9776510620001], [-122.034808361, 45.9776960790001], [-122.034709093, 45.9764092990001], [-122.035721704, 45.975734226], [-122.036734314, 45.9758092340001], [-122.036396777, 45.9773469], [-122.037371883, 45.9768593480001], [-122.038909549, 45.976371795], [-122.038872046, 45.977346901], [-122.038305504, 45.9780727], [-122.038418322, 45.9780812240001], [-122.039787509, 45.9782431400001], [-122.040447745, 45.9782927320001], [-122.040222416, 45.9786007340001], [-122.040221725, 45.9786018730001], [-122.040281493, 45.9786192820001], [-122.040726944, 45.9786455120001], [-122.043945002, 45.9790666710001], [-122.046480253, 45.9796074050001], [-122.049110651, 45.979484632], [-122.049416144, 45.979997333], [-122.049520497, 45.9799848530001], [-122.04997198, 45.98034927], [-122.050422348, 45.98072412], [-122.05095613, 45.981026204], [-122.051524913, 45.981341291], [-122.052134877, 45.9815368000001], [-122.052542409, 45.981911703], [-122.052556244, 45.9819317220001], [-122.052667755, 45.9819706260001], [-122.052667711, 45.9819711150001], [-122.052682237, 45.9819761840001], [-122.052671137, 45.9820979790001], [-122.052828664, 45.982325927], [-122.053500882, 45.98249888], [-122.054168412, 45.9824770450001], [-122.054543568, 45.9824661100001], [-122.054574222, 45.98246484], [-122.056358797, 45.9817115820001], [-122.058212918, 45.981482618], [-122.059694649, 45.9820212720001], [-122.060361828, 45.982710049], [-122.060644426, 45.982811912], [-122.061159486, 45.9831101450001], [-122.061399313, 45.983303596], [-122.061408457, 45.983313041], [-122.061824528, 45.9830100130001], [-122.0624996, 45.9819598990001], [-122.063512208, 45.982259931], [-122.063635001, 45.9826160330001], [-122.064009651, 45.9827053220001], [-122.064657479, 45.982817826], [-122.065291483, 45.9829775920001], [-122.065896381, 45.983154514], [-122.065648284, 45.983598499], [-122.065014102, 45.983793694], [-122.064925356, 45.9838345480001], [-122.064759898, 45.9848603830001], [-122.064849564, 45.9849681950001], [-122.064996349, 45.9852951280001], [-122.065052047, 45.985419183], [-122.065083109, 45.985920864], [-122.065203059, 45.986396197], [-122.065204739, 45.9868597760001], [-122.06498381, 45.9873566480001], [-122.064934643, 45.987849914], [-122.064816184, 45.9882928660001], [-122.064523973, 45.9887143760001], [-122.06451027, 45.9887229930001], [-122.064552423, 45.9894163820001], [-122.064638081, 45.9908253720001], [-122.064122964, 45.991392009], [-122.064326214, 45.991500951], [-122.064828089, 45.9918014040001], [-122.064825181, 45.9922763930001], [-122.064176955, 45.9922956250001], [-122.063577799, 45.992476863], [-122.063203454, 45.992733888], [-122.062815162, 45.993522994], [-122.06281506, 45.993523204], [-122.062289102, 45.9934673230001], [-122.062181611, 45.993505423], [-122.061487614, 45.9937058800001], [-122.060928631, 45.9940388300001], [-122.060573553, 45.994485985], [-122.060499268, 45.994596336], [-122.06164055, 45.995405442], [-122.06192882, 45.995609804], [-122.062100913, 45.9961361700001], [-122.062695635, 45.9972379060001], [-122.062123935, 45.998182134], [-122.060611391, 45.9987919370001], [-122.059687992, 45.999442964], [-122.057914432, 45.9997674360001], [-122.056257104, 46.0001485990001], [-122.054944271, 46.0009151770001], [-122.053215378, 46.0006171810001], [-122.051240499, 46.000713524], [-122.049930243, 45.9992676570001], [-122.04871194, 45.9961751870001], [-122.047743699, 45.994781426], [-122.047596339, 45.994704234], [-122.047077105, 45.994374228], [-122.047138317, 45.993910531], [-122.046979248, 45.9936815410001], [-122.046979217, 45.993681151], [-122.046728182, 45.9935152830001], [-122.045956801, 45.9929951730001], [-122.045298521, 45.9923573080001], [-122.042553931, 45.9915746410001], [-122.040571856, 45.9909282030001], [-122.037676738, 45.9895822230001], [-122.035840069, 45.9891397390001], [-122.034511365, 45.9876562970001], [-122.033629316, 45.9862761150001], [-122.033624495, 45.9862856670001], [-122.033530394, 45.9864673070001], [-122.033084115, 45.986803863], [-122.032718274, 45.987211744], [-122.032144676, 45.9875375610001], [-122.031903104, 45.987435152], [-122.031891686, 45.98754947], [-122.031495681, 45.9879231370001], [-122.030852773, 45.9880146090001], [-122.030371332, 45.9883837], [-122.029707784, 45.988665322], [-122.029043934, 45.988585363], [-122.028610643, 45.9882305020001], [-122.028499086, 45.9877837770001], [-122.028510864, 45.987264221], [-122.028637153, 45.9871741480001], [-122.028590799, 45.987029878], [-122.028460407, 45.986578282], [-122.028559492, 45.9864284110001], [-122.028557528, 45.986427855], [-122.028561515, 45.986425351], [-122.028752505, 45.986136468], [-122.029207547, 45.9857532170001], [-122.029461553, 45.9855617280001], [-122.029631517, 45.9852865030001], [-122.02956753, 45.984699376], [-122.029237622, 45.9838556490001], [-122.029221401, 45.9838456310001], [-122.029185282, 45.983371074], [-122.029299643, 45.982866636], [-122.028882341, 45.9824898360001], [-122.028223593, 45.9821926660001], [-122.028119683, 45.9817487180001], [-122.028437197, 45.9812638980001], [-122.02853235, 45.980772717], [-122.028535622, 45.980319652], [-122.028828078, 45.9800217650001], [-122.02883821, 45.98001264], [-122.028771767, 45.9797881800001], [-122.028550453, 45.979356711], [-122.028542757, 45.9793210650001], [-122.028528197, 45.979315118], [-122.028148249, 45.978876375], [-122.026717901, 45.9796348190001], [-122.026920079, 45.980061606], [-122.026634221, 45.98051008], [-122.026392034, 45.9804553220001], [-122.026308686, 45.9805930150001], [-122.026238894, 45.9806619770001], [-122.025631961, 45.9804775480001], [-122.025231676, 45.980075915], [-122.025010242, 45.979550798], [-122.02474137, 45.9791764010001], [-122.024743136, 45.9791731240001], [-122.024405807, 45.9789385720001], [-122.023792851, 45.978737004], [-122.023426232, 45.978892434], [-122.023448795, 45.9789741530001], [-122.02300222, 45.9793041280001], [-122.022950309, 45.979401163], [-122.022790964, 45.9794521090001], [-122.022382948, 45.9790904810001], [-122.021718768, 45.9789057990001], [-122.021084772, 45.9792186940001], [-122.019793033, 45.978909355], [-122.019283202, 45.9777630670001], [-122.01926804, 45.9777559660001], [-122.018954484, 45.9776023160001], [-122.018315294, 45.977631683], [-122.018196015, 45.9776656400001], [-122.018141898, 45.977672629], [-122.017649196, 45.9778188980001], [-122.017598097, 45.9777428520001], [-122.017542381, 45.977750046], [-122.017540914, 45.977657752], [-122.017382611, 45.9774521030001], [-122.017323237, 45.977373286], [-122.016913693, 45.9770756560001], [-122.016307815, 45.976840827], [-122.015701602, 45.976640715], [-122.015217478, 45.9763182180001], [-122.014726424, 45.9759871960001], [-122.014326179, 45.9756633630001], [-122.014320151, 45.975664635], [-122.013952403, 45.975681745], [-122.013423221, 45.975346674], [-122.013393327, 45.9751685510001], [-122.013395592, 45.9751600210001], [-122.013324267, 45.975077694], [-122.013246916, 45.974631677], [-122.013260933, 45.974314753], [-122.013261721, 45.9742760510001], [-122.013058921, 45.973620123], [-122.013303584, 45.9733709750001], [-122.013300906, 45.9733534040001], [-122.013182895, 45.972931336], [-122.012991407, 45.972681735], [-122.012575454, 45.972331083], [-122.012372877, 45.972185192], [-122.012048197, 45.9717653700001], [-122.012090151, 45.971495158], [-122.012106868, 45.9715003420001], [-122.012699319, 45.9714007440001], [-122.012738326, 45.9713609940001], [-122.012801562, 45.970927837], [-122.012420977, 45.9705419040001], [-122.011745217, 45.9705060730001], [-122.011272939, 45.9704916960001], [-122.011250337, 45.970493332], [-122.010831428, 45.970522492], [-122.010587692, 45.97066583], [-122.009885096, 45.9707029320001], [-122.009382534, 45.9709071250001], [-122.008626197, 45.9708616140001], [-122.007683324, 45.970719027], [-122.007025233, 45.9704646530001], [-122.006583452, 45.970451493], [-122.00591901, 45.970373437], [-122.005482887, 45.970038581], [-122.005254669, 45.9695426110001], [-122.004977895, 45.969106374], [-122.004974197, 45.969090797], [-122.004770785, 45.9689081670001], [-122.004254179, 45.9684443350001], [-122.004245103, 45.968441876], [-122.004200505, 45.9683961430001], [-122.004181392, 45.968378982], [-122.004175498, 45.9683704980001], [-122.003960868, 45.9681504010001], [-122.00382891, 45.9680863990001], [-122.003456688, 45.9677164240001], [-122.003142779, 45.9672949550001], [-122.003155089, 45.967152146], [-122.002800142, 45.9667800140001], [-122.002799576, 45.9667798950001], [-122.002799848, 45.966779708], [-122.002954654, 45.9666865940001], [-122.002601218, 45.966570796], [-122.001952217, 45.9664129720001], [-122.001448496, 45.9664292750001], [-122.000674475, 45.966948266], [-122.000186562, 45.9673461850001], [-122.000069639, 45.96744153], [-122.000044825, 45.9674431290001], [-121.999876102, 45.9675597620001], [-121.999356625, 45.967651129], [-121.998951219, 45.967698356], [-121.998586159, 45.96775158], [-121.998457638, 45.9676996740001], [-121.998135061, 45.9676404250001], [-121.997835839, 45.9676321590001], [-121.997455109, 45.9676570300001], [-121.997334677, 45.967605195], [-121.997683764, 45.9673032680001], [-121.997420774, 45.967256757], [-121.99700363, 45.966906244], [-121.996891956, 45.965888255], [-121.996533254, 45.965510179], [-121.996357711, 45.9653931450001], [-121.994686059, 45.9654645590001], [-121.994683895, 45.965458471], [-121.994671591, 45.965458997], [-121.99435372, 45.9645648420001], [-121.993994088, 45.9644259290001], [-121.993494733, 45.9642382930001], [-121.992993588, 45.9640620430001], [-121.992328012, 45.9643224920001], [-121.992327932, 45.9643224490001], [-121.992327744, 45.964322683], [-121.99231567, 45.964316098], [-121.992313544, 45.9643169290001], [-121.992313464, 45.9643168860001], [-121.992313277, 45.96431712], [-121.991785218, 45.964029091], [-121.991810255, 45.9639432550001], [-121.99184246, 45.963832837], [-121.991847946, 45.9638140260001], [-121.991539118, 45.963717047], [-121.99082792, 45.9636688570001], [-121.99021934, 45.9638949640001], [-121.989927845, 45.9641420780001], [-121.98977202, 45.9642364050001], [-121.989590208, 45.9647100500001], [-121.989364459, 45.965190938], [-121.98908921, 45.965635299], [-121.98869231, 45.965727514], [-121.98867652, 45.9658644630001], [-121.988493828, 45.9661223850001], [-121.9881384, 45.9660910270001], [-121.988063201, 45.9657961890001], [-121.988061592, 45.965789881], [-121.987722865, 45.9658047870001], [-121.987696809, 45.9658059330001], [-121.987662479, 45.9658074440001], [-121.987641173, 45.965838149], [-121.987625004, 45.96586145], [-121.987370578, 45.9662281000001], [-121.987373919, 45.9662403660001], [-121.987412981, 45.966383636], [-121.987357862, 45.966744245], [-121.987305623, 45.966946899], [-121.986794429, 45.967027], [-121.986707087, 45.966604074], [-121.986336867, 45.966695981], [-121.986129392, 45.96674749], [-121.986121392, 45.966740196], [-121.985710256, 45.9663644090001], [-121.985402482, 45.9658814850001], [-121.985503169, 45.965401614], [-121.985609034, 45.9652127040001], [-121.985388878, 45.965081238], [-121.985670119, 45.964950957], [-121.985668907, 45.964939187], [-121.985663436, 45.9647149690001], [-121.985900087, 45.9646042260001], [-121.986029001, 45.964633581], [-121.986056425, 45.964835431], [-121.986057095, 45.9648402190001], [-121.986193902, 45.9648499990001], [-121.986317532, 45.9647602110001], [-121.986628924, 45.9643474310001], [-121.986782599, 45.963901804], [-121.986602216, 45.9638406230001], [-121.986120059, 45.9635068270001], [-121.985660942, 45.963178466], [-121.985539709, 45.9627147420001], [-121.984911273, 45.96256097], [-121.984865309, 45.962107014], [-121.984817137, 45.9619429890001], [-121.98465806, 45.961831933], [-121.984461034, 45.9621134070001], [-121.982966549, 45.9634274810001], [-121.980897826, 45.9620565430001], [-121.981154475, 45.960738475], [-121.980711934, 45.9594888010001], [-121.980461321, 45.9593022970001], [-121.980018545, 45.9588772600001], [-121.9797577, 45.958456047], [-121.980053502, 45.958020946], [-121.980101694, 45.9579206590001], [-121.980012293, 45.9577126070001], [-121.980250468, 45.9574837580001], [-121.980244294, 45.9574702290001], [-121.98022275, 45.9570598810001], [-121.980053891, 45.9565786850001], [-121.979946656, 45.956451142], [-121.979664625, 45.956333398], [-121.979259696, 45.955979525], [-121.979205607, 45.9558194850001], [-121.979190494, 45.955812], [-121.978991833, 45.9556761630001], [-121.978988136, 45.955677585], [-121.978822156, 45.9557374140001], [-121.978296525, 45.9555436640001], [-121.978078463, 45.955469694], [-121.977795547, 45.95541315], [-121.977488574, 45.9550379500001], [-121.977488551, 45.9550379230001], [-121.977480214, 45.9550277340001], [-121.977074193, 45.9553382180001], [-121.976486299, 45.954985482], [-121.97622227, 45.9542654040001], [-121.974686104, 45.953449316], [-121.973389964, 45.9533773090001], [-121.972093824, 45.9533053010001], [-121.971757788, 45.9531852870001], [-121.97168578, 45.9526812330001], [-121.972179043, 45.952546715], [-121.974275899, 45.9522767820001], [-121.975938354, 45.952863151], [-121.977521198, 45.9534214060001], [-121.977521559, 45.953421076], [-121.977678499, 45.9533014470001], [-121.977680308, 45.953283496], [-121.977796869, 45.9528037960001], [-121.977827756, 45.9522438750001], [-121.977462163, 45.951967687], [-121.976894117, 45.951502954], [-121.976822331, 45.9509277500001], [-121.976750812, 45.9503381850001], [-121.976740796, 45.9497635330001], [-121.976727872, 45.94934686], [-121.976879919, 45.9489173010001], [-121.977258434, 45.9484897670001], [-121.977388301, 45.9481461940001], [-121.976794156, 45.94798287], [-121.977274282, 45.947628067], [-121.977947345, 45.9479788260001], [-121.978337988, 45.9480110480001], [-121.978752386, 45.947871112], [-121.979259115, 45.9479966590001], [-121.979275064, 45.9480011200001], [-121.979408479, 45.947902587], [-121.979997415, 45.948020306], [-121.980011944, 45.9480271290001], [-121.980011992, 45.948027149], [-121.980011939, 45.9480264370001], [-121.980011898, 45.9480258680001], [-121.980251023, 45.947825418], [-121.980407514, 45.9476942360001], [-121.980629092, 45.9477461910001], [-121.980849858, 45.9477679840001], [-121.981121427, 45.947778144], [-121.981317877, 45.9477728270001], [-121.981517589, 45.947742782], [-121.981682744, 45.9477433610001], [-121.981753931, 45.947758885], [-121.982184434, 45.9476612130001], [-121.982176999, 45.947654055], [-121.981844165, 45.947393924], [-121.981362577, 45.9470801570001], [-121.981475094, 45.9467891420001], [-121.981410049, 45.9467306110001], [-121.98120006, 45.946241592], [-121.981200597, 45.946241351], [-121.981185867, 45.9462358380001], [-121.981011674, 45.945937771], [-121.98134528, 45.9457109210001], [-121.98179017, 45.945654894], [-121.981812612, 45.9456522880001], [-121.982101089, 45.9453599220001], [-121.982311611, 45.9458102400001], [-121.982546729, 45.9462595800001], [-121.982568718, 45.946295225], [-121.982808574, 45.946684034], [-121.982856376, 45.9468110170001], [-121.982911388, 45.9468289220001], [-121.983382466, 45.947213391], [-121.983382977, 45.9472157920001], [-121.983588255, 45.9472623080001], [-121.983665403, 45.947354911], [-121.983988608, 45.9475147140001], [-121.984209823, 45.9478389440001], [-121.984262417, 45.947871955], [-121.98440444, 45.9479610970001], [-121.984534278, 45.9480023], [-121.985595957, 45.947892369], [-121.985608997, 45.9476154820001], [-121.985341991, 45.947327112], [-121.985116048, 45.947302473], [-121.985257172, 45.9469656430001], [-121.985300484, 45.946862265], [-121.985272481, 45.946460089], [-121.98525779, 45.946451263], [-121.984798124, 45.9461389420001], [-121.984769375, 45.9460364230001], [-121.984462449, 45.9458642380001], [-121.984045337, 45.9456302350001], [-121.983496208, 45.9454653230001], [-121.983041178, 45.945123945], [-121.982788654, 45.944698325], [-121.982179385, 45.944475487], [-121.981524682, 45.9445489880001], [-121.980874159, 45.94463374], [-121.98080894, 45.94411782], [-121.980511164, 45.9436756920001], [-121.980311742, 45.9432131120001], [-121.979757533, 45.9429058790001], [-121.979194654, 45.9426196380001], [-121.978789936, 45.94224417], [-121.978365212, 45.941891592], [-121.978203439, 45.9415668980001], [-121.978155042, 45.9411063260001], [-121.978607756, 45.9407706200001], [-121.979144915, 45.940512154], [-121.979776146, 45.9402676970001], [-121.980308154, 45.9399779450001], [-121.980872771, 45.9402091970001], [-121.980927297, 45.9402306210001], [-121.98156671, 45.9368201620001], [-121.981566963, 45.936820052], [-121.981591861, 45.936809301], [-121.981470168, 45.9367141270001], [-121.980780279, 45.936315521], [-121.980442725, 45.9360410510001], [-121.980288673, 45.936072161], [-121.979776014, 45.93547268], [-121.979414047, 45.934983178], [-121.978837338, 45.934705659], [-121.977405239, 45.934432304], [-121.976688488, 45.934500954], [-121.976088549, 45.9344638270001], [-121.97602784, 45.934522342], [-121.975684959, 45.934917479], [-121.975169792, 45.9352169850001], [-121.974632363, 45.9349628140001], [-121.974074931, 45.9346132370001], [-121.973938585, 45.9344509270001], [-121.973756959, 45.9342347130001], [-121.973750735, 45.9342389540001], [-121.973177805, 45.934525482], [-121.972839379, 45.9348530880001], [-121.972858315, 45.9349045650001], [-121.972849017, 45.9349979410001], [-121.97274071, 45.935210544], [-121.972720576, 45.935252845], [-121.972629055, 45.9354451340001], [-121.972520186, 45.935783912], [-121.972421713, 45.936070441], [-121.972387918, 45.9362765880001], [-121.972406934, 45.936399765], [-121.972495441, 45.9364754100001], [-121.972553608, 45.9365925910001], [-121.972567598, 45.936674693], [-121.972589036, 45.936888348], [-121.972594576, 45.936948617], [-121.972704861, 45.9371035190001], [-121.972887783, 45.9373287830001], [-121.973035048, 45.937543545], [-121.973104859, 45.937655089], [-121.97329594, 45.9378912170001], [-121.973591617, 45.938216497], [-121.973853657, 45.9384599320001], [-121.974045956, 45.938594563], [-121.974209646, 45.9386884260001], [-121.974388835, 45.938773858], [-121.974465853, 45.9388606190001], [-121.97448785, 45.938948102], [-121.974495306, 45.939079658], [-121.974494311, 45.9391893820001], [-121.974515651, 45.9392521880001], [-121.974576215, 45.939311736], [-121.974690512, 45.9393757030001], [-121.97486014, 45.939428262], [-121.974869456, 45.9394325000001], [-121.974874332, 45.939434012], [-121.974874374, 45.9394340260001], [-121.974912289, 45.939451273], [-121.974985763, 45.9394846750001], [-121.97502201, 45.9395171150001], [-121.97504531, 45.9395757620001], [-121.975059986, 45.939612627], [-121.975070764, 45.939631644], [-121.975084707, 45.9396561790001], [-121.975192942, 45.939734307], [-121.975286123, 45.9398373120001], [-121.9748869, 45.9400506280001], [-121.975180487, 45.940570924], [-121.975402426, 45.940817103], [-121.975950032, 45.9412672970001], [-121.976189919, 45.941657277], [-121.97614399, 45.9419154180001], [-121.975886339, 45.9420812060001], [-121.975898494, 45.9420882740001], [-121.975978013, 45.9425726260001], [-121.976074635, 45.9430269800001], [-121.97606947, 45.943281556], [-121.976065159, 45.9434965550001], [-121.976066563, 45.9435049090001], [-121.976377241, 45.943784835], [-121.976391483, 45.9441297000001], [-121.976052051, 45.944672493], [-121.975631586, 45.9451427380001], [-121.975436514, 45.945672459], [-121.975106857, 45.9456838670001], [-121.974524268, 45.9461343130001], [-121.97452402, 45.946151231], [-121.974502015, 45.9461530730001], [-121.974165601, 45.9464798070001], [-121.973828253, 45.9469076990001], [-121.973473227, 45.947177427], [-121.973113689, 45.9476913020001], [-121.972596341, 45.947830293], [-121.972204906, 45.9478411370001], [-121.971868065, 45.9482402990001], [-121.971040558, 45.948448311], [-121.970399934, 45.9485718170001], [-121.969695147, 45.948824018], [-121.969057712, 45.9487751770001], [-121.968569988, 45.948426038], [-121.9677518, 45.9481313680001], [-121.967481489, 45.9482725670001], [-121.967157416, 45.9479823570001], [-121.966562769, 45.9478477050001], [-121.966109837, 45.9478436090001], [-121.966015176, 45.947397466], [-121.966147514, 45.94692465], [-121.965948315, 45.946563746], [-121.965766236, 45.9463897300001], [-121.96564832, 45.9460870180001], [-121.965840145, 45.9454641130001], [-121.965741618, 45.9449835230001], [-121.966103482, 45.944586212], [-121.966535294, 45.944251631], [-121.966827199, 45.943788844], [-121.966663201, 45.943336737], [-121.966340404, 45.9428981400001], [-121.965784572, 45.942558729], [-121.965777254, 45.9425542610001], [-121.965117988, 45.9424307420001], [-121.96511654, 45.942430475], [-121.965016858, 45.9423875310001], [-121.965003603, 45.9423818220001], [-121.964981011, 45.9423806680001], [-121.964979215, 45.9423757500001], [-121.964978876, 45.9423757340001], [-121.964966552, 45.9423751040001], [-121.964962544, 45.9423641340001], [-121.964545157, 45.9421843210001], [-121.964480723, 45.941732362], [-121.964180529, 45.9412898690001], [-121.964179397, 45.9412881820001], [-121.963593447, 45.9411056050001], [-121.963582033, 45.9411020480001], [-121.963104466, 45.9407236420001], [-121.963178565, 45.940527693], [-121.963021601, 45.940482832], [-121.962926305, 45.940428925], [-121.962879057, 45.940244616], [-121.962866556, 45.94009952], [-121.962929412, 45.9399904700001], [-121.96328505, 45.939690006], [-121.963285617, 45.9396895260001], [-121.962621428, 45.939452069], [-121.961915317, 45.939580403], [-121.961234621, 45.9394494950001], [-121.961221454, 45.9394469630001], [-121.960740178, 45.9394295480001], [-121.960682833, 45.939236061], [-121.960158012, 45.939336145], [-121.957975047, 45.939778276], [-121.957998106, 45.9399738970001], [-121.957919574, 45.9401075550001], [-121.957766883, 45.9401415240001], [-121.957412415, 45.940124145], [-121.957234585, 45.9401472760001], [-121.957060098, 45.9402623770001], [-121.956704304, 45.9403157080001], [-121.956592179, 45.9399414040001], [-121.956544094, 45.939921907], [-121.956465045, 45.9398898580001], [-121.95611596, 45.9397483450001], [-121.954777821, 45.939628532], [-121.95430819, 45.939456383], [-121.954070041, 45.937601994], [-121.95286271, 45.9371675090001], [-121.952861497, 45.9371664220001], [-121.952848523, 45.9371617530001], [-121.952197312, 45.9365777150001], [-121.952197056, 45.936577485], [-121.952198989, 45.9365731330001], [-121.952192205, 45.936572631], [-121.951976177, 45.9363372780001], [-121.952192154, 45.936572627], [-121.952182601, 45.9365719190001], [-121.952059473, 45.9364377470001], [-121.9515218, 45.9366660220001], [-121.950889677, 45.9366602200001], [-121.95015418, 45.9366624670001], [-121.949780576, 45.9366320280001], [-121.949253697, 45.9365191540001], [-121.94867675, 45.936324794], [-121.948370713, 45.9361329270001], [-121.948334579, 45.9361030480001], [-121.948040411, 45.935859812], [-121.947837411, 45.935677893], [-121.947704339, 45.935337298], [-121.947643389, 45.9353219110001], [-121.947634953, 45.9353176060001], [-121.947629204, 45.9353161550001], [-121.947035317, 45.9350130600001], [-121.946893351, 45.934516123], [-121.946733036, 45.93403827], [-121.946853224, 45.9338233170001], [-121.947130082, 45.9335107810001], [-121.947533379, 45.9333344460001], [-121.947791332, 45.9334136730001], [-121.948091079, 45.933274339], [-121.949151236, 45.9330399900001], [-121.949277445, 45.9330232030001], [-121.949350216, 45.932775007], [-121.949399963, 45.932190303], [-121.949588033, 45.931795923], [-121.949981469, 45.931457444], [-121.950130833, 45.931062706], [-121.950331114, 45.930704447], [-121.950655798, 45.9305903960001], [-121.951432796, 45.930435484], [-121.951530722, 45.9300312710001], [-121.951880351, 45.9299624590001], [-121.952046511, 45.9300450050001], [-121.952854279, 45.9300898430001], [-121.952807972, 45.9298503310001], [-121.952776975, 45.929690001], [-121.952756763, 45.9294194510001], [-121.95228827, 45.929289162], [-121.952288893, 45.929287527], [-121.952274029, 45.929283394], [-121.952377104, 45.9290130190001], [-121.951734708, 45.928790797], [-121.951531214, 45.9286358890001], [-121.951613015, 45.9284025750001], [-121.951314815, 45.9277966710001], [-121.951005929, 45.9270736350001], [-121.951052429, 45.9266599480001], [-121.951379462, 45.9264198820001], [-121.95196598, 45.9261011730001], [-121.952830318, 45.926100095], [-121.953325692, 45.9258255560001], [-121.953331109, 45.925537526], [-121.952687908, 45.925441607], [-121.952888321, 45.9250743420001], [-121.953344822, 45.9248084490001], [-121.95383236, 45.9242637610001], [-121.953488864, 45.924008546], [-121.952456552, 45.9240260940001], [-121.952260715, 45.924150334], [-121.952016338, 45.9241120820001], [-121.951747694, 45.9239925860001], [-121.951487369, 45.9241162330001], [-121.951038668, 45.923968073], [-121.950918177, 45.9235168430001], [-121.950538212, 45.9231442500001], [-121.950440466, 45.922855274], [-121.950164537, 45.9224386230001], [-121.949742157, 45.922263694], [-121.949726384, 45.921732402], [-121.949797663, 45.921372956], [-121.950270441, 45.920927175], [-121.950473399, 45.9204248990001], [-121.950417061, 45.9199922610001], [-121.950944296, 45.9200781260001], [-121.951358153, 45.920079591], [-121.951725528, 45.9200426900001], [-121.951841622, 45.91969025], [-121.952101248, 45.9196026060001], [-121.951871145, 45.9194924660001], [-121.951702302, 45.9195539350001], [-121.951497485, 45.919471033], [-121.951370207, 45.918695648], [-121.951844983, 45.9181418490001], [-121.952429038, 45.91794915], [-121.952445661, 45.9177512470001], [-121.952503174, 45.917436686], [-121.951912498, 45.9172962320001], [-121.95198613, 45.9168107720001], [-121.95227255, 45.916669359], [-121.9527894, 45.9166200810001], [-121.952667724, 45.9162318580001], [-121.952829923, 45.915837234], [-121.952788838, 45.915278701], [-121.952907607, 45.91513575], [-121.954042242, 45.915155144], [-121.954543307, 45.915258758], [-121.954981925, 45.9152537670001], [-121.955624, 45.915403677], [-121.956006984, 45.9156142350001], [-121.956387947, 45.915932803], [-121.956461441, 45.916140532], [-121.957148287, 45.9159667530001], [-121.957803272, 45.916116769], [-121.959021806, 45.916478974], [-121.959367468, 45.916617161], [-121.95946626, 45.916852125], [-121.959279829, 45.9171655160001], [-121.959264576, 45.9172914120001], [-121.959583444, 45.9174833690001], [-121.959581088, 45.9176093820001], [-121.959345593, 45.9177872880001], [-121.959264682, 45.9179756030001], [-121.959198659, 45.9183141720001], [-121.959507217, 45.9184194320001], [-121.959660595, 45.9181862670001], [-121.960090711, 45.9179471140001], [-121.960835036, 45.9174587480001], [-121.961596239, 45.9174476630001], [-121.962347544, 45.9179676320001], [-121.963079442, 45.918145323], [-121.963786388, 45.9182777710001], [-121.96403443, 45.918811168], [-121.964260537, 45.9191373090001], [-121.964414617, 45.91947], [-121.964628586, 45.9195904650001], [-121.964628624, 45.9195904860001], [-121.964935946, 45.9200013240001], [-121.964697793, 45.920132003], [-121.964718911, 45.920147339], [-121.964731993, 45.920165012], [-121.964794325, 45.9202492150001], [-121.964887841, 45.920366765], [-121.9650327, 45.9205234190001], [-121.965311525, 45.92085552], [-121.965505639, 45.9210759900001], [-121.965689074, 45.921293856], [-121.965097106, 45.9215594620001], [-121.965096594, 45.921722349], [-121.965287589, 45.9221757060001], [-121.965515256, 45.9226535380001], [-121.965656837, 45.923097899], [-121.965382013, 45.923522195], [-121.96514569, 45.923947808], [-121.965686208, 45.9242019280001], [-121.9659158, 45.9246525200001], [-121.966243456, 45.925058526], [-121.966410944, 45.925350333], [-121.966490735, 45.9254893460001], [-121.966729646, 45.925924471], [-121.9668172, 45.9260566820001], [-121.967311874, 45.9262364790001], [-121.967326172, 45.9262421380001], [-121.96783091, 45.925936779], [-121.968026979, 45.9258409240001], [-121.968272024, 45.925479791], [-121.968466133, 45.9248681770001], [-121.96817742, 45.9244512450001], [-121.968012838, 45.9240150620001], [-121.968257064, 45.923899277], [-121.968268434, 45.923895664], [-121.968203842, 45.923703534], [-121.968837681, 45.9235945280001], [-121.969341379, 45.9236139810001], [-121.96937923, 45.923348844], [-121.969355543, 45.9228532390001], [-121.969466045, 45.922553409], [-121.969475926, 45.922537882], [-121.969423905, 45.92229802], [-121.969407381, 45.9222218300001], [-121.969685301, 45.9217711860001], [-121.970119625, 45.9214371320001], [-121.970772845, 45.9216314220001], [-121.97144179, 45.9218755150001], [-121.971442117, 45.921875921], [-121.971456246, 45.921881076], [-121.97182462, 45.9223399110001], [-121.972163176, 45.9228076520001], [-121.972409838, 45.9232597290001], [-121.972623794, 45.9236402490001], [-121.972663057, 45.9236576850001], [-121.972906355, 45.9234135670001], [-121.972907746, 45.923308467], [-121.972877519, 45.922855004], [-121.972820004, 45.922396458], [-121.972638385, 45.9219566420001], [-121.972833484, 45.9215116600001], [-121.973147855, 45.9213470510001], [-121.973219464, 45.921274913], [-121.973465462, 45.9209939180001], [-121.973557691, 45.9207973420001], [-121.973529372, 45.9203445260001], [-121.97367293, 45.919869126], [-121.973686768, 45.9194991210001], [-121.973676661, 45.91944462], [-121.973869631, 45.9188610310001], [-121.974195103, 45.9184249530001], [-121.974637388, 45.918086144], [-121.975325826, 45.9176695720001], [-121.975394079, 45.9175659960001], [-121.975194811, 45.9174508930001], [-121.974619647, 45.9172168220001], [-121.975336551, 45.917186719], [-121.975790574, 45.917112215], [-121.976087218, 45.916889225], [-121.976093451, 45.9169009660001], [-121.976101673, 45.9168947860001], [-121.97675254, 45.916987815], [-121.977392876, 45.9171021110001], [-121.977917472, 45.917284609], [-121.977917693, 45.9172846760001], [-121.977943294, 45.917143432], [-121.978413274, 45.9153211620001], [-121.976782623, 45.9132088280001], [-121.976780316, 45.913203991], [-121.976592969, 45.9127866540001], [-121.976325878, 45.912312361], [-121.9757754, 45.9120611600001], [-121.975289744, 45.9116753700001], [-121.975025001, 45.911213364], [-121.974780791, 45.9111598590001], [-121.974284195, 45.9108647050001], [-121.973853238, 45.910404586], [-121.973871502, 45.909886509], [-121.974154084, 45.9094271170001], [-121.974337356, 45.9089911840001], [-121.973983602, 45.9085027670001], [-121.973497839, 45.9081278680001], [-121.97356975, 45.9075371270001], [-121.97355597, 45.907528062], [-121.973302168, 45.9073586270001], [-121.973333597, 45.90676998], [-121.972906604, 45.906493224], [-121.972811954, 45.9060470850001], [-121.972736287, 45.9056873010001], [-121.972332262, 45.9052814710001], [-121.972749798, 45.9049548520001], [-121.973273896, 45.904428088], [-121.973873654, 45.904261105], [-121.974405611, 45.9044238870001], [-121.974854489, 45.9046290140001], [-121.975050335, 45.9047547960001], [-121.975753092, 45.904689825], [-121.97635746, 45.90493209], [-121.976359087, 45.90493281], [-121.976371644, 45.904937843], [-121.976915129, 45.9051781970001], [-121.977506557, 45.90539719], [-121.977513894, 45.905400408], [-121.977520741, 45.9054029430001], [-121.978097256, 45.9056557580001], [-121.978720127, 45.9058973620001], [-121.979006117, 45.905905171], [-121.979013476, 45.905599921], [-121.979224991, 45.9052858000001], [-121.979920064, 45.9058385770001], [-121.980054857, 45.905691646], [-121.980068599, 45.9056978790001], [-121.980068665, 45.905697909], [-121.980069107, 45.9056974270001], [-121.98006931, 45.9056972060001], [-121.980083053, 45.905703439], [-121.980083495, 45.9057029580001], [-121.980164548, 45.9057397190001], [-121.98061821, 45.905408677], [-121.980389611, 45.9049352490001], [-121.980281254, 45.904452119], [-121.980351474, 45.903956206], [-121.980400295, 45.9037138950001], [-121.979559364, 45.9038811], [-121.979563311, 45.903665673], [-121.979719678, 45.9029919540001], [-121.979706474, 45.90258964], [-121.979431899, 45.901854616], [-121.979318212, 45.9013221270001], [-121.979328476, 45.900762017], [-121.979007245, 45.900328222], [-121.978745098, 45.9000385960001], [-121.978752471, 45.8996364660001], [-121.978822607, 45.899177439], [-121.979138526, 45.898778065], [-121.980067059, 45.8986283520001], [-121.980784372, 45.898778394], [-121.980861921, 45.8990376410001], [-121.980877958, 45.8992845290001], [-121.980878131, 45.8992901030001], [-121.981367621, 45.8992962890001], [-121.982061632, 45.8992953100001], [-121.982320789, 45.898865184], [-121.982731452, 45.8984378820001]]], [[[-122.130552311, 45.9618591830001], [-122.133455221, 45.9613118990001], [-122.135706654, 45.9612944450001], [-122.13657337, 45.9613969210001], [-122.139302745, 45.9610271540001], [-122.141807894, 45.960783699], [-122.141251033, 45.9605705500001], [-122.14091598, 45.960176871], [-122.140768393, 45.959732124], [-122.14027339, 45.959385281], [-122.139639891, 45.9592081550001], [-122.139575984, 45.958735704], [-122.140016871, 45.95838245], [-122.140307622, 45.9579717660001], [-122.140237188, 45.9575040060001], [-122.140188031, 45.9570297440001], [-122.140101926, 45.9565806360001], [-122.139812239, 45.956168942], [-122.139481942, 45.9557495540001], [-122.139200991, 45.9553410770001], [-122.138883657, 45.9549244140001], [-122.138568704, 45.9545151610001], [-122.138648195, 45.9540609740001], [-122.138033876, 45.953890824], [-122.137437526, 45.9537045800001], [-122.136739091, 45.9536243490001], [-122.136090715, 45.953695345], [-122.135418547, 45.9537676310001], [-122.1347623, 45.95366893], [-122.134377086, 45.9540363830001], [-122.133853956, 45.954343582], [-122.133341153, 45.95397008], [-122.13162354, 45.954205744], [-122.131114489, 45.9544896300001], [-122.130418208, 45.9544815450001], [-122.130779133, 45.9548658570001], [-122.131234507, 45.955247161], [-122.131728693, 45.955615815], [-122.13226724, 45.955885725], [-122.13282174, 45.956139949], [-122.133249075, 45.956519821], [-122.133000293, 45.9569894690001], [-122.133364662, 45.9573970800001], [-122.13413248, 45.9576331920001], [-122.13433877, 45.9580623300001], [-122.134062588, 45.9584796600001], [-122.133754886, 45.9588945150001], [-122.133964484, 45.9593438750001], [-122.133401041, 45.9595763780001], [-122.132741323, 45.9597670860001], [-122.132129765, 45.959944084], [-122.13148106, 45.9599967410001], [-122.130773493, 45.9598779200001], [-122.130135573, 45.9601381750001], [-122.129908113, 45.9605842660001], [-122.129722956, 45.961039559], [-122.129554123, 45.9615015700001], [-122.130552311, 45.9618591830001]]], [[[-122.122061853, 45.9522653870001], [-122.122551583, 45.951764488], [-122.122941292, 45.951356703], [-122.123421465, 45.951021987], [-122.124056113, 45.950870772], [-122.124711226, 45.9507048510001], [-122.125395883, 45.950639407], [-122.125714146, 45.950631716], [-122.125728321, 45.950632123], [-122.125656165, 45.9494441520001], [-122.12565616, 45.9494440760001], [-122.125656433, 45.9494439090001], [-122.126143981, 45.949143851], [-122.126706544, 45.9494438830001], [-122.126722458, 45.9499213510001], [-122.127264211, 45.950044577], [-122.127267485, 45.9500430690001], [-122.127268393, 45.950045527], [-122.127281972, 45.9500486160001], [-122.127460807, 45.9505334610001], [-122.127428538, 45.9505761520001], [-122.127955028, 45.9507382740001], [-122.128299922, 45.9510256930001], [-122.128442813, 45.951049041], [-122.128650247, 45.951082936], [-122.129021988, 45.9510474080001], [-122.129128918, 45.950889714], [-122.129664077, 45.9506333940001], [-122.130307065, 45.9504639310001], [-122.130585937, 45.950026259], [-122.130575988, 45.9495146770001], [-122.130623952, 45.9490260480001], [-122.130807874, 45.9485443300001], [-122.131124599, 45.948099121], [-122.131167605, 45.9476055530001], [-122.131088358, 45.9471376230001], [-122.131007988, 45.9466591780001], [-122.131211592, 45.946199425], [-122.131770514, 45.9457526850001], [-122.132433531, 45.945778309], [-122.133014657, 45.9455475140001], [-122.133690631, 45.9453637880001], [-122.134378628, 45.9453522700001], [-122.134989534, 45.9455068340001], [-122.135414066, 45.945882698], [-122.135651847, 45.9461309590001], [-122.136606346, 45.946148099], [-122.137609717, 45.9463586110001], [-122.13830943, 45.946464416], [-122.138487668, 45.9464636590001], [-122.139099351, 45.9467067640001], [-122.139447402, 45.9470933090001], [-122.139947185, 45.9473951790001], [-122.14055777, 45.947617065], [-122.141230663, 45.9477153230001], [-122.141872348, 45.947889306], [-122.142414163, 45.948155409], [-122.14306288, 45.948269527], [-122.143687421, 45.948529878], [-122.144256153, 45.948816235], [-122.144313402, 45.9488569650001], [-122.144629749, 45.948696639], [-122.145289903, 45.9485615], [-122.145912386, 45.948336968], [-122.146540021, 45.9485556130001], [-122.147096453, 45.948477462], [-122.1471012, 45.9484692130001], [-122.147545559, 45.9474493490001], [-122.14687848, 45.947351983], [-122.146282182, 45.9471739590001], [-122.146651993, 45.946769395], [-122.147276683, 45.9466086990001], [-122.147827684, 45.9463513590001], [-122.148413187, 45.94611309], [-122.148477627, 45.9460861200001], [-122.146733709, 45.9450934130001], [-122.147574359, 45.9435364560001], [-122.147560639, 45.943529487], [-122.14735282, 45.9434821460001], [-122.147009941, 45.9430881690001], [-122.146424762, 45.9428435770001], [-122.145736867, 45.9429391780001], [-122.145069889, 45.9429717100001], [-122.145067865, 45.9425071950001], [-122.145162936, 45.9420268150001], [-122.144699485, 45.9416543390001], [-122.14421549, 45.941320401], [-122.143593163, 45.9410939100001], [-122.142815344, 45.9411694880001], [-122.142175244, 45.9409684130001], [-122.141519431, 45.940764501], [-122.140821265, 45.9407353570001], [-122.140868433, 45.9402361360001], [-122.140199521, 45.9402479770001], [-122.139534503, 45.940226458], [-122.138757243, 45.9404003870001], [-122.138122202, 45.940159728], [-122.137662954, 45.9398076910001], [-122.137304911, 45.9394536250001], [-122.136845169, 45.939137353], [-122.136166581, 45.939060506], [-122.135475188, 45.9391239830001], [-122.135103988, 45.938784943], [-122.135097903, 45.938779385], [-122.134448967, 45.9386508600001], [-122.133834454, 45.9384095080001], [-122.132558835, 45.937264181], [-122.131994121, 45.9375001290001], [-122.1316486, 45.937894527], [-122.130434613, 45.9381053060001], [-122.130434512, 45.938105324], [-122.130324776, 45.938124364], [-122.12961458, 45.938233231], [-122.128953021, 45.9381349590001], [-122.128917543, 45.9376556440001], [-122.129077126, 45.9376229370001], [-122.12907853, 45.93762265], [-122.129629547, 45.9375097130001], [-122.130301396, 45.937423542], [-122.13089207, 45.93723199], [-122.130468836, 45.9368828250001], [-122.129606171, 45.9368082500001], [-122.128933192, 45.9365933770001], [-122.128436528, 45.936935813], [-122.128095794, 45.9372936500001], [-122.1280678, 45.937323049], [-122.127343699, 45.9373465720001], [-122.126949449, 45.9369694270001], [-122.126429561, 45.9366324900001], [-122.125835316, 45.9363633560001], [-122.125139718, 45.936368197], [-122.124458496, 45.9364279760001], [-122.123808077, 45.9363147020001], [-122.123674422, 45.9358318640001], [-122.123882053, 45.935426599], [-122.123882457, 45.9354258110001], [-122.123810154, 45.935393278], [-122.123151357, 45.935009893], [-122.123146824, 45.935010135], [-122.122865513, 45.93502518], [-122.122218088, 45.934999099], [-122.121809683, 45.934643093], [-122.121215417, 45.9348260420001], [-122.120620382, 45.9345737290001], [-122.119942366, 45.9345370610001], [-122.119482829, 45.9348975140001], [-122.119628431, 45.935338239], [-122.119905918, 45.935702522], [-122.119957997, 45.9357708910001], [-122.119489908, 45.936081078], [-122.119147723, 45.9356916190001], [-122.119127592, 45.935589792], [-122.119057255, 45.935234011], [-122.118684015, 45.934823011], [-122.118030394, 45.9345439590001], [-122.117472526, 45.934772233], [-122.117264019, 45.9352249560001], [-122.116715377, 45.9354809180001], [-122.116321218, 45.9349808650001], [-122.11626007, 45.9345226280001], [-122.116119373, 45.9340755330001], [-122.116096049, 45.933988705], [-122.116084348, 45.9339935080001], [-122.115651938, 45.9341039130001], [-122.114742802, 45.9342779830001], [-122.114693934, 45.9343451450001], [-122.114177519, 45.9347047110001], [-122.113734851, 45.9350555300001], [-122.113328167, 45.935462838], [-122.112656479, 45.9354574860001], [-122.112159214, 45.9351306790001], [-122.112029199, 45.9348207290001], [-122.11200256, 45.934757222], [-122.111991262, 45.9347592610001], [-122.111633039, 45.934719231], [-122.111036277, 45.934998518], [-122.110877515, 45.9354932370001], [-122.110612719, 45.935967265], [-122.110236448, 45.936401796], [-122.109984705, 45.936874613], [-122.109430603, 45.9372483080001], [-122.108735529, 45.9373581240001], [-122.108587196, 45.9373496100001], [-122.108491462, 45.9375429610001], [-122.108428295, 45.9380309210001], [-122.108214367, 45.938544043], [-122.107849809, 45.9390033080001], [-122.107787126, 45.938546892], [-122.107704281, 45.938076032], [-122.107561508, 45.937618441], [-122.107603638, 45.9371412240001], [-122.107594893, 45.9366820760001], [-122.107618601, 45.936153485], [-122.107501982, 45.9357088990001], [-122.106839072, 45.935807106], [-122.106670363, 45.935282805], [-122.10698765, 45.934833719], [-122.107368398, 45.9344340380001], [-122.10729866, 45.9339605640001], [-122.107309399, 45.9334715970001], [-122.107877663, 45.93324813], [-122.108572061, 45.9332462470001], [-122.109454156, 45.9331512320001], [-122.110084065, 45.932884202], [-122.110213048, 45.9324288010001], [-122.110155647, 45.9319730620001], [-122.109998317, 45.9315060530001], [-122.109860706, 45.931028328], [-122.109884513, 45.9305756630001], [-122.109894147, 45.9305326590001], [-122.107835748, 45.930494604], [-122.107712344, 45.9304415010001], [-122.107577071, 45.930385825], [-122.107481331, 45.930337815], [-122.107345739, 45.9302711720001], [-122.10728905, 45.9302143780001], [-122.107199888, 45.9301223890001], [-122.107151138, 45.9300682250001], [-122.107065905, 45.9299761780001], [-122.106873865, 45.929860965], [-122.106809399, 45.9298070250001], [-122.106700593, 45.9297153140001], [-122.106666279, 45.9296170590001], [-122.106636054, 45.92952423], [-122.106577366, 45.9293988920001], [-122.106534153, 45.9292651060001], [-122.106560936, 45.9292400400001], [-122.106598065, 45.929165454], [-122.10665035, 45.9290714530001], [-122.106698786, 45.9289802500001], [-122.106747142, 45.928886305], [-122.106795497, 45.92879236], [-122.106843852, 45.928698415], [-122.106876971, 45.928621143], [-122.106913539, 45.928527365], [-122.106976971, 45.928411263], [-122.107065015, 45.9283304680001], [-122.107203095, 45.9282133030001], [-122.107362981, 45.928169886], [-122.107464733, 45.9281547250001], [-122.107597838, 45.9281363740001], [-122.107684435, 45.9281406280001], [-122.107818259, 45.9281469530001], [-122.107889141, 45.9281514300001], [-122.108022965, 45.928157755], [-122.108195438, 45.928141586], [-122.10833616, 45.928114898], [-122.108502621, 45.9280275], [-122.108626263, 45.927954426], [-122.10872088, 45.92782965], [-122.108750869, 45.927779851], [-122.108803149, 45.9276858490001], [-122.10882111, 45.927627993], [-122.108853746, 45.9275342710001], [-122.108895041, 45.927467854], [-122.108951249, 45.927373796], [-122.108992222, 45.927296412], [-122.109044501, 45.9272024100001], [-122.109068076, 45.9270676740001], [-122.109033759, 45.926969419], [-122.108990703, 45.926841117], [-122.10898926, 45.9267917650001], [-122.108982606, 45.926698603], [-122.10898397, 45.926610811], [-122.108989103, 45.9265174810001], [-122.10900963, 45.9264129600001], [-122.109026548, 45.9263194600001], [-122.109055654, 45.926239503], [-122.109092217, 45.926145725], [-122.10912878, 45.9260519470001], [-122.10916895, 45.9259471450001], [-122.109201584, 45.925853422], [-122.109219785, 45.9258037920001], [-122.109248489, 45.9257101250001], [-122.109286093, 45.9256519900001], [-122.109350157, 45.9255578200001], [-122.109441642, 45.925460516], [-122.109572894, 45.9253791030001], [-122.109704226, 45.925300432], [-122.109869794, 45.925182873], [-122.109911406, 45.925127423], [-122.109983325, 45.92503314], [-122.110066389, 45.9249167560001], [-122.110076652, 45.9248644960001], [-122.110097497, 45.9247709410001], [-122.110117941, 45.9246636780001], [-122.110124034, 45.924603248], [-122.110129164, 45.9245099170001], [-122.110130847, 45.9244330920001], [-122.110135977, 45.924339762], [-122.110128359, 45.9242136980001], [-122.110176063, 45.9240978170001], [-122.110205807, 45.9240397930001], [-122.110254153, 45.923945847], [-122.11037201, 45.9238097670001], [-122.11049099, 45.9237120710001], [-122.110684133, 45.923596859], [-122.110858112, 45.9234983790001], [-122.11093989, 45.923472528], [-122.111072259, 45.923429497], [-122.111243352, 45.923366715], [-122.111406669, 45.9233067860001], [-122.111518511, 45.923233877], [-122.111618648, 45.923163876], [-122.111687194, 45.923088841], [-122.111770893, 45.92299439], [-122.111831262, 45.9229085000001], [-122.111895317, 45.9228143280001], [-122.111966428, 45.9226926270001], [-122.112022626, 45.9225985680001], [-122.112114904, 45.922528679], [-122.112264744, 45.922411341], [-122.112392585, 45.9223234190001], [-122.112405176, 45.9222372570001], [-122.11242341, 45.921719904], [-122.112515112, 45.9210718240001], [-122.112554033, 45.9206147570001], [-122.112509177, 45.920134805], [-122.112430889, 45.9196741120001], [-122.112353132, 45.919159569], [-122.112171732, 45.9186607600001], [-122.112139727, 45.9181841130001], [-122.112603654, 45.9177793210001], [-122.112390216, 45.917354797], [-122.11165568, 45.917153451], [-122.111002119, 45.9171984160001], [-122.110292452, 45.9172584940001], [-122.109588281, 45.9172134990001], [-122.108818913, 45.917253735], [-122.108358695, 45.916866606], [-122.10766026, 45.9168018010001], [-122.106863978, 45.9169500630001], [-122.106142094, 45.9171024280001], [-122.105177715, 45.9170454590001], [-122.104304598, 45.9170006910001], [-122.103507031, 45.9169322640001], [-122.102769419, 45.916971835], [-122.101960734, 45.9171383290001], [-122.101686611, 45.9172134890001], [-122.101695772, 45.917254187], [-122.101745623, 45.917346738], [-122.101791386, 45.9174338610001], [-122.101841237, 45.917526412], [-122.101891088, 45.9176189630001], [-122.101944867, 45.917711458], [-122.102015477, 45.9178421140001], [-122.102066525, 45.917975792], [-122.102073167, 45.9180689550001], [-122.102078611, 45.9181209920001], [-122.102065771, 45.918219917], [-122.102008922, 45.9182920370001], [-122.101907984, 45.918334611], [-122.101757336, 45.91842452], [-122.101673706, 45.918521705], [-122.101625511, 45.9186211310001], [-122.10163608, 45.9187142390001], [-122.101647765, 45.918845731], [-122.101662103, 45.9189333], [-122.101672912, 45.9190346330001], [-122.101663839, 45.919128018], [-122.101650918, 45.9192242020001], [-122.101606491, 45.91931809], [-122.101561824, 45.9194037520001], [-122.101525252, 45.919497527], [-122.101513706, 45.9195242750001], [-122.101623871, 45.9195044050001], [-122.10247231, 45.9194055840001], [-122.103193332, 45.919384521], [-122.103769084, 45.9196188440001], [-122.103677137, 45.920069993], [-122.103262808, 45.9204810320001], [-122.102850991, 45.920846602], [-122.102400008, 45.921187258], [-122.101732887, 45.921368731], [-122.100938273, 45.921394799], [-122.100762561, 45.9213865080001], [-122.10070616, 45.92146754], [-122.100636723, 45.92151241], [-122.100548122, 45.9215740070001], [-122.100423128, 45.9216004640001], [-122.100336383, 45.9215907220001], [-122.100201298, 45.9215405190001], [-122.100133797, 45.9215167890001], [-122.099999511, 45.9214940050001], [-122.099912606, 45.9214787780001], [-122.09977848, 45.921461477], [-122.099675941, 45.9214492140001], [-122.099504601, 45.9215037540001], [-122.099362036, 45.9216017730001], [-122.099274389, 45.921696271], [-122.099228601, 45.9217435470001], [-122.099086035, 45.9218415650001], [-122.098930646, 45.921904107], [-122.098797474, 45.9219197050001], [-122.098711286, 45.9219291530001], [-122.098544032, 45.921989119], [-122.098429043, 45.9220894900001], [-122.09837675, 45.922183487], [-122.098324457, 45.9222774840001], [-122.098272165, 45.922371481], [-122.098208564, 45.922482094], [-122.098145679, 45.9226173850001], [-122.098042394, 45.9227148460001], [-122.09790038, 45.922832054], [-122.097799018, 45.922932733], [-122.09800725, 45.9230931450001], [-122.098415414, 45.9234704180001], [-122.098455662, 45.924006616], [-122.098270631, 45.924513093], [-122.098004904, 45.925104107], [-122.097875626, 45.9256064050001], [-122.0977953, 45.9261546750001], [-122.097629914, 45.926733803], [-122.09744847, 45.927195279], [-122.097204032, 45.927699542], [-122.097135446, 45.9282719110001], [-122.09711929, 45.928725962], [-122.096991856, 45.929202676], [-122.096597592, 45.929622673], [-122.096146768, 45.9300434840001], [-122.09567371, 45.930408562], [-122.095233875, 45.930776409], [-122.094791933, 45.931167514], [-122.094132908, 45.93100987], [-122.094298812, 45.9305678870001], [-122.094284543, 45.9305617840001], [-122.093825312, 45.930162389], [-122.093985275, 45.929722982], [-122.094727407, 45.9287439780001], [-122.095137826, 45.9283077170001], [-122.095459054, 45.9279007530001], [-122.096086495, 45.9270781810001], [-122.096317858, 45.9265802640001], [-122.096024633, 45.925039661], [-122.095650456, 45.924482986], [-122.09565842, 45.9245341370001], [-122.095672909, 45.9246271900001], [-122.095687398, 45.9247202430001], [-122.095692678, 45.9247667970001], [-122.095691452, 45.9248600720001], [-122.095692962, 45.9249121650001], [-122.09564852, 45.92500605], [-122.095622688, 45.925064015], [-122.09556253, 45.925158121], [-122.095494754, 45.925260565], [-122.095418881, 45.9253548930001], [-122.095339318, 45.925457502], [-122.095243799, 45.925552107], [-122.095167369, 45.9256272440001], [-122.095001451, 45.9257338150001], [-122.094868985, 45.9257740840001], [-122.09476763, 45.9258029430001], [-122.094635561, 45.925856921], [-122.094484084, 45.925919401], [-122.094352808, 45.926000796], [-122.094271733, 45.926051312], [-122.094090335, 45.9261663280001], [-122.093963382, 45.9262613760001], [-122.093901871, 45.926308872], [-122.093719995, 45.9264074370001], [-122.093541729, 45.92649498], [-122.093391044, 45.926584876], [-122.093279805, 45.9266797020001], [-122.093210673, 45.926735534], [-122.093126936, 45.9268299710001], [-122.0930432, 45.926924409], [-122.092959463, 45.9270188460001], [-122.092879654, 45.927113229], [-122.092811156, 45.927190995], [-122.092739205, 45.9272852660001], [-122.092667252, 45.927379537], [-122.092591371, 45.927473864], [-122.0925118, 45.9275764710001], [-122.092428061, 45.927670908], [-122.092336701, 45.9277736810001], [-122.092220578, 45.92783566], [-122.092046551, 45.9279341120001], [-122.091913601, 45.9279579280001], [-122.091819782, 45.927975706], [-122.091686594, 45.9279912960001], [-122.091506338, 45.9280102930001], [-122.091372911, 45.9280176570001], [-122.091227698, 45.928025188], [-122.09109459, 45.928043519], [-122.091000691, 45.9280585550001], [-122.09086774, 45.92808237], [-122.090789477, 45.9280944430001], [-122.090598384, 45.928146504], [-122.090406261, 45.9281629220001], [-122.090272756, 45.928167543], [-122.090174531, 45.9281689250001], [-122.090040629, 45.9281598380001], [-122.089906648, 45.9281480080001], [-122.089772746, 45.928138921], [-122.089658489, 45.928129556], [-122.089524587, 45.928120468], [-122.089390764, 45.9281141220001], [-122.089256863, 45.9281050330001], [-122.089146615, 45.928098355], [-122.089042068, 45.9280784850001], [-122.088444673, 45.9281908180001], [-122.087802643, 45.927934538], [-122.087561849, 45.9277845840001], [-122.087525771, 45.927775534], [-122.087391159, 45.927741768], [-122.087323813, 45.927723514], [-122.087189123, 45.927687006], [-122.087066678, 45.927653816], [-122.087054432, 45.9276504970001], [-122.08695141, 45.9276217720001], [-122.086816086, 45.9275633290001], [-122.086680843, 45.9275076280001], [-122.086501749, 45.927430599], [-122.086366111, 45.9273611890001], [-122.086230472, 45.927291779], [-122.086110709, 45.9272276310001], [-122.085975151, 45.927160961], [-122.085839672, 45.927097034], [-122.085739949, 45.9270463190001], [-122.085603759, 45.9269577160001], [-122.08546757, 45.9268691130001], [-122.085363366, 45.9267992600001], [-122.085262459, 45.926707418], [-122.085165481, 45.926615521], [-122.085064575, 45.9265236800001], [-122.084987874, 45.926453441], [-122.084863394, 45.92636193], [-122.084775144, 45.9263000820001], [-122.084650666, 45.92620857], [-122.084526188, 45.926117058], [-122.084401711, 45.9260255460001], [-122.084325485, 45.9259717580001], [-122.08419315, 45.9258803560001], [-122.084060816, 45.9257889530001], [-122.083928483, 45.925697551], [-122.083796229, 45.9256088910001], [-122.083663896, 45.925517488], [-122.083531563, 45.9254260860001], [-122.083399232, 45.925334682], [-122.083294954, 45.925262086], [-122.083182267, 45.925170408], [-122.083065652, 45.925078785], [-122.082952965, 45.9249871060001], [-122.082840358, 45.9248981690001], [-122.082759891, 45.924833467], [-122.082631491, 45.9247420090001], [-122.082503091, 45.9246505500001], [-122.082374692, 45.924559091], [-122.08224637, 45.9244703730001], [-122.082117972, 45.9243789130001], [-122.081949499, 45.9242605860001], [-122.081840745, 45.924168852], [-122.081728063, 45.9240771710001], [-122.081619309, 45.9239854370001], [-122.081510635, 45.923896444], [-122.081413983, 45.923815511], [-122.081257851, 45.9237162100001], [-122.08107862, 45.923633689], [-122.080944021, 45.9235999150001], [-122.080817359, 45.9235687720001], [-122.080682053, 45.923510322], [-122.080598527, 45.923475834], [-122.080463064, 45.9234119000001], [-122.080387318, 45.9233745590001], [-122.080251382, 45.9232941750001], [-122.080158347, 45.923202218], [-122.080085507, 45.92312918], [-122.080012115, 45.923036949], [-122.079946975, 45.9229583170001], [-122.079798154, 45.922839713], [-122.079663086, 45.922789487], [-122.079575713, 45.9227577930001], [-122.079441039, 45.9227212750001], [-122.079270694, 45.922674285], [-122.079260659, 45.922669958], [-122.079256222, 45.9226687340001], [-122.07906521, 45.922586375], [-122.079048306, 45.9225759620001], [-122.078351581, 45.9223834310001], [-122.077851215, 45.9220547], [-122.077751424, 45.9220481940001], [-122.077741782, 45.9220429580001], [-122.077736952, 45.9220426430001], [-122.077273898, 45.921910757], [-122.07674205, 45.9216487800001], [-122.07606531, 45.921847938], [-122.075965669, 45.9223415450001], [-122.075942081, 45.9228355500001], [-122.07587198, 45.9233449320001], [-122.075287779, 45.923837044], [-122.07530139, 45.923843321], [-122.075547619, 45.9243591470001], [-122.075681178, 45.924852951], [-122.075805874, 45.925490848], [-122.07588033, 45.9259804170001], [-122.075872921, 45.9265397230001], [-122.075861476, 45.9270851420001], [-122.075867077, 45.927678632], [-122.07607785, 45.928148595], [-122.076243163, 45.928645327], [-122.076348856, 45.929097594], [-122.076360513, 45.929147474], [-122.075885851, 45.9294612950001], [-122.075127926, 45.929690604], [-122.075429418, 45.9301452990001], [-122.075799107, 45.930612587], [-122.076148382, 45.9311000110001], [-122.076485668, 45.931508793], [-122.076981597, 45.9318767140001], [-122.07688583, 45.9320171640001], [-122.076695987, 45.9322955820001], [-122.076680646, 45.932290143], [-122.076430252, 45.93232299], [-122.075508285, 45.932308193], [-122.074911878, 45.9321138490001], [-122.074201351, 45.9317329360001], [-122.072590407, 45.930471971], [-122.072121332, 45.9308702020001], [-122.071760937, 45.93138179], [-122.071336744, 45.931832925], [-122.071601312, 45.9319582160001], [-122.071970874, 45.932353601], [-122.072065152, 45.9328387320001], [-122.072041597, 45.9332993260001], [-122.071396036, 45.9334953680001], [-122.070736861, 45.9332052250001], [-122.070459002, 45.9336504070001], [-122.07072607, 45.934084397], [-122.070875143, 45.9345308950001], [-122.070660283, 45.9349708510001], [-122.070005461, 45.935133331], [-122.069473879, 45.935399976], [-122.06893191, 45.935720657], [-122.068428376, 45.9360363530001], [-122.067947717, 45.936373148], [-122.067372136, 45.9367048780001], [-122.066860862, 45.9369800430001], [-122.06657019, 45.937401294], [-122.066474339, 45.9378504430001], [-122.066445442, 45.9380529630001], [-122.066843264, 45.9381640620001], [-122.066894325, 45.9387885510001], [-122.06671363, 45.9392530920001], [-122.06698672, 45.9396826490001], [-122.066963812, 45.940133367], [-122.066294761, 45.940124202], [-122.065734538, 45.939863723], [-122.06538961, 45.93948026], [-122.064700332, 45.9393688120001], [-122.064032987, 45.9395017530001], [-122.063351002, 45.9394529400001], [-122.063673776, 45.939015447], [-122.064020568, 45.938689073], [-122.063853452, 45.938517705], [-122.063332802, 45.938222081], [-122.063164242, 45.93813219], [-122.059946317, 45.938627635], [-122.055361289, 45.9389103030001], [-122.054084636, 45.938948823], [-122.054013675, 45.9391132920001], [-122.053948949, 45.939574715], [-122.053981592, 45.9400416980001], [-122.054033825, 45.9404942560001], [-122.054258494, 45.9409417190001], [-122.054240974, 45.9414690340001], [-122.054478396, 45.9419434260001], [-122.054801142, 45.9423610690001], [-122.05441926, 45.9427488950001], [-122.054323053, 45.943143949], [-122.054658085, 45.9433138140001], [-122.05536923, 45.943838859], [-122.055397377, 45.9438830870001], [-122.056153001, 45.9440686450001], [-122.056350233, 45.9444513280001], [-122.056356159, 45.944460781], [-122.057446095, 45.94396349], [-122.057840569, 45.944028288], [-122.057874613, 45.9439894980001], [-122.058539027, 45.943823319], [-122.05915199, 45.9435592900001], [-122.059366038, 45.9435915270001], [-122.05937885, 45.943598169], [-122.0595926, 45.943458134], [-122.060361748, 45.9433091880001], [-122.060551524, 45.943776153], [-122.061503358, 45.9441180000001], [-122.061975197, 45.9442488240001], [-122.062045349, 45.9444841540001], [-122.062049013, 45.944489242], [-122.062241555, 45.944756592], [-122.062611817, 45.9450288210001], [-122.062813887, 45.9450696660001], [-122.062822545, 45.9450687880001], [-122.063151265, 45.945035444], [-122.063545562, 45.9446275820001], [-122.064155285, 45.944738468], [-122.064157856, 45.9447360140001], [-122.06477736, 45.944476224], [-122.065507105, 45.944607368], [-122.066400522, 45.9454234], [-122.06675973, 45.9458193350001], [-122.06691415, 45.946289252], [-122.06714235, 45.9472572930001], [-122.06740771, 45.947455995], [-122.067827605, 45.947403136], [-122.068271241, 45.947309702], [-122.068566156, 45.9471570050001], [-122.069141224, 45.946758962], [-122.069154076, 45.946756183], [-122.069117859, 45.9465704620001], [-122.06909393, 45.9464477450001], [-122.069707253, 45.9462211900001], [-122.0699819, 45.945772907], [-122.070535047, 45.9455292850001], [-122.071278647, 45.945642235], [-122.07167626, 45.9458016460001], [-122.071878295, 45.945882645], [-122.072258449, 45.9462852180001], [-122.072394847, 45.946542435], [-122.072431949, 45.9466022600001], [-122.072489637, 45.946694715], [-122.072507083, 45.9467548150001], [-122.072519331, 45.946805833], [-122.072651539, 45.947174687], [-122.072812079, 45.9477115180001], [-122.072968625, 45.948182951], [-122.073259678, 45.9484245470001], [-122.073690825, 45.9482581390001], [-122.073815374, 45.948210067], [-122.073833865, 45.948190063], [-122.073953747, 45.9481198230001], [-122.074077952, 45.948063237], [-122.074209938, 45.948003799], [-122.074405438, 45.9479654200001], [-122.074534357, 45.9479361960001], [-122.074667285, 45.9479096590001], [-122.074800212, 45.9478831220001], [-122.074933139, 45.9478565850001], [-122.074997748, 45.947847304], [-122.075038867, 45.947841398], [-122.075077352, 45.9478361050001], [-122.07517928, 45.9478098870001], [-122.07523747, 45.9478233150001], [-122.075436935, 45.9478693400001], [-122.075441512, 45.94786601], [-122.075721821, 45.9476620400001], [-122.075949968, 45.947083509], [-122.076090356, 45.9467275150001], [-122.076090572, 45.9467274560001], [-122.076090625, 45.9467273230001], [-122.078189504, 45.9461880470001], [-122.078188189, 45.94616984], [-122.078156711, 45.945996558], [-122.078148215, 45.945949786], [-122.078214132, 45.9459568300001], [-122.07852582, 45.945741185], [-122.078595101, 45.9450707600001], [-122.078933833, 45.944680195], [-122.079291603, 45.9445381400001], [-122.079659967, 45.9442132290001], [-122.080250341, 45.9441462620001], [-122.080508052, 45.9438776790001], [-122.080409514, 45.9434093690001], [-122.080084071, 45.9430139950001], [-122.079356279, 45.9429056710001], [-122.078709077, 45.9427988460001], [-122.078220149, 45.9424916900001], [-122.077457873, 45.9423849400001], [-122.077109814, 45.941947999], [-122.076815444, 45.94152581], [-122.076738848, 45.9410718820001], [-122.07670238, 45.940610743], [-122.07654527, 45.940125251], [-122.077193369, 45.939889814], [-122.078399641, 45.940018982], [-122.078479148, 45.9399953860001], [-122.078467302, 45.939989053], [-122.078479914, 45.939995159], [-122.078616953, 45.9399544880001], [-122.079259078, 45.9398034930001], [-122.079884592, 45.939601748], [-122.080557738, 45.9396028470001], [-122.081133656, 45.9398756300001], [-122.081811588, 45.939840389], [-122.082346756, 45.94016399], [-122.082896824, 45.940475319], [-122.083339959, 45.9408117140001], [-122.083904044, 45.9410388950001], [-122.084457208, 45.941289479], [-122.085173526, 45.9413505590001], [-122.08581869, 45.9412596020001], [-122.086417934, 45.941527847], [-122.086864637, 45.9419068540001], [-122.087390187, 45.9422426090001], [-122.087821482, 45.942612233], [-122.088331896, 45.9429569590001], [-122.088946963, 45.943181227], [-122.089691971, 45.943389256], [-122.090128076, 45.9434899940001], [-122.090142602, 45.9434955300001], [-122.092119619, 45.9428620850001], [-122.092319522, 45.9429864780001], [-122.093303491, 45.943636854], [-122.093786165, 45.9435564610001], [-122.094332201, 45.9438170980001], [-122.094685045, 45.9442331060001], [-122.095004833, 45.944664426], [-122.095555061, 45.944956544], [-122.096208534, 45.9451646260001], [-122.096938607, 45.9452332720001], [-122.097617549, 45.9453446480001], [-122.098051942, 45.945769071], [-122.098297466, 45.9462496310001], [-122.098312417, 45.9464272750001], [-122.098419339, 45.946479717], [-122.098353974, 45.9468265], [-122.098436995, 45.947318212], [-122.098612387, 45.9478270320001], [-122.098716094, 45.948334027], [-122.099086075, 45.948743558], [-122.099353033, 45.949187248], [-122.099522445, 45.9496981940001], [-122.09975207, 45.9501849320001], [-122.100008938, 45.950663322], [-122.100401462, 45.9508429800001], [-122.101247899, 45.9508724070001], [-122.101249082, 45.950867402], [-122.10131968, 45.950136887], [-122.101761724, 45.9497662960001], [-122.101897026, 45.9497131780001], [-122.101915458, 45.949684222], [-122.10171575, 45.949175869], [-122.101333172, 45.948740119], [-122.101300488, 45.948351954], [-122.101365699, 45.9478629130001], [-122.100959809, 45.9474272910001], [-122.100390302, 45.9472121530001], [-122.099863347, 45.9468538690001], [-122.099859837, 45.946403763], [-122.100049738, 45.945897476], [-122.10025478, 45.9456851], [-122.10026438, 45.9456778840001], [-122.100248874, 45.9456373350001], [-122.100164795, 45.945172987], [-122.100099311, 45.944985021], [-122.100082518, 45.944972841], [-122.099737396, 45.9446365590001], [-122.100007597, 45.9443841950001], [-122.100022093, 45.9443892950001], [-122.100026116, 45.9442758540001], [-122.100669744, 45.944438287], [-122.101274994, 45.9446514790001], [-122.101726288, 45.944999135], [-122.102264116, 45.9453331230001], [-122.102799576, 45.945598745], [-122.103334267, 45.9459827310001], [-122.103641622, 45.946138933], [-122.103644644, 45.9461432640001], [-122.104015223, 45.946182671], [-122.104345846, 45.946581102], [-122.104693185, 45.9470674790001], [-122.105003943, 45.947473637], [-122.105412266, 45.947890311], [-122.105557443, 45.948029847], [-122.106229061, 45.9464437500001], [-122.106229134, 45.9464440200001], [-122.106229329, 45.9464435580001], [-122.106754385, 45.9466685830001], [-122.106462495, 45.9485463450001], [-122.107606201, 45.9496591320001], [-122.10769325, 45.9496937270001], [-122.108304964, 45.9499185700001], [-122.108843631, 45.950204119], [-122.109347332, 45.950517598], [-122.109857613, 45.9507085330001], [-122.109871915, 45.9507141720001], [-122.110242031, 45.950531615], [-122.11033186, 45.9503437920001], [-122.110111622, 45.9500479330001], [-122.109853419, 45.9496258250001], [-122.109792839, 45.9491572310001], [-122.109882042, 45.948931493], [-122.109871216, 45.9489166970001], [-122.109715115, 45.9487589140001], [-122.109494563, 45.9483058970001], [-122.109592106, 45.9477968910001], [-122.109666296, 45.94731174], [-122.110100431, 45.946928357], [-122.110797866, 45.9468752220001], [-122.111525554, 45.9469107300001], [-122.112152326, 45.947085912], [-122.112564877, 45.9474534600001], [-122.112980214, 45.9478038460001], [-122.11363785, 45.947858958], [-122.1142906, 45.9477021530001], [-122.11497075, 45.947591189], [-122.115656714, 45.947733548], [-122.116183859, 45.9480281420001], [-122.11681053, 45.948275042], [-122.117186972, 45.948661869], [-122.11749179, 45.9490699610001], [-122.118108718, 45.949319809], [-122.118652876, 45.9496249750001], [-122.119190728, 45.9499396030001], [-122.119249048, 45.950090952], [-122.119537044, 45.9502223200001], [-122.12006457, 45.950516033], [-122.119888573, 45.951008351], [-122.11988818, 45.9510961240001], [-122.120065686, 45.951243144], [-122.120079709, 45.9512638950001], [-122.120520081, 45.9515047580001], [-122.120671064, 45.9515873380001], [-122.120724065, 45.9523754300001], [-122.120831703, 45.952393564], [-122.121131731, 45.952846005], [-122.12103105, 45.952889101], [-122.121195314, 45.9530358970001], [-122.121823511, 45.9527213220001], [-122.122061853, 45.9522653870001]]]]}, "properties": {"OBJECTID": 14286, "poly_SourceOID": 10295, "poly_IncidentName": "BIG HOLLOW", "poly_FeatureCategory": "Wildfire Final Fire Perimeter", "poly_MapMethod": "Mixed Methods", "poly_GISAcres": 24995.13, "poly_DeleteThis": "No", "poly_FeatureAccess": "Public", "poly_FeatureStatus": "Approved", "poly_IsVisible": "Yes", "poly_CreateDate": null, "poly_DateCurrent": 1678806822810, "poly_PolygonDateTime": 1600277700000, "poly_IRWINID": "{00B3EDB2-87A4-4D0A-A834-4E1012BF9693}", "poly_FORID": "{96D8DB32-CAB7-4BF7-86CE-7581679C3DD4}", "poly_Acres_AutoCalc": 24996.26125553247, "poly_SourceGlobalID": "{2A4BEB2D-4228-4A75-BDC0-FB1C325B36A1}", "poly_Source": "FFP", "attr_SourceOID": 5683952, "attr_ABCDMisc": null, "attr_ADSPermissionState": "CERTIFIED", "attr_CalculatedAcres": 24996.3134, "attr_ContainmentDateTime": 1605286800000, "attr_ControlDateTime": null, "attr_CreatedBySystem": "wildcad", "attr_IncidentSize": 24995, "attr_DiscoveryAcres": null, "attr_DispatchCenterID": "WACCC", "attr_EstimatedCostToDate": null, "attr_FinalAcres": null, "attr_FFReportApprovedByTitle": null, "attr_FFReportApprovedByUnit": null, "attr_FFReportApprovedDate": 1639003204000, "attr_FireBehaviorGeneral": null, "attr_FireBehaviorGeneral1": null, "attr_FireBehaviorGeneral2": null, "attr_FireBehaviorGeneral3": null, "attr_FireCause": "Human", "attr_FireCauseGeneral": "Other causes", "attr_FireCauseSpecific": "Unknown", "attr_FireCode": "NKP0", "attr_FireDepartmentID": null, "attr_FireDiscoveryDateTime": 1599573720000, "attr_FireMgmtComplexity": "Type 4 Incident", "attr_FireOutDateTime": 1638216000000, "attr_FireStrategyConfinePercent": null, "attr_FireStrategyFullSuppPrcnt": null, "attr_FireStrategyMonitorPercent": null, "attr_FireStrategyPointZonePrcnt": null, "attr_FSJobCode": "P6", "attr_FSOverrideCode": "0603", "attr_GACC": "NWCC", "attr_ICS209ReportDateTime": null, "attr_ICS209RptForTimePeriodFrom": null, "attr_ICS209RptForTimePeriodTo": null, "attr_ICS209ReportStatus": null, "attr_IncidentManagementOrg": null, "attr_IncidentName": "BIG HOLLOW", "attr_IncidentShortDescription": null, "attr_IncidentTypeCategory": "WF", "attr_IncidentTypeKind": "FI", "attr_InitialLatitude": 45.92984, "attr_InitialLongitude": -121.9798, "attr_InitialResponseAcres": null, "attr_InitialResponseDateTime": 1599573900000, "attr_IrwinID": null, "attr_IsFireCauseInvestigated": null, "attr_IsFireCodeRequested": null, "attr_IsFSAssisted": 0, "attr_IsMultiJurisdictional": null, "attr_IsQuarantined": 0, "attr_IsReimbursable": null, "attr_IsTrespass": 0, "attr_IsUnifiedCommand": null, "attr_IsValid": 1, "attr_LocalIncidentIdentifier": "000864", "attr_ModifiedBySystem": "INFORM_Inspector", "attr_PercentContained": null, "attr_PercentPerimToBeContained": null, "attr_POOCity": "Carson", "attr_POOCounty": "Skamania", "attr_POODispatchCenterID": "WACCC", "attr_POOFips": "53059", "attr_POOJurisdictionalAgency": "USFS", "attr_POOJurisdictionalUnit": "WAGPF", "attr_POOJurisdictUnitParentUnit": null, "attr_POOLandownerCategory": "USFS", "attr_POOLandownerKind": "Federal", "attr_POOLegalDescPrincipalMerid": null, "attr_POOLegalDescQtr": null, "attr_POOLegalDescQtrQtr": null, "attr_POOLegalDescRange": null, "attr_POOLegalDescSection": null, "attr_POOLegalDescTownship": null, "attr_POOPredictiveServiceAreaID": null, "attr_POOProtectingAgency": "USFS", "attr_POOProtectingUnit": "WAGPF", "attr_POOState": "US-WA", "attr_PredominantFuelGroup": "Timber", "attr_PredominantFuelModel": "TL5", "attr_PrimaryFuelModel": null, "attr_SecondaryFuelModel": null, "attr_TotalIncidentPersonnel": null, "attr_UniqueFireIdentifier": "2020-WAGPF-000864", "attr_FORID": "{96D8DB32-CAB7-4BF7-86CE-7581679C3DD4}", "attr_WFDSSDecisionStatus": null, "attr_EstimatedFinalCost": null, "attr_OrganizationalAssessment": null, "attr_StratDecisionPublishDate": null, "attr_CreatedOnDateTime_dt": 1599583968000, "attr_ModifiedOnDateTime_dt": 1639003204810, "attr_Source": "FODR", "attr_IsCpxChild": 0, "attr_CpxName": null, "attr_CpxID": null, "attr_SourceGlobalID": "{7277DC98-BC38-432D-BD98-2680A57D8A89}", "GlobalID": "46b14fbf-51ea-43c1-9a63-b88c36492f67", "Shape__Area": 0.011737829292997048, "Shape__Length": 1.8382237863184305, "attr_IncidentComplexityLevel": null}}]}