{"type":"FeatureCollection","features":[{"type":"Feature","id":42303,"geometry":{"type":"MultiPolygon","coordinates":[[[[-121.234811397162,45.7188127691986],[-121.234833492936,45.7188054041203],[-121.234866635843,45.7188090873418],[-121.234877683705,45.7188127693267],[-121.234899780599,45.7188348650701],[-121.234899780442,45.7188643258849],[-121.234885048724,45.7188864222292],[-121.234837176038,45.7188974690518],[-121.234778253449,45.7188716907478],[-121.23477825367,45.7188422299341],[-121.234811397162,45.7188127691986]]],[[[-121.235658396015,45.7237143122123],[-121.235695221386,45.7237143122051],[-121.235728364797,45.7237327251261],[-121.235743095457,45.7237842811077],[-121.235739413094,45.7237916463566],[-121.235687856619,45.7238247896039],[-121.235625251942,45.7238137424361],[-121.235603157269,45.7237695506162],[-121.235658396015,45.7237143122123]]],[[[-121.300765432573,45.7183045311893],[-121.300737368848,45.7181317566396],[-121.300992485835,45.7181655985628],[-121.301058815018,45.7183454993783],[-121.300974626903,45.718505804865],[-121.300815800966,45.7185747363861],[-121.300785840972,45.7185877388998],[-121.30063277159,45.7184951179272],[-121.300765432573,45.7183045311893]]],[[[-121.210666755494,45.7266610847671],[-121.210606450857,45.7266404073672],[-121.210555823182,45.7266156745344],[-121.210513731988,45.7265887946017],[-121.210463646888,45.7265544005798],[-121.210436224594,45.7265320231694],[-121.210409864277,45.7265082645548],[-121.210386884414,45.726482760525],[-121.210360895966,45.7264357746457],[-121.210345660821,45.7263900220595],[-121.210344138128,45.7263387597715],[-121.210354668014,45.7262919878578],[-121.21035494229,45.7262618769994],[-121.210346613324,45.7262205971532],[-121.210320068647,45.7261879310536],[-121.210297588595,45.7261616310571],[-121.21027366384,45.7261340104906],[-121.210248602529,45.7261053199059],[-121.210222170395,45.7260750479813],[-121.210174626229,45.7260266270649],[-121.210136350668,45.725987575482],[-121.21011569953,45.7259641717911],[-121.210092796706,45.7259376752093],[-121.210045718778,45.7258897925966],[-121.21000519755,45.7258533781378],[-121.209978615531,45.7258253918312],[-121.209954714954,45.7257996383585],[-121.209919954525,45.725770522063],[-121.209876787618,45.7257457645418],[-121.209833253049,45.7257250741418],[-121.209777160362,45.7257065109174],[-121.209740465211,45.7256912535065],[-121.209703431472,45.7256782274962],[-121.209636345794,45.7256517844324],[-121.20958482494,45.7256341307602],[-121.209550099079,45.7256207115355],[-121.209498011638,45.7256001191543],[-121.209442521607,45.7255791124713],[-121.209400253231,45.7255621600209],[-121.209348699932,45.725545888269],[-121.209311672913,45.7255333815876],[-121.209268843362,45.7255171016572],[-121.20922444392,45.7255030977227],[-121.209174754512,45.7254870963395],[-121.209124794769,45.7254715524412],[-121.209073699162,45.7254562850393],[-121.209024443265,45.7254409564535],[-121.208961839447,45.7254184923546],[-121.208926686705,45.7254060536427],[-121.208858121889,45.7253785455223],[-121.208796492944,45.7253503540558],[-121.208751561057,45.7253301399768],[-121.208708648403,45.7253097163248],[-121.208670495477,45.7252904303118],[-121.208621459973,45.7252704272481],[-121.208587083362,45.725255222931],[-121.208555232937,45.7252383021535],[-121.20851827248,45.7252211130972],[-121.208456633985,45.7251888501961],[-121.208411778313,45.7251598703158],[-121.208368489795,45.725122795302],[-121.208346164532,45.7251000553939],[-121.20831015034,45.7250639297491],[-121.208277127344,45.7250305152784],[-121.208244966461,45.7249948578004],[-121.208212662584,45.7249636328061],[-121.208181922181,45.7249348760709],[-121.208148243716,45.7249047231011],[-121.208104032349,45.7248712401622],[-121.20806286549,45.7248398859764],[-121.208027342974,45.7248169668536],[-121.208006636842,45.724802796822],[-121.207998005022,45.7247931051513],[-121.207953418612,45.7247682598199],[-121.207952466519,45.7247676517231],[-121.207907302783,45.7247404066799],[-121.207875979819,45.7247121132669],[-121.207832974101,45.7246848606508],[-121.207798392381,45.7246656807848],[-121.207762181031,45.7246544600228],[-121.207710944703,45.7246315741501],[-121.207666295648,45.7246095386994],[-121.207643809704,45.7246060580267],[-121.207611498196,45.7245915995911],[-121.20760400823,45.7245874334518],[-121.207586643257,45.7245699386439],[-121.20754998725,45.7245465497387],[-121.207510164768,45.7245410768962],[-121.207495667896,45.7245346378704],[-121.207471769003,45.7245242286088],[-121.207463709186,45.7245184333572],[-121.207412868157,45.7244977803733],[-121.207407803887,45.724498011421],[-121.207395445311,45.7244930226822],[-121.207355143322,45.7244801660333],[-121.20731658189,45.7244684581997],[-121.207291552316,45.7244617395186],[-121.207290448624,45.7244607690013],[-121.207285143311,45.724460018764],[-121.207278734278,45.7244582989086],[-121.207238020539,45.7244484321506],[-121.207221188293,45.7244449375266],[-121.207204275057,45.7244389537838],[-121.207146428446,45.7244277595591],[-121.207108295635,45.7244205309236],[-121.207084199709,45.7244184515084],[-121.207062237868,45.7244148205326],[-121.207016613137,45.7244088306926],[-121.206942004304,45.7243951293039],[-121.206885498405,45.7243823610374],[-121.206845234396,45.7243765957029],[-121.206796844192,45.7243783553253],[-121.206722112685,45.7243810172789],[-121.206681385588,45.7243799241766],[-121.206612893698,45.7243770710751],[-121.206591107645,45.7243717235994],[-121.206531031584,45.7243708873796],[-121.206494444435,45.7243703767692],[-121.206476219565,45.7243701229885],[-121.206472139015,45.7243696925754],[-121.206416271654,45.7243637981797],[-121.20635856281,45.7243629603388],[-121.206299954551,45.7243613549697],[-121.206257814178,45.7243604528424],[-121.206215671647,45.724357330147],[-121.206157229363,45.7243497381212],[-121.206116366365,45.7243491980376],[-121.206077007357,45.7243488453779],[-121.20602793739,45.7243463086755],[-121.205985738544,45.7243454271314],[-121.205946172211,45.7243455293152],[-121.205889295249,45.7243444783818],[-121.205848783815,45.7243470058265],[-121.205848593255,45.7243470172345],[-121.205848208956,45.7243469787946],[-121.205790685398,45.7243412785979],[-121.205749046572,45.7243388009055],[-121.205706708707,45.7243384886307],[-121.205665001571,45.7243387461042],[-121.205619793741,45.7243355552304],[-121.205576429883,45.7243353383994],[-121.205535978062,45.7243337973687],[-121.2054928081,45.7243325421496],[-121.205453247291,45.724330265315],[-121.2054134642,45.7243310767787],[-121.205371710902,45.7243328959736],[-121.205331021176,45.7243302368224],[-121.20528841328,45.7243298094385],[-121.205246797596,45.724329538944],[-121.205203334694,45.7243286030442],[-121.20518504556,45.7243287512872],[-121.205159097198,45.7243285397426],[-121.20511800369,45.7243238030661],[-121.205075363065,45.7243238359337],[-121.205011918097,45.7243240656812],[-121.204987966845,45.7243266199534],[-121.204956455463,45.7243262426262],[-121.204891472352,45.7243276317494],[-121.204829117622,45.7243285283945],[-121.204768819191,45.7243273349172],[-121.204706727345,45.7243256019679],[-121.204642414256,45.724323205807],[-121.204580691284,45.7243199475366],[-121.204517678176,45.7243183305155],[-121.204456084757,45.7243183685389],[-121.204392115821,45.7243171036583],[-121.204329157246,45.7243145873017],[-121.204265101836,45.7243139357509],[-121.204197255654,45.7243137169105],[-121.204124851105,45.7243112967461],[-121.204057096494,45.7243057354356],[-121.203981046677,45.7243017349108],[-121.203907014182,45.7242993070107],[-121.203833773723,45.7242973874671],[-121.203760734154,45.724297299116],[-121.203686824143,45.7242958612968],[-121.203612812003,45.7242950437846],[-121.203604449003,45.7242948303421],[-121.203541164631,45.7242932184163],[-121.20348655474,45.724291363961],[-121.203456726819,45.7242986031474],[-121.203399267559,45.7242872195965],[-121.20333053298,45.7242838080532],[-121.203261368146,45.7242793870013],[-121.203186990317,45.7242774707526],[-121.203112894206,45.7242764274732],[-121.203040659009,45.7242744197257],[-121.203016558747,45.7242734437922],[-121.202964169075,45.7242713233887],[-121.20288757434,45.7242676483947],[-121.202813299677,45.7242672042706],[-121.202745516435,45.7242651052724],[-121.20267802866,45.7242642116017],[-121.20261437326,45.7242623899034],[-121.202605847609,45.7242623997504],[-121.202605828793,45.7242547739026],[-121.20256684956,45.7242610128582],[-121.20252561195,45.7242581325637],[-121.202464255526,45.7242678896999],[-121.202461907412,45.7242687384321],[-121.202452410956,45.7242721704279],[-121.202437778101,45.7242745566891],[-121.202386853447,45.7242934257446],[-121.202373178108,45.7242998135607],[-121.20233959914,45.7243154947556],[-121.202298100114,45.7243417092328],[-121.202257695848,45.7243694890789],[-121.202224449871,45.724400422984],[-121.202190977946,45.7244279842907],[-121.202157186075,45.7244597484659],[-121.202125486346,45.7244971585168],[-121.202093966468,45.7245387343001],[-121.202063956368,45.7245778324944],[-121.201928847433,45.7247780410097],[-121.201897448465,45.7248026249666],[-121.201849666942,45.7248422633049],[-121.201792388014,45.7248632534738],[-121.20175334416,45.724870048289],[-121.201709258909,45.7248744774901],[-121.20165801962,45.7248819839467],[-121.201611589599,45.7248866354167],[-121.20153182814,45.724892151762],[-121.201469363732,45.7248867154217],[-121.201416124211,45.7248842307913],[-121.201352615183,45.7248770281648],[-121.201308744782,45.7248648359571],[-121.201264541706,45.7248453135718],[-121.201222864974,45.7248173917255],[-121.201193163205,45.7247887808751],[-121.201156329305,45.7247597237558],[-121.201117944912,45.724732049043],[-121.201110438934,45.7247269551337],[-121.201079114691,45.7247056931258],[-121.201067087497,45.7246968034361],[-121.201057232882,45.7246876104311],[-121.201031677284,45.7246611926518],[-121.201016500467,45.7246532587469],[-121.201014090101,45.7246509219551],[-121.200980217555,45.7246262984544],[-121.200957195162,45.7246096802208],[-121.200950194502,45.724594372853],[-121.200933385735,45.7245585797884],[-121.200904756938,45.724535823738],[-121.200873704396,45.7245176721588],[-121.20083120073,45.72448850222],[-121.200797886917,45.7244785004063],[-121.200779348164,45.724467410904],[-121.200745772521,45.7244460341295],[-121.200711590098,45.7244295469692],[-121.200690793233,45.7244211455476],[-121.200671404164,45.7244107645032],[-121.200655975422,45.72440727752],[-121.200620639851,45.7243934058252],[-121.200572867161,45.7243712490791],[-121.200528663158,45.7243635796608],[-121.200491958889,45.7243535531433],[-121.200443626886,45.7243426116373],[-121.200397676102,45.7243370343553],[-121.200353944261,45.7243385523139],[-121.200308926624,45.7243393317247],[-121.200254860163,45.7243402448583],[-121.200202592468,45.7243395292478],[-121.200159651214,45.724345399818],[-121.200118581165,45.7243468264188],[-121.200069677931,45.724347228572],[-121.200017250397,45.7243543285286],[-121.199963867044,45.7243559786615],[-121.199918565231,45.7243600027601],[-121.199862854518,45.7243587340813],[-121.199814749286,45.7243573773279],[-121.199768179967,45.7243605335055],[-121.199718494016,45.724367777347],[-121.199668161144,45.7243697175478],[-121.199628322869,45.7243757223378],[-121.199581742817,45.7243803715174],[-121.199556399078,45.7243821799284],[-121.199542067916,45.7243807316958],[-121.199499795188,45.7243760329131],[-121.199467175039,45.7243818058],[-121.199436529845,45.7243811876789],[-121.199411687312,45.724388833834],[-121.199409543855,45.7243890709693],[-121.199393795717,45.7243934059519],[-121.199350063116,45.7243994239578],[-121.199308621545,45.7244175671588],[-121.199273435347,45.724430566851],[-121.199231693487,45.7244494550636],[-121.199197159414,45.7244625955269],[-121.199163261544,45.7244770925435],[-121.199121709398,45.7245009512968],[-121.199093748166,45.7245247795088],[-121.199058596996,45.724545681566],[-121.199037123191,45.7245724599383],[-121.198999674581,45.724596108825],[-121.198969572904,45.7246171984881],[-121.198936907733,45.7246352000189],[-121.198896496797,45.724646298126],[-121.198861671205,45.724671938823],[-121.19885150813,45.7247038541151],[-121.198825548497,45.7247291332656],[-121.198798897059,45.7247609406445],[-121.198775171992,45.724791622252],[-121.198753453851,45.7248253940063],[-121.198732674229,45.7248502786804],[-121.198718119248,45.7248780544946],[-121.198705056295,45.7249102264686],[-121.198685098426,45.7249342924118],[-121.198662243311,45.7249605349765],[-121.198645105955,45.7249925238722],[-121.198623361122,45.725024642617],[-121.198587683969,45.7250419034743],[-121.198538184363,45.7250469652257],[-121.198496894958,45.7250477226179],[-121.198448092806,45.7250537944296],[-121.198398721265,45.7250580300589],[-121.198366438939,45.7250342175448],[-121.198332562079,45.7250032430655],[-121.198327708532,45.7249714608802],[-121.1983075344,45.7249432191925],[-121.198274630302,45.7249201223151],[-121.19826413535,45.7248834185579],[-121.198239818269,45.7248404247557],[-121.19822269587,45.7248155552215],[-121.198195220927,45.7247956321716],[-121.19817519561,45.7247690408696],[-121.198127259711,45.7247518994208],[-121.198085895797,45.7247350803565],[-121.198043691211,45.7247297367463],[-121.198002590546,45.7247305464422],[-121.19796072812,45.7247349426592],[-121.197926872973,45.7247526911029],[-121.197886851512,45.7247583836643],[-121.197846354774,45.7247563981564],[-121.19783486193,45.7247274751817],[-121.197807619079,45.724694508914],[-121.197774141558,45.724672110313],[-121.197765164198,45.724644371036],[-121.197732113604,45.7246231240719],[-121.197722992617,45.7245934185314],[-121.197698178699,45.7245686435685],[-121.197713032222,45.7245380319135],[-121.197683794217,45.7245139207083],[-121.197658421275,45.7244857516813],[-121.197639621873,45.7244610914177],[-121.197630813405,45.7244294232066],[-121.197560822547,45.7243943610449],[-121.197512231769,45.724380974073],[-121.19751307378,45.7243526831695],[-121.1974895123,45.7243234967885],[-121.19744355839,45.7243039254873],[-121.19741352789,45.7242743363655],[-121.197384176779,45.7242534294136],[-121.197353240974,45.7242339663879],[-121.197315617091,45.7242252222621],[-121.197269914863,45.7242120121901],[-121.197224291737,45.7242071282698],[-121.19718593405,45.7241949908851],[-121.197136724576,45.724187260946],[-121.197093890727,45.7241719349671],[-121.197043676959,45.7241553997677],[-121.197015798888,45.7241270209338],[-121.196983156377,45.7241117603828],[-121.196956478094,45.7240849558277],[-121.196931711747,45.724060437072],[-121.196904931774,45.7240381916495],[-121.196878078384,45.7240178289475],[-121.19685236683,45.7239962079397],[-121.196808746955,45.7239760431675],[-121.196775815522,45.723948760909],[-121.196727331536,45.7239274815084],[-121.196694644767,45.7239112462793],[-121.196658781967,45.7238975450494],[-121.196616395254,45.7238867840002],[-121.196566625109,45.7238790764652],[-121.196532128412,45.7238632590549],[-121.196496170573,45.7238390180327],[-121.196457082376,45.7238409246547],[-121.196439888098,45.7238538538453],[-121.196398166864,45.7238627431624],[-121.196339300851,45.7238592294203],[-121.196268154163,45.723854969052],[-121.196197168516,45.7238491396275],[-121.196128508694,45.7238439949562],[-121.196058891401,45.7238387334109],[-121.196004184402,45.7238379206448],[-121.195963751647,45.7238379219748],[-121.195887721993,45.7238358470656],[-121.195843899275,45.7238382799514],[-121.195801944494,45.7238335470169],[-121.195762530615,45.7238245751828],[-121.195723698037,45.723815470304],[-121.19568201083,45.723813483223],[-121.195641419323,45.7238034900444],[-121.195565860354,45.7237878787191],[-121.195517270964,45.7237810237629],[-121.19545079804,45.7237606909314],[-121.195406757215,45.7237521013151],[-121.195334106036,45.7237322360547],[-121.195298015578,45.7237184749939],[-121.195234846822,45.723687367976],[-121.195180609318,45.7236533930575],[-121.195156048973,45.7236312858073],[-121.195122793892,45.7235916613367],[-121.19509088102,45.7235443605062],[-121.195051847451,45.7234991379539],[-121.195024117715,45.7234570202162],[-121.19499639185,45.7234184137795],[-121.194982046576,45.7233981870953],[-121.194981692975,45.7233960392954],[-121.194977650809,45.7233919889201],[-121.19496915187,45.7233800040334],[-121.194920148207,45.7233398686869],[-121.194866212258,45.723312226008],[-121.194811934688,45.7232965049829],[-121.194745356993,45.7232889027408],[-121.194687281635,45.7232819704039],[-121.194641056157,45.7232821713322],[-121.19459123257,45.7232808536215],[-121.19454948826,45.7232769831377],[-121.194495380803,45.7232790378077],[-121.194434532964,45.7232736798747],[-121.194367523564,45.723266237104],[-121.194326332192,45.723255657016],[-121.194302355782,45.7232560799382],[-121.194295664622,45.7232550362602],[-121.194227899451,45.7232465625583],[-121.194167065362,45.7232447672521],[-121.194091955747,45.7232517326848],[-121.194032891461,45.7232756061251],[-121.193977197597,45.7232979333716],[-121.193921960238,45.7233252732043],[-121.193860730305,45.7233479151916],[-121.193803996606,45.723372078293],[-121.193742533567,45.7233942943887],[-121.193671246487,45.723409441499],[-121.193599624032,45.7234228325876],[-121.193537914107,45.7234177053663],[-121.1934696065,45.72341716502],[-121.193430255152,45.7234195866946],[-121.193361531515,45.7234246157543],[-121.193287225453,45.7234250227187],[-121.19323463947,45.7234250009512],[-121.193193837931,45.7234282384866],[-121.193115640387,45.7234363047414],[-121.19304894893,45.7234438680095],[-121.192983801126,45.7234536536784],[-121.192942716083,45.7234606202076],[-121.192879461026,45.7234692944504],[-121.192809328813,45.7234822927809],[-121.192744769763,45.7234924683667],[-121.19268218955,45.7235016131239],[-121.192624088032,45.7235080024401],[-121.192574791127,45.7235179603975],[-121.19252826525,45.7235252763203],[-121.192480665446,45.7235317030423],[-121.192416468051,45.7235434116168],[-121.192351588935,45.7235576881206],[-121.19229895122,45.7235663959662],[-121.192246000826,45.7235735623867],[-121.192194821392,45.7235835128861],[-121.192140083157,45.7235936347541],[-121.192088535266,45.7236050465186],[-121.192040552372,45.7236155758992],[-121.191982060067,45.7236271801187],[-121.191933430596,45.7236378333322],[-121.191890108571,45.723647130404],[-121.191848166024,45.7236558912429],[-121.191806972007,45.7236627611288],[-121.19176466603,45.7236705179848],[-121.19170396309,45.7236832823813],[-121.191675307709,45.7237040455895],[-121.191630175625,45.7237153112019],[-121.191573262189,45.7237252129395],[-121.191512044035,45.7237354227246],[-121.191331456644,45.7237639114359],[-121.191254024957,45.7237626411197],[-121.191228135428,45.7237397171955],[-121.191235263734,45.7236993530837],[-121.191269158849,45.7236746000613],[-121.191309794763,45.7236743128827],[-121.191268735321,45.7236704826479],[-121.191256346019,45.7236438841378],[-121.191236270106,45.7236167849597],[-121.191220303061,45.7235895924332],[-121.191207217776,45.7235601125116],[-121.191177255532,45.7235369224563],[-121.191145252233,45.7235092059239],[-121.191123101004,45.7234860081466],[-121.19111700113,45.7234818161346],[-121.191115960256,45.7233970274688],[-121.191119316877,45.7233910167301],[-121.191115744264,45.723379475913],[-121.191110707805,45.7233632026464],[-121.19109782908,45.723337159822],[-121.191091903222,45.7233069984965],[-121.191064204466,45.7232795004295],[-121.191068359083,45.7232371882397],[-121.191029430001,45.7232131567577],[-121.191016937818,45.7231827060092],[-121.191010711807,45.7231549971677],[-121.190990758595,45.723127449843],[-121.190975223326,45.7230962452211],[-121.190950509159,45.7230630797326],[-121.190951397619,45.7230333719647],[-121.190950654406,45.7230045285405],[-121.190948873794,45.7230019260826],[-121.190925154829,45.7229672723024],[-121.190943151441,45.7229398319111],[-121.190934280496,45.7229125312154],[-121.190927998268,45.722881550554],[-121.190922489789,45.722852595647],[-121.19089756801,45.722830680671],[-121.190907756697,45.722797623367],[-121.190895079718,45.7227711894738],[-121.190873916264,45.7227451117045],[-121.190830369783,45.722723168128],[-121.190801458111,45.7226808317148],[-121.190782474794,45.7226475715478],[-121.190786397488,45.7226163870921],[-121.190759808181,45.7225962530495],[-121.190728291987,45.722569790735],[-121.190711413535,45.7225397187111],[-121.190688399931,45.722520481078],[-121.190660821216,45.7224975212601],[-121.190644226165,45.7224837462288],[-121.190648462397,45.7224397098707],[-121.190651040288,45.7224071539808],[-121.190636822571,45.7223804067207],[-121.190648268528,45.7223431974416],[-121.190633242461,45.722303876631],[-121.190648528997,45.7222716948853],[-121.190648119244,45.7222386182183],[-121.190639031121,45.7222118028043],[-121.19061893654,45.7221808490333],[-121.190614150392,45.7221483150955],[-121.190626512005,45.7221190024041],[-121.19061913843,45.7220903878688],[-121.190614448075,45.7220594243035],[-121.190615034616,45.7220295200313],[-121.190619812859,45.721995122312],[-121.190641450108,45.7219633751065],[-121.190675179441,45.7219328266538],[-121.190681809557,45.7219024033588],[-121.190692869651,45.7218760655382],[-121.190718759907,45.7218489869468],[-121.190752318254,45.7218232530397],[-121.190778587183,45.7217989716097],[-121.190780493998,45.7217668587284],[-121.190780525554,45.7217663191747],[-121.190801338633,45.7217318343124],[-121.190808471241,45.7217035161768],[-121.190816627957,45.7216746427061],[-121.190831318215,45.7216412984734],[-121.190842557747,45.7216121453001],[-121.190862876765,45.7215855967876],[-121.190871120543,45.7215565725764],[-121.190891791979,45.7215237641195],[-121.190907600489,45.721496538394],[-121.190917821855,45.7214683114789],[-121.190935853372,45.7214401326622],[-121.190947224303,45.7214100508667],[-121.19095014556,45.7213744941053],[-121.190960795996,45.7213417321315],[-121.190975069683,45.7213194946831],[-121.190978871821,45.7213135720111],[-121.190991443918,45.7212867630584],[-121.191006984958,45.7212602558535],[-121.191033734749,45.721251120581],[-121.191045674498,45.7212470432631],[-121.19106529901,45.721221819446],[-121.191089056476,45.7212066169705],[-121.191079364388,45.7204175297431],[-121.1910992578,45.7203543885084],[-121.191112223181,45.7203132374417],[-121.191137459567,45.7202331376261],[-121.191120910168,45.7202264839893],[-121.191161441961,45.7201802996553],[-121.191161450521,45.7201472314045],[-121.191154390754,45.7201153428388],[-121.191154483499,45.7200834883414],[-121.191157171019,45.72005249852],[-121.191156626566,45.7200151451852],[-121.191155299199,45.7199797533472],[-121.191157092544,45.719951345222],[-121.191160148163,45.7199191425084],[-121.191153582423,45.7198889881371],[-121.191141071582,45.7198628368177],[-121.191133559779,45.7198245315528],[-121.191138486837,45.7197941451557],[-121.191135139484,45.7197639679464],[-121.191118737205,45.7197371159298],[-121.191112213099,45.7197038020003],[-121.191101822606,45.7196743449251],[-121.191101416873,45.71964177146],[-121.191101880105,45.7196109399291],[-121.191093252613,45.7195760697334],[-121.191092699236,45.7195404669282],[-121.191091482203,45.7195069130169],[-121.191087110338,45.7194751165193],[-121.19108724133,45.7194438692848],[-121.191079806478,45.7194122988025],[-121.19107932181,45.7193757618915],[-121.191081176623,45.7193374483525],[-121.191080361774,45.7192981627387],[-121.191083802092,45.7192660642264],[-121.191077954062,45.7192298807134],[-121.191081908686,45.7191956625346],[-121.191076527516,45.7191652784918],[-121.191079995196,45.7191366313558],[-121.191070878101,45.7190982214498],[-121.191068935224,45.7190619557711],[-121.191076389221,45.7190438479133],[-121.191080013091,45.7190350430258],[-121.191070372261,45.7190035834171],[-121.191065182891,45.7189641133055],[-121.191058167916,45.7189349032038],[-121.191060533195,45.7189017939648],[-121.191071921978,45.7188729311493],[-121.191074776881,45.7188656955403],[-121.191096342276,45.7188616050503],[-121.191118069281,45.7188574838125],[-121.191175363942,45.718861854756],[-121.191220338912,45.7188639369591],[-121.191255105557,45.7188471635195],[-121.191264923594,45.7188460624768],[-121.191295792494,45.7188425990303],[-121.191305227905,45.7188408915651],[-121.191346768308,45.7188333729777],[-121.191396387268,45.71882657276],[-121.191435589624,45.7188236534785],[-121.191483614861,45.7188175804613],[-121.191527944732,45.7188124561117],[-121.191572997783,45.7188090119617],[-121.191613645918,45.7187914323487],[-121.191665074444,45.7187856552646],[-121.191703503372,45.7187781511902],[-121.191749509548,45.7187789371806],[-121.191799434177,45.7187724971625],[-121.19184359604,45.7187772773171],[-121.191899727781,45.7187723684643],[-121.191941901463,45.7187682377221],[-121.191992868846,45.7187682290655],[-121.19203501636,45.7187632760928],[-121.192075830791,45.7187577430471],[-121.192115819387,45.7187529142862],[-121.192158798803,45.7187497368114],[-121.19220089806,45.7187347272121],[-121.192247841338,45.7187362182031],[-121.192281120101,45.7187212615844],[-121.19232310557,45.7187141997308],[-121.19236762773,45.7187147414625],[-121.192411660164,45.7187077983817],[-121.192455815489,45.7187052118624],[-121.192508296719,45.7187071090211],[-121.192557059843,45.7186954018676],[-121.192597220741,45.7186927979861],[-121.192639273027,45.718687248324],[-121.192679778584,45.7186798937938],[-121.192724046973,45.7186708517168],[-121.192785703837,45.7186703277835],[-121.192829749429,45.7186627348848],[-121.192870623273,45.7186534419205],[-121.192915514402,45.7186443331148],[-121.192956417205,45.7186382457971],[-121.193002505815,45.7186306140484],[-121.193042059506,45.7186292254257],[-121.193089008161,45.7186138889799],[-121.193132405423,45.718605757355],[-121.193174659684,45.7186019901682],[-121.193215312831,45.7186035648719],[-121.193254899751,45.7185939705838],[-121.193303663886,45.7185897572736],[-121.193352662419,45.7185875998548],[-121.193391762402,45.7185702696471],[-121.193442673231,45.7185671865426],[-121.193482892392,45.7185642061335],[-121.193533184154,45.7185680897918],[-121.193583285289,45.7185674033581],[-121.193625626646,45.7185608525045],[-121.193673104138,45.7185541380403],[-121.193723474106,45.7185521668684],[-121.193768602442,45.7185556654339],[-121.193823393276,45.7185556696211],[-121.193865189338,45.718563605099],[-121.193916398585,45.7185579198428],[-121.193960542395,45.7185568411096],[-121.194005152091,45.7185564573946],[-121.19405684479,45.7185585375924],[-121.194107794536,45.7185634566036],[-121.194151229896,45.7185669372503],[-121.194192218255,45.7185642900851],[-121.194236850323,45.7185681172527],[-121.194288526184,45.7185790953656],[-121.194338486655,45.718573681806],[-121.194388128298,45.7185732181776],[-121.194429009041,45.7185621056832],[-121.194475674076,45.7185631368142],[-121.194521346952,45.7185532845598],[-121.194563607809,45.7185473540478],[-121.194622549993,45.7185407484088],[-121.19467821415,45.7185436381762],[-121.194719038595,45.7185375417878],[-121.19476559639,45.7185344819979],[-121.194809047513,45.7185279797492],[-121.194856009407,45.718517161236],[-121.194904788332,45.718513121193],[-121.194953559313,45.7184967209726],[-121.19500038728,45.718492372828],[-121.195045551804,45.7184789497753],[-121.195098661599,45.7184683084269],[-121.195148493544,45.718462092302],[-121.195190949135,45.7184662303375],[-121.195232940264,45.718471144996],[-121.195264926326,45.7184454659149],[-121.195306271824,45.7184438941996],[-121.195343949635,45.718435471541],[-121.195398355834,45.7184319738466],[-121.195439173129,45.7184185125541],[-121.195481250507,45.7184062223703],[-121.19549716872,45.7184048627075],[-121.195541488858,45.7184068032494],[-121.195592484812,45.7184062560835],[-121.195638439202,45.7184094807317],[-121.195682535176,45.7183953555777],[-121.195724099975,45.7183966692626],[-121.195766400042,45.7183956597148],[-121.195813258955,45.718397450337],[-121.195854862667,45.7183908897046],[-121.195909765236,45.7183995922216],[-121.195952861687,45.7183847806082],[-121.195998714212,45.7183733266406],[-121.19604922184,45.7183614826333],[-121.19609585266,45.7183631732273],[-121.196153161298,45.7183658686268],[-121.196195519122,45.7183814277823],[-121.196232698861,45.7183903506926],[-121.196265493049,45.7184064194504],[-121.196317726754,45.7184251453253],[-121.196361389545,45.718444357789],[-121.196408538055,45.7184588719066],[-121.196450703278,45.7184540678982],[-121.196478647823,45.7184344497678],[-121.196503607744,45.7184127439988],[-121.196544106745,45.7184044131968],[-121.196569685423,45.7183818062927],[-121.19660683512,45.7183594801947],[-121.196630524595,45.7183278569521],[-121.196649888901,45.7182933175299],[-121.196663707222,45.7182668867549],[-121.196690185366,45.7182444362393],[-121.196730465626,45.7182320767164],[-121.196783853878,45.7182247045056],[-121.196830688671,45.7182157796622],[-121.196870615825,45.718215870856],[-121.196887432928,45.7182108123205],[-121.196917161653,45.7182018685098],[-121.196953543464,45.7181894230615],[-121.19700007877,45.7181806590371],[-121.197035701895,45.7181660332699],[-121.197078724838,45.7181566071075],[-121.197131646036,45.7181413416757],[-121.197177531714,45.7181357536421],[-121.197218238399,45.7181182809679],[-121.197268911195,45.7181088368667],[-121.197307526462,45.718098777592],[-121.19734788873,45.718101238222],[-121.197395480143,45.7180924339994],[-121.197447048168,45.7180831200598],[-121.197491966463,45.7180935040251],[-121.197534564003,45.7180891501832],[-121.197573977465,45.718091067407],[-121.197616915135,45.718084048336],[-121.197668013,45.7180887529744],[-121.197713883537,45.7180915839251],[-121.197756895743,45.7181067000826],[-121.197818617366,45.7181158891207],[-121.197860113467,45.7181240893302],[-121.1979094066,45.7181312136282],[-121.197948225407,45.7181253310642],[-121.198002104505,45.7181184304743],[-121.198050081008,45.7181279389782],[-121.198098226707,45.7181282692168],[-121.19814676431,45.7181230844677],[-121.198197574513,45.718121511606],[-121.198249091114,45.7181151127834],[-121.198300396753,45.7181174738826],[-121.198350541671,45.7181080965817],[-121.198402739966,45.7181229406579],[-121.198447453409,45.7181357863613],[-121.198487812875,45.7181432132385],[-121.19853371866,45.718152785187],[-121.198577252747,45.718163546532],[-121.198626813512,45.7181582310019],[-121.198672365731,45.7181563769806],[-121.198716024422,45.7181513490651],[-121.198754680802,45.718145120731],[-121.19879395047,45.718131084777],[-121.198839347089,45.7181228366987],[-121.198880327844,45.7181332831347],[-121.198929465731,45.7181398446881],[-121.198977455283,45.7181341585945],[-121.199017339542,45.7181480980404],[-121.199050266276,45.7181686595356],[-121.199086161995,45.7181828411957],[-121.199139040255,45.7181895291432],[-121.199184378041,45.7182007867427],[-121.199214005225,45.7182143060702],[-121.199314362112,45.7182144553837],[-121.199511353522,45.7182147490716],[-121.199639493731,45.7182149400363],[-121.19970078846,45.7182150313218],[-121.200044234174,45.7179951276182],[-121.200076857981,45.7179742394154],[-121.200530544043,45.7176837447796],[-121.200877477218,45.7176388277359],[-121.200934945915,45.7176380822135],[-121.200978426866,45.7176535429751],[-121.201017314094,45.7176692859999],[-121.201053343095,45.7176862063144],[-121.20109457655,45.7177018332521],[-121.201135051551,45.7177120269891],[-121.201180634918,45.7177176756053],[-121.201234425385,45.717720237437],[-121.201273377071,45.717707672669],[-121.201316739481,45.7176899982332],[-121.201356211002,45.7176790914878],[-121.201398936709,45.7176550298585],[-121.201435039767,45.7176394966849],[-121.201482328256,45.7176280073213],[-121.201530319333,45.7176129223419],[-121.2015896719,45.717606805616],[-121.201639485391,45.7175999167002],[-121.20168283935,45.7175919098555],[-121.201731746007,45.7175803243547],[-121.20179106736,45.7175752187334],[-121.201835946972,45.7175744059652],[-121.201875123609,45.7175726843135],[-121.201924057864,45.717572932644],[-121.201975807405,45.7175640902629],[-121.202006492012,45.7175860737552],[-121.20204735826,45.7175905631589],[-121.202089039406,45.7175978088492],[-121.202127869802,45.7176065200005],[-121.202166909729,45.7176361777235],[-121.202190516219,45.7176625105944],[-121.202217167892,45.7176827599819],[-121.202226492618,45.7176844063062],[-121.202262817858,45.7176908214545],[-121.202302526847,45.7176811584433],[-121.202341047919,45.7176749195643],[-121.20237765491,45.7176637378571],[-121.20243207243,45.7176472306929],[-121.202483415232,45.7176446193018],[-121.202489066641,45.7176443320066],[-121.202529765918,45.7176432128512],[-121.202583417324,45.7176469050717],[-121.20258927869,45.7176460009138],[-121.202660111307,45.7176309760889],[-121.20267677252,45.7176254678028],[-121.20268475457,45.7176257491268],[-121.202724948481,45.7176271656027],[-121.202767142303,45.7176372201917],[-121.202811035398,45.7176392835048],[-121.202864775388,45.7176563622203],[-121.202914543873,45.7176673829244],[-121.202954671489,45.7176989989848],[-121.202995430407,45.717708563766],[-121.203034953764,45.7177097760631],[-121.203087526888,45.717699571699],[-121.203131729117,45.7176849817928],[-121.20312852387,45.7176482500123],[-121.203121613547,45.7176203933315],[-121.203155963831,45.7176006799246],[-121.203194227812,45.7175800514798],[-121.203202194145,45.7175491210106],[-121.203232925172,45.7175316764746],[-121.20327078545,45.7175104115904],[-121.203311503287,45.7174988100038],[-121.203351319311,45.7174843553339],[-121.203354176856,45.7174833183767],[-121.203373513973,45.7174787881753],[-121.203397309927,45.7174732128975],[-121.203416333583,45.7174705643461],[-121.203437037723,45.7174676820991],[-121.203437104145,45.7174676543411],[-121.203444172246,45.7174646593108],[-121.203448680661,45.7174627491292],[-121.203460182933,45.7174578751516],[-121.203484944725,45.7174473825562],[-121.203536100376,45.7174361313873],[-121.20357424653,45.7174276692741],[-121.203617761583,45.7174349882554],[-121.203661250448,45.7174586389357],[-121.203682807089,45.7174668024515],[-121.203702503873,45.7174742616452],[-121.203709587853,45.7174769446139],[-121.203758224208,45.7174882090711],[-121.203797473302,45.7174707120273],[-121.203798388826,45.7174705716099],[-121.204067475054,45.7174793458515],[-121.204094497596,45.7174669084752],[-121.204133185361,45.7174500433535],[-121.204175839102,45.7174430218515],[-121.204216613091,45.7174363974208],[-121.204256556571,45.7174408544234],[-121.204296689719,45.7174505808187],[-121.204326200947,45.7174565164419],[-121.204345099098,45.7174599089647],[-121.204375277597,45.7174613411161],[-121.204394433186,45.7174629149965],[-121.204420831778,45.7174883984127],[-121.204442758452,45.7175243200671],[-121.204493611331,45.7175276091585],[-121.20454176535,45.7175196028801],[-121.204581751433,45.71750480392],[-121.204624618207,45.7175114678622],[-121.204666383162,45.7175085249136],[-121.204705360108,45.71751953092],[-121.20474423732,45.717500277031],[-121.204765010845,45.7174726431679],[-121.204818465672,45.7174629361135],[-121.204863393695,45.7174705162521],[-121.204902552664,45.717472831086],[-121.20495173489,45.7174908497859],[-121.204995413484,45.7175052257149],[-121.20504365073,45.7175202142233],[-121.205085914491,45.7175219972303],[-121.205127993343,45.7175360536386],[-121.205170721647,45.7175143443734],[-121.205209679243,45.7175103499093],[-121.205251381177,45.7174941267334],[-121.205272677814,45.71746812566],[-121.205281014707,45.7174356185113],[-121.205298118709,45.7174077666736],[-121.205330395211,45.7173805582826],[-121.205348875609,45.7173548648776],[-121.205354887482,45.7173163544953],[-121.205378979247,45.7172895350351],[-121.205388719051,45.7172840382107],[-121.205398262973,45.7172789604497],[-121.205407790458,45.7172849094284],[-121.205424781386,45.7172906012374],[-121.20542504052,45.7172910157499],[-121.205426275458,45.7172912529753],[-121.205466753467,45.7173089123679],[-121.205508827927,45.7173010324816],[-121.205558764971,45.7173242923009],[-121.205615978086,45.7173203603896],[-121.205642674082,45.7172994872765],[-121.205659475241,45.7172567665453],[-121.205683089673,45.7172342554519],[-121.205677204282,45.7172068560705],[-121.205639673723,45.7172137642019],[-121.205614875745,45.7172104736226],[-121.205579580138,45.717197100922],[-121.2055618483,45.7171724119033],[-121.205558121624,45.7171304460761],[-121.205611097344,45.7171163044818],[-121.20565161613,45.7171037520386],[-121.205699896811,45.7171012045052],[-121.2057243468,45.7170671610785],[-121.205743971523,45.7170336494043],[-121.205788210339,45.7170175171898],[-121.205829089831,45.7170058956422],[-121.205782699838,45.7170036925549],[-121.20573915238,45.7170047321226],[-121.205736977446,45.716963097608],[-121.205737627264,45.7169231339309],[-121.205782777345,45.7169136136918],[-121.205821359535,45.7168916698324],[-121.205860717961,45.716894365509],[-121.205876811396,45.7169220701489],[-121.205923428893,45.7169323370753],[-121.205931545343,45.7169714069504],[-121.205950958479,45.7169396029872],[-121.205974846061,45.7169172212355],[-121.206022023739,45.7169112728032],[-121.206069992232,45.7169255779905],[-121.206089568357,45.7169671590796],[-121.206118118042,45.7169421547546],[-121.206164154308,45.7169396311795],[-121.206183857683,45.716913809231],[-121.20622598242,45.7169187183448],[-121.206204122678,45.7168949285908],[-121.206244710035,45.716891104284],[-121.206278843265,45.7168431957165],[-121.206310012927,45.7168240479693],[-121.206330348226,45.7168563259115],[-121.206316060203,45.7168256811925],[-121.206366712624,45.7167928195978],[-121.206402001109,45.716829338652],[-121.206435802288,45.7168498991504],[-121.206475292592,45.7168587929038],[-121.206498735313,45.7168272573447],[-121.206528711232,45.7168073455182],[-121.206563487012,45.7167870509074],[-121.206587443945,45.7167587979307],[-121.206621583398,45.716738028864],[-121.206648877741,45.7167165060436],[-121.206671875738,45.7166817573457],[-121.20665953987,45.7166468804954],[-121.206676078942,45.7166723940015],[-121.206719697354,45.7166716180168],[-121.20673422354,45.7166434230568],[-121.206766802304,45.7166156069419],[-121.206789422924,45.7166408000739],[-121.206830991583,45.7166337677439],[-121.206827900537,45.716682225952],[-121.206864117252,45.7166584147191],[-121.206913002084,45.7166479742697],[-121.20695774668,45.7166484642989],[-121.206963301279,45.7166137270268],[-121.207004071311,45.7166035821871],[-121.20703808189,45.7165815319449],[-121.207043370143,45.7165450371125],[-121.207079267897,45.7165332793067],[-121.20708819633,45.7165036516942],[-121.207132778634,45.7164969203871],[-121.207170827867,45.7164836985756],[-121.207221991509,45.716484398172],[-121.207263096856,45.7164795528311],[-121.207309232058,45.7164812337665],[-121.207331639589,45.7164482983487],[-121.207348779749,45.7164125655817],[-121.20737177844,45.7163866556342],[-121.207377322523,45.7163485824428],[-121.20741806346,45.7163369284479],[-121.207456516404,45.7163317281769],[-121.207489449352,45.7163099354139],[-121.207489584623,45.7163386495016],[-121.207527047237,45.7163505533724],[-121.207568523406,45.7163581349805],[-121.207609261991,45.7163593701663],[-121.20765874495,45.7163608703743],[-121.207710194468,45.7163813960156],[-121.2077498506,45.7163568931991],[-121.207779912804,45.7163278320841],[-121.207816736405,45.7163069616637],[-121.207858765381,45.7162997066595],[-121.207899176172,45.7163170590071],[-121.207934103867,45.7163015521389],[-121.20797428477,45.7162928612548],[-121.208000610732,45.7162665191369],[-121.208056856764,45.7162759965686],[-121.208103542493,45.7162611772733],[-121.208141170619,45.7162836208907],[-121.208182169142,45.7162772064866],[-121.208223649048,45.7162484998947],[-121.208216941998,45.7162390085389],[-121.208238663228,45.7162038074506],[-121.208262746979,45.7162329269346],[-121.208302187562,45.7162260884073],[-121.208341941675,45.7162172394836],[-121.208378901877,45.7161924889371],[-121.20842729673,45.7162007314179],[-121.208469388982,45.716212514981],[-121.208473123497,45.7161795357628],[-121.208514568751,45.7161849491261],[-121.208554030067,45.7161834897737],[-121.208595742708,45.716168598575],[-121.208636810716,45.7161786189372],[-121.20867612989,45.7161847423701],[-121.208713037994,45.7161646317614],[-121.20873585828,45.7161350742769],[-121.208745712037,45.7160999434952],[-121.208788423781,45.7161132092034],[-121.208760850311,45.716118132303],[-121.208786045296,45.7161385013295],[-121.208822144557,45.7161497281288],[-121.208852766895,45.7161773388693],[-121.20886054032,45.7161337245102],[-121.208898311095,45.7161573402321],[-121.208903652256,45.7161858938324],[-121.208904353669,45.7161902810684],[-121.208947080928,45.7162088142859],[-121.208957196776,45.7162382951426],[-121.208952590249,45.7162699825743],[-121.208988085597,45.7162575301892],[-121.209001301733,45.7162870587576],[-121.20905218753,45.7163144624413],[-121.209110245465,45.7162793872181],[-121.209147022749,45.7163036605462],[-121.209196110391,45.7163111385862],[-121.20922335358,45.7163357763523],[-121.20924762455,45.7163080218894],[-121.209277779619,45.7162855198906],[-121.20929602678,45.7162611462189],[-121.209312441728,45.7162323459795],[-121.209356079294,45.7162295107824],[-121.209400436316,45.7162302980083],[-121.209430865229,45.7162056562481],[-121.209471689933,45.716197436676],[-121.209505149392,45.7161735750786],[-121.209548836702,45.7161610160174],[-121.209588857381,45.716154313052],[-121.209631591301,45.7161549055276],[-121.209679981674,45.7161472032162],[-121.20971574756,45.7161142868032],[-121.209732605666,45.7160854826482],[-121.209739235245,45.7160741563235],[-121.209790780279,45.716074530414],[-121.209827353806,45.7160862809806],[-121.209848580061,45.7160622788461],[-121.209856127811,45.7160873350346],[-121.209859067014,45.7160970912711],[-121.209893273974,45.7160810369535],[-121.209903607924,45.7160761872191],[-121.209955581256,45.7160597317679],[-121.209978041026,45.7160341584829],[-121.209979405368,45.716033803628],[-121.210011679114,45.7159988602946],[-121.210020940177,45.7160256318922],[-121.210060987635,45.716029672653],[-121.21010573846,45.7160147043036],[-121.210153963578,45.7160140217023],[-121.210181157831,45.7159880149202],[-121.210232579063,45.7159809971337],[-121.210249891402,45.7159560254017],[-121.210293497996,45.7159809103274],[-121.210346596935,45.715983682053],[-121.210392074911,45.7159860571148],[-121.21040912508,45.7159412459713],[-121.210457404327,45.7159524677779],[-121.210471632782,45.715925524201],[-121.210509800988,45.7159173121401],[-121.210547393518,45.7159085374918],[-121.210570536354,45.7158855049444],[-121.210567409227,45.7158465378665],[-121.210533671546,45.7158650083794],[-121.210512614756,45.7158366298686],[-121.210562534257,45.7158458953323],[-121.210619077749,45.7158500404299],[-121.210663710206,45.7158479466923],[-121.210715721685,45.7158526202012],[-121.210755447202,45.7158743100369],[-121.210795318593,45.7158600768585],[-121.210840001085,45.7158658344193],[-121.210885351184,45.7158718508452],[-121.210929239635,45.7158665788333],[-121.210974574094,45.7158548506078],[-121.21101396957,45.7158570950436],[-121.211069982584,45.7158580956958],[-121.211115456736,45.715875684628],[-121.211154992684,45.7158839150125],[-121.211177218081,45.7158515349416],[-121.211217434545,45.7158428713756],[-121.211265334454,45.7158325252476],[-121.211300280861,45.7158541580488],[-121.211338384911,45.7158467430858],[-121.211378157945,45.7158634082473],[-121.211417821868,45.7158630392865],[-121.211447257304,45.7158936136424],[-121.211464584309,45.7158688489765],[-121.211511074776,45.7158486741957],[-121.211558049515,45.7158416698926],[-121.211603599172,45.715840145505],[-121.211652762207,45.7158355534651],[-121.211696154245,45.7158203453948],[-121.211736700213,45.7158132313592],[-121.211741042926,45.7158165819808],[-121.211788810949,45.7158044054858],[-121.21181791501,45.7157852040909],[-121.211867901175,45.7157797796612],[-121.211910535244,45.7157725389391],[-121.211927738786,45.7157466021528],[-121.211964985101,45.7157268396214],[-121.212011501453,45.715722115984],[-121.212052293938,45.715718427837],[-121.21209935706,45.7156843589931],[-121.212143856699,45.7156932706965],[-121.21219073848,45.7156851458663],[-121.212222904267,45.7156627618709],[-121.212273990291,45.7156427910254],[-121.212314235337,45.7156372094279],[-121.212332506268,45.7156124450025],[-121.212320422795,45.7156047194209],[-121.21234534575,45.7155855910625],[-121.212398890723,45.7155744903294],[-121.21245018042,45.7155631157506],[-121.21250771728,45.7156146309872],[-121.212555279282,45.7156153501347],[-121.212602247733,45.7156055109205],[-121.212642188347,45.7155926319152],[-121.212678339609,45.7156043767611],[-121.212721014025,45.7156121417654],[-121.212771001705,45.7156281391022],[-121.212810368708,45.7156332078547],[-121.212852651448,45.7156327065565],[-121.212897591318,45.7156322468184],[-121.212918531277,45.7156256392695],[-121.21294330021,45.7156178234002],[-121.212993477868,45.7156080774421],[-121.213039728265,45.7155962142123],[-121.213079531062,45.7155814481097],[-121.213122701983,45.715579524964],[-121.213173723703,45.7155669190452],[-121.213189710719,45.7155359153326],[-121.213213005977,45.7155092716728],[-121.213180791548,45.7154829783271],[-121.213157629411,45.7154611128199],[-121.213125426482,45.7154396594214],[-121.213089142397,45.7154263581835],[-121.21305669096,45.7154062123084],[-121.213022114963,45.7153917289523],[-121.212974381988,45.7153927913023],[-121.21293221757,45.7153812053898],[-121.212943221186,45.7153492956547],[-121.212986958348,45.7153333553194],[-121.213004348176,45.7153044572883],[-121.213041321673,45.7152911347799],[-121.213076158315,45.7152748319334],[-121.213122461091,45.7152689739888],[-121.213167627156,45.7152533088646],[-121.213198932113,45.7152331199464],[-121.213208995192,45.7151917328259],[-121.213165024346,45.7151724481727],[-121.213129053705,45.715156373273],[-121.21308782075,45.7151450765174],[-121.213045894139,45.7151395375705],[-121.213046137833,45.7151115017822],[-121.213069651476,45.7150867904594],[-121.213111291475,45.7150553735222],[-121.213128337821,45.7150288616362],[-121.213108430286,45.7150037383046],[-121.213048755236,45.715010464435],[-121.21300463911,45.7150188345096],[-121.212957956012,45.7150145028383],[-121.212911021133,45.7150007801705],[-121.212880582571,45.7150235370222],[-121.212891857806,45.7150398862616],[-121.212872612008,45.7150547804401],[-121.212830595826,45.7150406495541],[-121.212792783298,45.7150549831681],[-121.212736274505,45.7150495282582],[-121.212730174377,45.715050600218],[-121.212713405175,45.7150535466268],[-121.212685229086,45.7150584972481],[-121.212675607901,45.7150601882721],[-121.212632949441,45.7150687781335],[-121.212592735588,45.7150880209964],[-121.212537582771,45.7150915773068],[-121.212487739704,45.7150937045399],[-121.212444688157,45.7150949173425],[-121.212402275325,45.7150866990823],[-121.212356832404,45.7150739392316],[-121.212319047706,45.7150626610653],[-121.212310910728,45.7150600764598],[-121.212308684766,45.7150619867133],[-121.21227753657,45.7150414820757],[-121.212277577651,45.7150414026107],[-121.212276481951,45.7150407887008],[-121.212246323176,45.7150177450861],[-121.212231500821,45.7149866444922],[-121.212212373617,45.7149566070259],[-121.212215350667,45.7149247445365],[-121.212217383619,45.7148963371159],[-121.212203914362,45.7148658787597],[-121.212186072239,45.7148274581638],[-121.212182917276,45.7147880406436],[-121.212192580454,45.7147599767822],[-121.212193631184,45.7147569248226],[-121.212177319535,45.714728489477],[-121.212177587561,45.7147003487589],[-121.212173080622,45.7146739514787],[-121.212171956924,45.7146673677327],[-121.212143780022,45.7146354109179],[-121.212133391189,45.7146318450555],[-121.212103681219,45.7146216473105],[-121.212067192301,45.7145956989748],[-121.212039823152,45.7145745936624],[-121.212001629817,45.714554629425],[-121.211959122375,45.7145365031274],[-121.211920660286,45.7145265760595],[-121.211892116863,45.7145034163239],[-121.211848468302,45.714489042597],[-121.211805760051,45.7144778176887],[-121.211751052649,45.7144698468391],[-121.211711337929,45.714473087307],[-121.211669169404,45.7144784927606],[-121.211627932165,45.7144928857782],[-121.211576919353,45.7145031788159],[-121.211545078189,45.7145104093003],[-121.21153534801,45.7145126187736],[-121.211506738243,45.7145206964269],[-121.21149016696,45.7145253757284],[-121.211451043157,45.7145365506516],[-121.211418001614,45.7145585264796],[-121.211366659574,45.7145742211084],[-121.211343211695,45.7146026126806],[-121.211313719825,45.7146276998735],[-121.211291098113,45.7146528289457],[-121.211251251754,45.7146580554908],[-121.211197383427,45.7146799526024],[-121.211154567729,45.7146883180269],[-121.211109659463,45.7146982375192],[-121.211055432867,45.7147099804376],[-121.211007698067,45.7147200536373],[-121.210955552779,45.7147276148874],[-121.210906819612,45.7147232367632],[-121.210854485176,45.7147377292976],[-121.210812425351,45.7147538085044],[-121.210767808805,45.7147513660956],[-121.210700206425,45.7147426247782],[-121.210644042539,45.7147495243701],[-121.210603258793,45.7147561374434],[-121.210568231969,45.7147301710312],[-121.21050512037,45.7147114468513],[-121.210484493791,45.7146838131441],[-121.21046241472,45.7146556751269],[-121.21040280838,45.7146368302938],[-121.210334102939,45.7146287186404],[-121.21029417559,45.7146300812961],[-121.21024343795,45.7146254680587],[-121.210199786171,45.7146176031019],[-121.210150644273,45.7146184648744],[-121.210090667161,45.7146020614125],[-121.210046761426,45.7146175191503],[-121.210008353438,45.7146278740142],[-121.209955322429,45.7146141247964],[-121.209920282413,45.7145929284549],[-121.209889465335,45.714570539964],[-121.20986614986,45.7145637856931],[-121.209844269164,45.7145574472449],[-121.209806772383,45.7145380260433],[-121.209767791622,45.7145282989409],[-121.209720017593,45.7145226626162],[-121.209685267652,45.7145092439267],[-121.209643010482,45.7145101368911],[-121.209592049854,45.7145092111378],[-121.209543874199,45.7145072192088],[-121.209517325699,45.7145079974432],[-121.209516070973,45.7145022270982],[-121.209448593645,45.7145204356951],[-121.209402604849,45.7145103996819],[-121.209361634662,45.7145185863466],[-121.209310090926,45.7145047035302],[-121.20927448656,45.7144835260445],[-121.209218829963,45.7144880629519],[-121.209170930398,45.7144850715939],[-121.209131757066,45.7144827030912],[-121.20910465182,45.7144703041824],[-121.20909321658,45.7144650726703],[-121.209052677853,45.714451392001],[-121.209020096799,45.7144179540116],[-121.209023157264,45.7143871154118],[-121.208985611089,45.7143814762442],[-121.208984173333,45.7143719460471],[-121.209000335824,45.7143357935501],[-121.209013274501,45.7143058353231],[-121.208971995933,45.7142809729055],[-121.208934763636,45.7142508372909],[-121.208887635026,45.71425971299],[-121.208838076922,45.7142838205975],[-121.20881136151,45.714292518643],[-121.208797709946,45.7142884125592],[-121.20876408061,45.7142802658885],[-121.208757935126,45.7142787770686],[-121.20875190944,45.7142794899474],[-121.208699531511,45.7142856900829],[-121.208655035237,45.7142965448647],[-121.208606614062,45.7143100005355],[-121.208567815108,45.7143150184497],[-121.208522755877,45.7143276060243],[-121.208483120888,45.7143382381595],[-121.208441316172,45.7143417417366],[-121.208429667195,45.7143427174267],[-121.208399680089,45.7143618366038],[-121.208358871918,45.7143835241011],[-121.208311310164,45.7144016024893],[-121.208272277623,45.7143983295094],[-121.208232352728,45.7143997796912],[-121.20818351789,45.714413629233],[-121.2081550125,45.7144326158757],[-121.208108519588,45.7144620700844],[-121.208076766714,45.7144821191694],[-121.208054670068,45.7144992612398],[-121.208049971019,45.7144990687028],[-121.208015053425,45.7145229367051],[-121.207988837724,45.7145485091858],[-121.207980596177,45.714553463585],[-121.207943143275,45.7145767346304],[-121.207904196298,45.7145956572877],[-121.207862677805,45.7146057132991],[-121.207827023717,45.7145886776964],[-121.207791614907,45.7145603957056],[-121.207755349574,45.7145451587697],[-121.207727086818,45.7145211509104],[-121.20769256758,45.7145346461267],[-121.207674990724,45.7145695962249],[-121.207642943604,45.7145510663121],[-121.207603997245,45.7145293462104],[-121.207561619113,45.7144973778182],[-121.207540278832,45.7144718997932],[-121.20752262328,45.7144400430482],[-121.207475427056,45.7144255894686],[-121.207437664238,45.7144054756435],[-121.207399322252,45.7143926245435],[-121.20734339231,45.7143777052996],[-121.207293690361,45.7143649089857],[-121.207243773897,45.7143559679692],[-121.207203166875,45.7143396186035],[-121.207152274204,45.7143170924653],[-121.207109048202,45.7143038909744],[-121.207073722483,45.7142840340069],[-121.207042053962,45.7142583793537],[-121.206996054061,45.7142492728889],[-121.20695884666,45.7142351415219],[-121.206919907501,45.7142169064473],[-121.206878680518,45.7141966075383],[-121.206841486948,45.7141814835506],[-121.206799826798,45.7141614325378],[-121.206756992775,45.7141397204145],[-121.206712929443,45.7141228188573],[-121.206675741192,45.7141031944482],[-121.206635906061,45.7140889137056],[-121.206604057865,45.7140677196556],[-121.206580784144,45.7140451426836],[-121.206546828634,45.7140302989673],[-121.206521399204,45.714003256989],[-121.20648229427,45.7139926213225],[-121.206448626974,45.7139741529392],[-121.20640200578,45.7139573695099],[-121.206352413738,45.7139448508385],[-121.206319317432,45.7139210286466],[-121.206283798172,45.7139061917967],[-121.206241952382,45.7138991808702],[-121.206206203528,45.7138730109553],[-121.206177105075,45.713848970682],[-121.206148511874,45.7138231552581],[-121.20610711802,45.7138063214953],[-121.206063312793,45.7137964642453],[-121.206030214417,45.7137636005304],[-121.205994465446,45.7137447059757],[-121.205954940756,45.7137103425576],[-121.205922707173,45.7136857489223],[-121.205895571239,45.7136584468737],[-121.205850627174,45.7136345194442],[-121.20582297038,45.713614901367],[-121.205808550711,45.7135852310978],[-121.205787372468,45.7135550073101],[-121.205765234463,45.7135197261355],[-121.205739274003,45.7134923939101],[-121.20569813699,45.713467387613],[-121.20565975029,45.7134521526847],[-121.205619421749,45.7134330789539],[-121.205594155013,45.7134104488642],[-121.205584468949,45.7133816999197],[-121.205591021244,45.7133530170762],[-121.205610571731,45.7133202990195],[-121.20565902327,45.7132993482429],[-121.205689370214,45.7132706449736],[-121.205686336859,45.7132340752567],[-121.20569438046,45.7132220594045],[-121.205703749073,45.7132080661671],[-121.205744332561,45.7131905930083],[-121.20577050452,45.7131667197206],[-121.205810434386,45.713143292974],[-121.205813556811,45.7131409567849],[-121.20587539855,45.7130808742155],[-121.205883921351,45.7130717479663],[-121.205884490706,45.7130710602401],[-121.205925018963,45.7130533809285],[-121.205962159932,45.7130382037524],[-121.205993943129,45.7130147560863],[-121.206023427499,45.7130021543951],[-121.206026856695,45.7129688356099],[-121.206627495754,45.7129411144156],[-121.207412947909,45.7126916166065],[-121.207813686417,45.7126381862957],[-121.207792573175,45.7126061475137],[-121.207835671747,45.7125954907564],[-121.207882388224,45.7125871697797],[-121.207924756197,45.7125628336532],[-121.207956978054,45.7125429116756],[-121.207994757355,45.7125207609522],[-121.208021557698,45.7124997781952],[-121.208053192938,45.7124825697598],[-121.208055389051,45.7124509291359],[-121.208104154491,45.7124415286037],[-121.208142780128,45.7124499716789],[-121.208198024536,45.7124642173157],[-121.208230077808,45.7124807552761],[-121.20826958338,45.7124984902439],[-121.208331980811,45.7125063349747],[-121.208367603746,45.7124705652375],[-121.208408837943,45.7124481265383],[-121.208450487127,45.7124307924453],[-121.208491456891,45.712412163251],[-121.208535714147,45.712420881747],[-121.208574710474,45.712432843543],[-121.208613878062,45.7124252553492],[-121.208657126241,45.7124309345677],[-121.208703082932,45.7124371738013],[-121.208707134453,45.7124404560671],[-121.20874576092,45.7124717531452],[-121.208778446867,45.7124908526299],[-121.208814825772,45.7125016184787],[-121.208854324767,45.7125116042631],[-121.208900668565,45.7125309025977],[-121.208949219502,45.7125380645033],[-121.208996248226,45.7125567578779],[-121.209048304688,45.7125609693102],[-121.209077904716,45.7125623722486],[-121.209157845962,45.7125676653368],[-121.209230666316,45.7125488404113],[-121.209312800698,45.7125134341896],[-121.209333759068,45.7124770678976],[-121.209356954082,45.7124144045246],[-121.209403421124,45.7122891554779],[-121.209442321658,45.7121915384747],[-121.209472697243,45.7121556240213],[-121.209474983575,45.7121517426707],[-121.209487482871,45.7121305272706],[-121.20949145231,45.712123790216],[-121.209518104193,45.7121029667957],[-121.209549523673,45.7120764422274],[-121.209567106438,45.7120498123564],[-121.209561905623,45.7120146120007],[-121.209555541421,45.7119847813483],[-121.209548451298,45.7119527385945],[-121.209541211984,45.7119209824304],[-121.209541352336,45.7118912069394],[-121.209551852852,45.711860564154],[-121.209559456264,45.7118277040337],[-121.209579366512,45.7118002051549],[-121.209603795355,45.7117769319227],[-121.209632603028,45.7117527669293],[-121.209663327223,45.7117273268395],[-121.209688583091,45.7117047074171],[-121.209705434918,45.7116668041342],[-121.209725182675,45.7116413314861],[-121.209746625858,45.7116082310405],[-121.209784413815,45.7115805371011],[-121.209812928519,45.7115522639571],[-121.20982010679,45.7115199165066],[-121.209815438973,45.7114905922035],[-121.209816584293,45.7114548900648],[-121.209820582695,45.7114240301271],[-121.209832906654,45.7113957435282],[-121.209834844085,45.7113632383244],[-121.209849109894,45.7113303484937],[-121.209861153088,45.7112982600089],[-121.209869003478,45.7112665891555],[-121.209875683304,45.7112293292945],[-121.209890438413,45.7111926622464],[-121.209907230933,45.7111584573733],[-121.209923210379,45.7111307231063],[-121.209943904065,45.7110911896284],[-121.209960005912,45.7110564023648],[-121.2099786502,45.7110258844706],[-121.209990059964,45.7109875961207],[-121.210015397325,45.7109526727631],[-121.210030041222,45.710919000354],[-121.210036167152,45.710877757001],[-121.21003931543,45.7108352104554],[-121.210068412787,45.7108089931819],[-121.210077813901,45.7107918020688],[-121.210086442652,45.7107760254944],[-121.210087914734,45.710744850525],[-121.210074793233,45.7107120967142],[-121.21005890193,45.7106731005701],[-121.210038712174,45.7106553764059],[-121.210025298584,45.7106436009232],[-121.209995606795,45.7106400329735],[-121.209972497376,45.7106372567483],[-121.209919337659,45.7106339321345],[-121.209869346968,45.7106300613058],[-121.20981403659,45.7106241601786],[-121.209759939158,45.7106254571595],[-121.209710117787,45.7106208310387],[-121.209658598708,45.7106092214838],[-121.209614738447,45.7105982090115],[-121.209577719272,45.710586283961],[-121.209533686491,45.7105665549758],[-121.209489590219,45.7105452750223],[-121.209445565894,45.7105215425325],[-121.209410547492,45.7105081204402],[-121.209372559273,45.7104887273804],[-121.209337263003,45.7104719390708],[-121.209300771452,45.710445190509],[-121.2092679509,45.7104202006635],[-121.209238345767,45.7104019803998],[-121.209221360469,45.7103755331492],[-121.209200384067,45.7103410611164],[-121.209180784265,45.7103021471144],[-121.209153830924,45.7102701349139],[-121.209138704718,45.7102420003277],[-121.209136813426,45.7102137717322],[-121.209122732705,45.7101863718091],[-121.209098276887,45.7101493780503],[-121.209080118832,45.7101145226433],[-121.209068551516,45.7100835329587],[-121.209047795668,45.7100434504888],[-121.209034957432,45.7100134759758],[-121.209022990333,45.7099869984723],[-121.209009731058,45.7099461154553],[-121.208990758904,45.7099078719268],[-121.208972664689,45.7098743604377],[-121.208953780092,45.7098485782313],[-121.208937815666,45.7098171298392],[-121.208914903741,45.7097925824017],[-121.20889228099,45.7097691583071],[-121.208858212643,45.7097324538938],[-121.208827566561,45.7096964854091],[-121.208803323174,45.7096589674623],[-121.208785202995,45.709625269216],[-121.208768249541,45.7095992463366],[-121.208747078839,45.709574732473],[-121.208719489695,45.7095365418723],[-121.208701880625,45.7095110154513],[-121.208674400732,45.7094788562609],[-121.20865024693,45.7094432046732],[-121.20862143068,45.7094082396291],[-121.208595795915,45.7093831525693],[-121.208577212037,45.709348372307],[-121.208556128495,45.709323950683],[-121.208535619036,45.7092992545311],[-121.208494534295,45.7092752410438],[-121.208467025118,45.7092544980945],[-121.208439817494,45.709230671657],[-121.208397952643,45.7092067899123],[-121.208357709416,45.7091908201859],[-121.208319799243,45.7091704711985],[-121.208307748836,45.7091429581049],[-121.208262720438,45.7091346117556],[-121.208277454105,45.7090960975807],[-121.208305557057,45.7090692341861],[-121.208354732224,45.7090518237624],[-121.208407697921,45.7090342351531],[-121.208456757623,45.7090097823637],[-121.208504427969,45.7089962402637],[-121.208536456829,45.7089741647686],[-121.208581506811,45.7089452466877],[-121.20860550358,45.7089179785796],[-121.208624289728,45.7088815333228],[-121.208623322236,45.7088445064121],[-121.208614243558,45.708805367581],[-121.208592739163,45.7087654154935],[-121.208580536449,45.7087344652913],[-121.208576630833,45.708706322097],[-121.208579225038,45.7086625292607],[-121.208577025265,45.7086246657376],[-121.208570898322,45.708584502091],[-121.208562248608,45.7085564663031],[-121.208566622342,45.7085264583673],[-121.20857339837,45.7084873287859],[-121.208574888914,45.7084577301729],[-121.208586295077,45.7084163500785],[-121.208600362185,45.7083889928312],[-121.208609180133,45.7083589735907],[-121.208620561648,45.7083234292954],[-121.20866444003,45.708300923953],[-121.208713724087,45.7082937113112],[-121.208763861206,45.7082887901569],[-121.208816595636,45.708269204928],[-121.208870401153,45.7082471774234],[-121.208921194628,45.7082300342572],[-121.208972697277,45.7082160669091],[-121.209013058124,45.7082032848607],[-121.209069378987,45.7081843543142],[-121.209106423045,45.7081723231048],[-121.209148291296,45.70815763575],[-121.209179522479,45.7081378652988],[-121.209219052225,45.7081254382833],[-121.209270175379,45.7081153424425],[-121.209325396007,45.7080979507765],[-121.209360731618,45.7080808404883],[-121.209408463295,45.7080618066161],[-121.209454524433,45.7080495017172],[-121.209504329532,45.7080416929413],[-121.209552382554,45.7080285245387],[-121.209591125953,45.7080117106252],[-121.209648649018,45.7079967599387],[-121.209705898086,45.7079782387678],[-121.209744318223,45.7079708211853],[-121.209796970346,45.707951137903],[-121.209851841416,45.7079354695779],[-121.209903208491,45.7079166391934],[-121.209938658629,45.7079030948813],[-121.209974718359,45.7078916627246],[-121.210009623123,45.7078762466547],[-121.210031223596,45.707851606757],[-121.210073177675,45.7078255243557],[-121.210100933665,45.7078039278102],[-121.210132351912,45.707771923292],[-121.210158119209,45.7077295592706],[-121.210158220202,45.7076978650486],[-121.210167116847,45.7076609243185],[-121.21015076056,45.7076182062053],[-121.210139915119,45.7075906374744],[-121.210127528158,45.7075519986676],[-121.210104865397,45.7075181295213],[-121.210082715124,45.7074935600417],[-121.210041701814,45.7074606094192],[-121.210014708958,45.7074331602493],[-121.209981878253,45.7074149301208],[-121.209946167777,45.7073883947129],[-121.209895123253,45.7073628988888],[-121.20986794523,45.707347046255],[-121.209845515725,45.7073339629145],[-121.209807175065,45.7073086904698],[-121.209794851964,45.7073005288094],[-121.209778195973,45.7072894972491],[-121.209767721135,45.7072629630943],[-121.209724582512,45.7072376802225],[-121.209707273279,45.7072242549711],[-121.209689037625,45.7072101104239],[-121.209660595957,45.7071974242549],[-121.209653868721,45.7071944232097],[-121.209614307109,45.7071647463167],[-121.209569511649,45.7071391727869],[-121.209593986904,45.7071134556211],[-121.209639786007,45.7070898188921],[-121.209695303384,45.7070807602398],[-121.209732348609,45.7070648431507],[-121.209780590033,45.7070610349509],[-121.209813617508,45.7070304868853],[-121.209858377275,45.7070147716813],[-121.209905977694,45.7070026311392],[-121.209939782943,45.7069820016299],[-121.209962691479,45.7069494173368],[-121.209964677679,45.7069404025502],[-121.209964510112,45.7069397761609],[-121.209965480128,45.7069367562564],[-121.209967410831,45.7069279908253],[-121.209968044792,45.7069251150691],[-121.209972119353,45.7069066217497],[-121.209970759659,45.7068777867226],[-121.209964847393,45.7068491404706],[-121.209975632155,45.7068204597756],[-121.209977896336,45.7067843899054],[-121.209965206542,45.7067543593019],[-121.209964232641,45.7067261963879],[-121.209947556254,45.7067010006971],[-121.2099235584,45.7066778171695],[-121.209897613234,45.7066385310882],[-121.209878498784,45.7066220190579],[-121.209867751992,45.7066127353945],[-121.209865110548,45.7066115319759],[-121.209831929273,45.7065964115224],[-121.209807121121,45.7065621558491],[-121.209816431394,45.7065294016462],[-121.209795328427,45.706505844923],[-121.209765696387,45.706473719753],[-121.209759905709,45.7064458566734],[-121.20974679599,45.7064162290032],[-121.20973838148,45.706385002558],[-121.209739016867,45.7063562933075],[-121.209747750132,45.7063161421161],[-121.209733935638,45.7062892351735],[-121.209749489408,45.7062560000811],[-121.209763347121,45.7062243018601],[-121.209755468337,45.7061883682345],[-121.209746458336,45.7061605032963],[-121.209742738643,45.7061307077772],[-121.209734035055,45.7060901896576],[-121.209749585642,45.7060611561402],[-121.209743285898,45.7060446505307],[-121.209738049489,45.7060309329693],[-121.209737021692,45.7060282390874],[-121.209757552362,45.7060021612217],[-121.209757404365,45.7059673676746],[-121.209767352957,45.7059372715466],[-121.209762376794,45.7059279163071],[-121.209761901919,45.7058885136691],[-121.209773012544,45.7058613727523],[-121.209783115415,45.7058346516827],[-121.209808198297,45.7058088332791],[-121.209842818797,45.7057760068351],[-121.209858469096,45.7057374482982],[-121.209882832054,45.7057141379495],[-121.209887789396,45.7056801849964],[-121.209895913969,45.7056452096752],[-121.209918362635,45.7056200106267],[-121.209935661066,45.7055873267031],[-121.209970639768,45.7055591278024],[-121.209992458957,45.7055354553293],[-121.210027611746,45.7055058657979],[-121.210062181208,45.7054593769],[-121.210095652552,45.7054340445306],[-121.210105130598,45.7053960633972],[-121.210109602926,45.7053636158855],[-121.210141128252,45.7053348929644],[-121.210165465399,45.7053026028383],[-121.210192381272,45.7052775025431],[-121.210236483924,45.7052754834812],[-121.210300612205,45.7052775189812],[-121.210356514386,45.7052862887447],[-121.210404534846,45.7052830348755],[-121.210458563339,45.705277335965],[-121.210509380339,45.7052651915623],[-121.210556098569,45.7052504923666],[-121.210598453637,45.7052226842697],[-121.210625973928,45.7051949002683],[-121.210679227614,45.7051815545395],[-121.21073001279,45.7051763609455],[-121.210770965457,45.7051616982509],[-121.210822220298,45.7051616730974],[-121.210869831911,45.7051522253998],[-121.210914455401,45.7051412475246],[-121.210970846304,45.7051349814161],[-121.211004356473,45.7051147745077],[-121.211041732954,45.7051029170902],[-121.211078259464,45.7050895143918],[-121.211112282397,45.7050749365537],[-121.211152135953,45.705058559835],[-121.211189075124,45.7050455893075],[-121.211237178459,45.7050216900901],[-121.211284919982,45.7049980570136],[-121.211331709789,45.7049790066792],[-121.211367592829,45.7049618899348],[-121.211415603033,45.704952423049],[-121.211459633255,45.7049535914041],[-121.211509228808,45.7049420268894],[-121.21153971239,45.7049237013253],[-121.211581666447,45.7049026021651],[-121.211615082162,45.7048795052047],[-121.211649654796,45.7048588412947],[-121.211694395845,45.7048455751225],[-121.211748590201,45.7048357458788],[-121.211808531252,45.7048263450175],[-121.211842619939,45.7048095735679],[-121.211883321407,45.7047874627851],[-121.211918550832,45.7047693212311],[-121.211957414324,45.7047617397254],[-121.2119966879,45.7047440376979],[-121.212034930954,45.7047323447363],[-121.212074412327,45.704733424542],[-121.212122386135,45.7047172331062],[-121.212165184945,45.7047062918851],[-121.21220397234,45.7046996037951],[-121.212243344891,45.7046922506828],[-121.212292576589,45.7046907962596],[-121.212348298324,45.7046832174643],[-121.212387933425,45.7046735515761],[-121.212437644239,45.7046726221419],[-121.212484565295,45.7046630135474],[-121.212555644118,45.7046548559154],[-121.212607789886,45.7046429878993],[-121.212663797955,45.704639843681],[-121.212708383148,45.7046404810846],[-121.212748371043,45.7046379205132],[-121.212753813195,45.7046377068435],[-121.212781760952,45.7046366104197],[-121.21279499652,45.7046360911563],[-121.21280783079,45.7046355872141],[-121.212857334636,45.7046189423627],[-121.212900291617,45.7046071428535],[-121.212936577649,45.7045960211293],[-121.212970225723,45.704575485467],[-121.213018267821,45.704563950896],[-121.213068306635,45.7045487760715],[-121.213103897705,45.7045360790621],[-121.213156927488,45.7045228276839],[-121.213211942227,45.7045188818763],[-121.213264078481,45.704505570565],[-121.213324747522,45.7045013234184],[-121.213377418814,45.7044915388824],[-121.213421225999,45.7044884887641],[-121.213462704708,45.7044877586461],[-121.213514656523,45.7044857971884],[-121.213563455038,45.7044813201352],[-121.21361598648,45.7044818906538],[-121.213673556331,45.7044789116818],[-121.213727420227,45.7044750781396],[-121.213765673215,45.7044674918706],[-121.213819287307,45.7044608532937],[-121.213870177058,45.7044561378867],[-121.213931946231,45.7044490093274],[-121.213981048528,45.7044387843619],[-121.21403031578,45.7044342694344],[-121.214087435401,45.7044291292946],[-121.21411985224,45.7044446920097],[-121.214154052132,45.7044298045996],[-121.21418699993,45.7044138543959],[-121.214232760593,45.704401982111],[-121.214253797483,45.7043967106596],[-121.214265080634,45.704393882568],[-121.214280946691,45.7043899065048],[-121.214325296813,45.7043783154599],[-121.214363965574,45.7043697705928],[-121.214402593512,45.704364362793],[-121.214447898598,45.7043539252459],[-121.214496338567,45.7043631622823],[-121.214538700635,45.704369140463],[-121.2145623604,45.7043833645335],[-121.214575810064,45.7043914496842],[-121.214589041023,45.7043988590461],[-121.214614895831,45.7044133388416],[-121.214652652604,45.7044315384384],[-121.214685083924,45.7044521786349],[-121.214729359942,45.7044668392412],[-121.214769970834,45.7044851734209],[-121.214812326537,45.7045035807626],[-121.214852744267,45.7045168875833],[-121.214884086953,45.7045465062211],[-121.214903408446,45.7045708640505],[-121.214930694346,45.7045914822622],[-121.214955687008,45.7046129530164],[-121.21497036554,45.7045847017347],[-121.214992462711,45.7045780038718],[-121.215022328184,45.704556454391],[-121.215059775352,45.7045397956747],[-121.215104839735,45.7045363550164],[-121.215139173099,45.704514483788],[-121.215163877952,45.704492857223],[-121.215191148799,45.7044670556233],[-121.21522237592,45.7044418315929],[-121.215251335538,45.7044144308034],[-121.215255811714,45.7044038013633],[-121.215264280603,45.7043836861447],[-121.21528139043,45.704356857155],[-121.215287939574,45.7043284833004],[-121.2153031664,45.704302371059],[-121.215321295552,45.7042728982207],[-121.21534922668,45.704253428242],[-121.215382837623,45.7042300289972],[-121.215430557647,45.7042125648765],[-121.215484626776,45.7041942386392],[-121.215530701441,45.7041784193385],[-121.215580976694,45.7041786701735],[-121.215616823873,45.7041796577717],[-121.215631976998,45.70418007543],[-121.215687622816,45.7041820374881],[-121.215731095779,45.7041726446182],[-121.215776000948,45.7041790815114],[-121.215820156861,45.7041812492499],[-121.215868281726,45.7041755221622],[-121.215903688104,45.7041589933056],[-121.215940934503,45.7041420467346],[-121.2159704552,45.7041220280752],[-121.216012012132,45.704122382863],[-121.216030245424,45.7041094075142],[-121.216048462927,45.7040964436172],[-121.216103578611,45.7040847023007],[-121.216146135668,45.7040882247809],[-121.216186302479,45.7040866856032],[-121.216215636217,45.7040884497739],[-121.216230683875,45.7040893553553],[-121.216272714244,45.7040846400264],[-121.216292912521,45.7040797142386],[-121.216313852621,45.7040746083129],[-121.216357036927,45.704060432111],[-121.216405017686,45.7040477610412],[-121.21645472038,45.7040347496035],[-121.216498545458,45.7040220334016],[-121.216537873033,45.7040185250964],[-121.216577924626,45.7040223431264],[-121.216607161877,45.7040060570559],[-121.216682755202,45.7039787800963],[-121.216733872571,45.7039780345698],[-121.216769388779,45.7039555359525],[-121.21683375962,45.7039484095394],[-121.216882820241,45.7039371619711],[-121.216926917832,45.7039157900791],[-121.216958479234,45.7038907652108],[-121.216996400941,45.7038756740251],[-121.217002667455,45.7038695306182],[-121.21700458741,45.7038676496965],[-121.217020327994,45.7038522167297],[-121.217045388987,45.7038395575265],[-121.217048344861,45.7038380645134],[-121.217059728357,45.7038323151148],[-121.217095051888,45.7038182121416],[-121.217147610701,45.7038240848016],[-121.21720379197,45.7038110958589],[-121.217243798032,45.7038067266127],[-121.217290075899,45.7038042482289],[-121.217349963493,45.7037997374204],[-121.21739105244,45.7038041780181],[-121.217434936474,45.7038097585362],[-121.217478310258,45.7038077099993],[-121.217500603175,45.703807887804],[-121.217521402468,45.7038080530952],[-121.217531151983,45.7038132106599],[-121.217532122273,45.7038137235533],[-121.217558833988,45.7038278533193],[-121.217598006046,45.7038312918281],[-121.21761462747,45.7038290003597],[-121.217616406759,45.7038287553992],[-121.217637440995,45.7038258541236],[-121.217681567329,45.703819246589],[-121.217740235854,45.703814046884],[-121.217783564805,45.7038099732259],[-121.217818053676,45.7037840514049],[-121.217872953113,45.7037798603275],[-121.21791466606,45.7037803914749],[-121.217962785799,45.7037828920604],[-121.218023904157,45.7037696449118],[-121.218068331675,45.7037636629899],[-121.218114283315,45.7037657480466],[-121.21812663024,45.7037633916158],[-121.218167726758,45.7037555485036],[-121.218188636885,45.7037534786749],[-121.218214156594,45.7037509533006],[-121.218258057077,45.7037514896463],[-121.21831818778,45.7037424771645],[-121.218357884157,45.7037338209618],[-121.218397532644,45.7037276014459],[-121.218437165566,45.7037200117343],[-121.218473586052,45.7037027859263],[-121.218515725545,45.7036958338462],[-121.218552085091,45.7036844873603],[-121.218589250018,45.7036654603426],[-121.218626774474,45.7036536756559],[-121.218662968031,45.7036421744302],[-121.218695344957,45.7036231519095],[-121.218736900585,45.7036188054074],[-121.218772316084,45.703594025564],[-121.218821142217,45.7035943027774],[-121.21886193303,45.7035793340238],[-121.218900901017,45.7035724916585],[-121.218941177993,45.7035635472768],[-121.218979911639,45.703556276387],[-121.219021566702,45.7035462490542],[-121.219025385994,45.7035455984378],[-121.219063679689,45.7035390740359],[-121.219102261257,45.7035253866812],[-121.219158620749,45.7035203527637],[-121.219204490037,45.7035244595033],[-121.21926535287,45.7035205344539],[-121.219298950881,45.7034981239537],[-121.21934017738,45.7035071708626],[-121.219380302139,45.70350232837],[-121.219413999902,45.70348777809],[-121.219458301347,45.7034854714355],[-121.219498987248,45.7034826583546],[-121.219540474871,45.7034812168952],[-121.219580375773,45.7034797416853],[-121.219636427947,45.7034721248792],[-121.219697428462,45.7034721549475],[-121.219700708604,45.7034733122891],[-121.219736035638,45.7034857747537],[-121.219769033555,45.7035027724684],[-121.219806663614,45.7035168234659],[-121.219851149441,45.7035165996442],[-121.219895416652,45.7034989430263],[-121.219934693871,45.7034858341903],[-121.219984932622,45.7034709888827],[-121.220026111566,45.7034515910113],[-121.220067181646,45.7034507567157],[-121.220123429449,45.7034501670332],[-121.220171854677,45.7034472060928],[-121.220205346972,45.7034326460767],[-121.220246520442,45.7034306180062],[-121.220295128307,45.7034316157617],[-121.220336538948,45.7034244221288],[-121.220383996193,45.7034214406149],[-121.220425167758,45.7034198768974],[-121.220464106874,45.7034128013251],[-121.220523479775,45.7034077695806],[-121.220584982031,45.7033979779926],[-121.220625349471,45.7034004196834],[-121.220672287159,45.7033874155372],[-121.220707663509,45.7033736750056],[-121.220750793417,45.7033635089015],[-121.22079161981,45.7033461826728],[-121.220844314299,45.7033318666921],[-121.220903474214,45.7033216001002],[-121.220946690322,45.7033121967422],[-121.221003248552,45.7033081749123],[-121.221059047813,45.7033137416091],[-121.2210994692,45.7033135503048],[-121.221154863008,45.7033144454654],[-121.221188250233,45.7032995423897],[-121.221217363946,45.7032965718677],[-121.221227180651,45.7032955699371],[-121.221265489504,45.7032870558304],[-121.22132140688,45.7032763046792],[-121.221373250831,45.7032691543385],[-121.221416562504,45.7032645506787],[-121.221469523743,45.7032516994118],[-121.221522071496,45.7032479551083],[-121.221559827565,45.7032381955694],[-121.221601825212,45.703223703675],[-121.221640933797,45.703214191992],[-121.221689623542,45.703206243519],[-121.22173414289,45.7032050356855],[-121.221780094948,45.7031879779272],[-121.221821240505,45.7031807463252],[-121.221861463785,45.7031737145716],[-121.221903168494,45.7031631091013],[-121.221957608219,45.7031504975473],[-121.222000084509,45.7031579337866],[-121.222055182492,45.7031455070511],[-121.222107449904,45.7031293296504],[-121.222133465799,45.7031242674652],[-121.22216765214,45.7031176150797],[-121.222210823126,45.7031167542094],[-121.222263988418,45.7031050740688],[-121.222315004034,45.7031060112311],[-121.222366533937,45.7031009779671],[-121.222383084589,45.7031037423171],[-121.222399386065,45.7031064649828],[-121.222408853626,45.7031080461798],[-121.22245386139,45.7030924009985],[-121.222496635919,45.7030877552656],[-121.222554243241,45.7030853574579],[-121.222594311313,45.7030845948684],[-121.222610906144,45.7030825209809],[-121.222614625208,45.7030830847083],[-121.222622267657,45.7031148886612],[-121.222673289451,45.7031418933099],[-121.222708617323,45.7031671100646],[-121.22275381287,45.7031520239439],[-121.222772305566,45.7031762388349],[-121.22280284599,45.7031582828832],[-121.222832966497,45.7031386192165],[-121.22284026777,45.7031172737425],[-121.222846296126,45.7030996528422],[-121.222884545879,45.7030853307821],[-121.222944242464,45.7031056970969],[-121.222946406792,45.7031276335987],[-121.222946980609,45.7031334427165],[-121.222947589331,45.7031396097137],[-121.222947842106,45.7031421726067],[-121.222957209705,45.7031544479903],[-121.222999770782,45.7031588482679],[-121.223031615897,45.7031854940866],[-121.223047579624,45.703230089062],[-121.223075944868,45.703279027299],[-121.223109086964,45.7032400207984],[-121.223130763484,45.7032058899274],[-121.223168548244,45.7032315381023],[-121.223258126586,45.7032635779609],[-121.223259816353,45.7032979004334],[-121.223216096915,45.7033262815664],[-121.223215848806,45.7033573407637],[-121.22322413415,45.7033906785308],[-121.223179039758,45.7033647474423],[-121.223144856911,45.7033467223767],[-121.223097744219,45.7033458103025],[-121.223088660213,45.7033827140408],[-121.223112903326,45.703406840121],[-121.223108623854,45.7034405395741],[-121.223119563567,45.7034693245772],[-121.223064925151,45.7034839885024],[-121.223014095504,45.7034707674204],[-121.222945176517,45.7034736582302],[-121.222966943084,45.7035004523834],[-121.222978993796,45.7035297281337],[-121.222998189698,45.7035546631995],[-121.223031134504,45.7035804224343],[-121.223007298455,45.7036067257936],[-121.22304026008,45.7036350766504],[-121.223068384448,45.7036607329737],[-121.223105944919,45.703687305672],[-121.223154226173,45.703687673365],[-121.22319453045,45.7036871320614],[-121.223228678088,45.7037044508915],[-121.223260921248,45.7037318454112],[-121.223268483239,45.7037702160327],[-121.223319708781,45.7037528310498],[-121.223348610456,45.7037800304506],[-121.223385492335,45.7037361144423],[-121.223419207439,45.7037533022745],[-121.223472058904,45.7037286301716],[-121.223496750686,45.7037540934827],[-121.223538100391,45.7037487366278],[-121.22357366515,45.7037615130326],[-121.223626484963,45.7037723858761],[-121.223646656932,45.7037974215211],[-121.223687503338,45.7037812295848],[-121.223722448872,45.703796441861],[-121.223728387252,45.7038271940295],[-121.223749821207,45.7038525004081],[-121.223791630135,45.7038430299849],[-121.223822035173,45.7038216441089],[-121.223863869833,45.7038260003633],[-121.223857897439,45.703796360186],[-121.223903910613,45.7037860469096],[-121.223895451395,45.7037486128746],[-121.223859684419,45.7037324445813],[-121.223866799787,45.7037047514085],[-121.223907937729,45.703679310987],[-121.223916201862,45.7037096015625],[-121.223954113689,45.7037183630354],[-121.22394819548,45.7036854698744],[-121.22395089977,45.7036465307673],[-121.223913245269,45.7036206031506],[-121.223969100065,45.7036136067115],[-121.224012494856,45.7036165200229],[-121.224021281471,45.7036439033194],[-121.224064818549,45.7036725821402],[-121.224079496229,45.7037281623879],[-121.224106911207,45.7037515319931],[-121.224146060839,45.703742385528],[-121.224188211565,45.7037101929656],[-121.224183152705,45.7036807047226],[-121.224178832687,45.7036708832633],[-121.224222370136,45.7036773657751],[-121.22423337761,45.7036429022994],[-121.224211133359,45.7036067112079],[-121.224185338512,45.7035744118076],[-121.224265489281,45.7035810855294],[-121.224298130852,45.7036021196039],[-121.224339525699,45.7036303797752],[-121.224355481935,45.7036576422869],[-121.224372747944,45.7036772554797],[-121.224394946452,45.703673273848],[-121.22441206726,45.7036374337453],[-121.224473870552,45.7036719967474],[-121.224484068212,45.7037076467809],[-121.224510855032,45.7037334547726],[-121.224518661042,45.7037656877803],[-121.224525209119,45.7037784160539],[-121.224586228393,45.7037767687308],[-121.224630676297,45.7037961275455],[-121.224611036809,45.7038385279986],[-121.22460832133,45.7038667585586],[-121.224605048393,45.7038884547905],[-121.224627400728,45.7039194179525],[-121.22460628069,45.7039592004264],[-121.224598212012,45.7039890984505],[-121.224645408397,45.7040081174438],[-121.224715135072,45.704029762051],[-121.224735188593,45.704053444624],[-121.224773466304,45.7040643753308],[-121.224811069723,45.7040802523474],[-121.224850433541,45.7040958317794],[-121.225051224995,45.7043008716626],[-121.225059073646,45.7042678945767],[-121.225097363467,45.7042390845302],[-121.225142916909,45.7042313675749],[-121.22517557318,45.7041881612058],[-121.225152139682,45.7042759169001],[-121.225195972913,45.7042862227234],[-121.225228048585,45.7042584366831],[-121.225234686068,45.7042310897378],[-121.225268560591,45.7042123820565],[-121.225247795632,45.7041732195534],[-121.225269277407,45.7041310069361],[-121.225258196953,45.704098918421],[-121.225293663778,45.7040846522226],[-121.225296967283,45.7040449357178],[-121.225299757577,45.7040139655267],[-121.225285350872,45.7039768145202],[-121.225302821336,45.7039206178522],[-121.225341005824,45.7039375793327],[-121.225311061142,45.7039644057172],[-121.225364701111,45.7039772256959],[-121.225394602289,45.7039422347927],[-121.225436645192,45.7039538997477],[-121.225429567768,45.7039224954073],[-121.22545413924,45.703899428898],[-121.225484235839,45.7038796516515],[-121.225515548459,45.7038475908407],[-121.225572548663,45.7038394331932],[-121.225619115448,45.7038159603898],[-121.225640869451,45.703787621438],[-121.225680640979,45.7037756218175],[-121.225707349027,45.7037554246332],[-121.225747219509,45.7037642897451],[-121.225745830117,45.7037334175291],[-121.225731514749,45.703702223001],[-121.225761364569,45.7036728216704],[-121.225792028835,45.7036511332655],[-121.225810505264,45.7036098135534],[-121.22584793549,45.7035993742669],[-121.225878657059,45.7035700665548],[-121.225962682073,45.7035509693412],[-121.226024041037,45.7035751195455],[-121.226040741848,45.703600433887],[-121.226077950426,45.7036108047963],[-121.226117525337,45.7036083834428],[-121.226162141278,45.7036201691019],[-121.226195165865,45.7036356568181],[-121.226227944858,45.7036700354292],[-121.226275998935,45.7036515539601],[-121.22629051791,45.7036238937051],[-121.226326839547,45.70360658735],[-121.226348230213,45.7035787556724],[-121.226397395582,45.7035631509998],[-121.226432121153,45.7035475660034],[-121.226477968915,45.7035672761705],[-121.22652497112,45.7035664902615],[-121.22657266361,45.7035749508894],[-121.226620790006,45.7035629906601],[-121.226669643396,45.7035582631314],[-121.226723196894,45.7035503772273],[-121.226767642093,45.7035311680515],[-121.226789840573,45.7035637800701],[-121.226803700508,45.7035349745026],[-121.226811607608,45.7034832952008],[-121.226821147743,45.703479784441],[-121.226854340373,45.7034592097127],[-121.226899846156,45.7034553689098],[-121.226939161134,45.7034432474514],[-121.226963627798,45.7034330565969],[-121.226992914203,45.7034250233685],[-121.227019328129,45.7034218267379],[-121.227026087909,45.7034175572279],[-121.227035057666,45.7034118926782],[-121.227056527123,45.7033983348402],[-121.227082916176,45.7033680126534],[-121.227130305642,45.7033390056393],[-121.227147189235,45.7033133315769],[-121.227187655036,45.7032938165431],[-121.227211134491,45.7032672268476],[-121.227243194646,45.7032927434122],[-121.227279210847,45.7032793933151],[-121.227318920619,45.70326261988],[-121.227346413185,45.7032823112386],[-121.227350861553,45.703313079698],[-121.227399486848,45.7033123483232],[-121.227440574124,45.7033281525321],[-121.227477004028,45.7033438556438],[-121.22750971596,45.70336802131],[-121.22754132664,45.7033947180355],[-121.227571356169,45.7034166134297],[-121.227579514668,45.7034467310833],[-121.22759297498,45.703477290148],[-121.22761745435,45.7035000192939],[-121.227631021272,45.7035239553355],[-121.227639506798,45.7035360879321],[-121.227585494531,45.703653466865],[-121.227621666937,45.7036832982685],[-121.22762570714,45.7036858974221],[-121.227640214802,45.7036952323765],[-121.227661415475,45.7037088719159],[-121.227698187298,45.7037238871914],[-121.227737539053,45.703742548254],[-121.227774345285,45.7037597683625],[-121.227793618046,45.7037855931022],[-121.227819090485,45.7038105221344],[-121.227824355497,45.7038416776819],[-121.227813910956,45.7038739252102],[-121.227812116932,45.703885164717],[-121.227812407802,45.7039164033001],[-121.227795334176,45.7039426064637],[-121.227794278257,45.7039724785125],[-121.227840555926,45.7039972281117],[-121.227820184958,45.7040227707548],[-121.227811599643,45.7040633783757],[-121.227827503268,45.7040260706312],[-121.227846811201,45.7040577771032],[-121.227895497785,45.7040864245483],[-121.227940726946,45.7040768391563],[-121.227964298868,45.7041039051875],[-121.227953362095,45.7040773430246],[-121.228006122176,45.7040792074996],[-121.228018910027,45.7041146345726],[-121.228017172803,45.704152979413],[-121.228002004153,45.7041807729198],[-121.227998304553,45.7042145472532],[-121.227987616573,45.7042453931768],[-121.228010025696,45.7042761675351],[-121.227973462377,45.7042946605949],[-121.228007740547,45.7043212401567],[-121.227979395063,45.7043429030236],[-121.227924588654,45.7043236305246],[-121.227896604305,45.7043567904396],[-121.227928511176,45.7043921451262],[-121.227910219579,45.7044360306027],[-121.227906052908,45.7044660866087],[-121.227904085667,45.7044977645009],[-121.227905593276,45.7045261128641],[-121.227906153418,45.704562083801],[-121.227893324944,45.7045954545625],[-121.22789053716,45.7046324050583],[-121.228004297962,45.7048239750176],[-121.228058994494,45.7048310090318],[-121.228050800345,45.7048554597962],[-121.228040034863,45.7048879417852],[-121.228029264134,45.7049220933607],[-121.228023605853,45.7049514223558],[-121.228038803531,45.7049838940056],[-121.228052951244,45.7050134114661],[-121.228067009618,45.7050410409476],[-121.22808556147,45.7050717275417],[-121.228328251084,45.7055063767984],[-121.228323070811,45.7054781370921],[-121.228361543023,45.7054580020641],[-121.228402510346,45.7054541604708],[-121.228446820196,45.7054329224417],[-121.228489373884,45.7054152215174],[-121.228531691063,45.7054151703962],[-121.228572839846,45.705390092106],[-121.228603923938,45.7053716200881],[-121.228641972782,45.7053541858732],[-121.228673745952,45.7053287839206],[-121.228670177899,45.7052935053178],[-121.228697405064,45.7052680481564],[-121.228705432739,45.7052402392258],[-121.228714219923,45.705203759794],[-121.22873466238,45.7051686357344],[-121.228718327826,45.7051354570776],[-121.228734042152,45.7051100697853],[-121.228745668857,45.7050811798508],[-121.228765819018,45.705043228566],[-121.228770289724,45.705011709198],[-121.228763163195,45.7049773232075],[-121.228762724051,45.7049618636318],[-121.228762314691,45.7049474945283],[-121.228761664627,45.7049363530194],[-121.228761122912,45.7049270682787],[-121.228760023669,45.7049082267243],[-121.22877385452,45.7048718624074],[-121.228786190576,45.7048390590707],[-121.228804888586,45.7048042103746],[-121.228810433794,45.7047724286385],[-121.228826771287,45.704741624346],[-121.228828028124,45.7047119228244],[-121.228844425285,45.7046865083005],[-121.228829787749,45.7046593505808],[-121.228850898664,45.7046197301068],[-121.228860176117,45.7045877731208],[-121.228869811509,45.7045544481452],[-121.228880150781,45.7045215328242],[-121.228899878761,45.7044923823587],[-121.228910838083,45.7044635873664],[-121.228898050725,45.7044369497945],[-121.228904914003,45.7044005278187],[-121.228911569673,45.7043679532133],[-121.22894208039,45.7043380851551],[-121.228961708113,45.7043227207217],[-121.228971637248,45.7043149475817],[-121.228988886623,45.7043091556389],[-121.22901131146,45.7043016257592],[-121.229055209694,45.7042987114673],[-121.229100604174,45.7042904801165],[-121.229145573539,45.704276184542],[-121.229197185601,45.7042583546712],[-121.229221487099,45.7042360230424],[-121.229209625084,45.7042029425962],[-121.229207380966,45.7041586413133],[-121.229194775162,45.704119581728],[-121.229036408161,45.7040516518093],[-121.228994588276,45.7040337135022],[-121.228929776199,45.7040128020857],[-121.228949980969,45.7039973448913],[-121.228988602012,45.7039765251861],[-121.229033146891,45.7039557325147],[-121.229077349564,45.7039565115091],[-121.229119232601,45.7039590673046],[-121.229176094667,45.7039718256388],[-121.229217051847,45.7039816109784],[-121.229254924285,45.7039929533409],[-121.22930534765,45.7040131212483],[-121.229360967894,45.7040295713143],[-121.229402466305,45.7040401192543],[-121.229435807766,45.7040554939315],[-121.229436314266,45.7040557268062],[-121.229475833884,45.7040707246984],[-121.229510085743,45.7040891647761],[-121.229538354253,45.7041128793385],[-121.229575500957,45.7041248341079],[-121.229630650637,45.7041391867359],[-121.229683637876,45.7041606732464],[-121.229722447318,45.7041686699362],[-121.229763260719,45.7041745941594],[-121.229802609493,45.7041871149391],[-121.229835289682,45.7042039914034],[-121.229869622339,45.7042176810432],[-121.229910135424,45.704214889476],[-121.229968642264,45.7042243515685],[-121.230024844079,45.7042202342365],[-121.230081775995,45.7042156961471],[-121.230180893492,45.7042386488513],[-121.230214000462,45.7042690331892],[-121.230247001053,45.704314999149],[-121.230271999972,45.7043439833055],[-121.230303000308,45.704373999241],[-121.230336999481,45.7044029833234],[-121.230374000088,45.7044369995051],[-121.230412000142,45.704469999655],[-121.230451000611,45.7045059828926],[-121.230494000267,45.7045440001756],[-121.230540000026,45.7045850171204],[-121.230591000187,45.7046250008005],[-121.230647999213,45.7046639828783],[-121.230709000901,45.7047019999287],[-121.23077600067,45.7047390000467],[-121.230849999632,45.7047719996249],[-121.230927999857,45.7047999666149],[-121.231011000408,45.7048259668912],[-121.231096000328,45.7048489827671],[-121.231181000205,45.7048709841761],[-121.231266999779,45.7048950163072],[-121.231355999926,45.70491999943],[-121.23144800021,45.7049479839382],[-121.231543999613,45.7049819996977],[-121.231632000203,45.7050219833485],[-121.23171099963,45.7050710004022],[-121.231777999564,45.7051209837461],[-121.231850999619,45.7051729834331],[-121.231929000566,45.705227033488],[-121.232008999372,45.7052810001035],[-121.232094000572,45.7053319999858],[-121.232185000399,45.705378017038],[-121.23228500037,45.7054190337944],[-121.232388999201,45.7054499998271],[-121.232496000575,45.7054740329242],[-121.2326060003,45.705496033108],[-121.23271500006,45.7055140168082],[-121.232822001168,45.7055279991783],[-121.232927999702,45.7055420001402],[-121.233032999708,45.7055540161565],[-121.233130999275,45.7055679993911],[-121.233224000379,45.7055840168341],[-121.233314000797,45.7056050003932],[-121.233403000494,45.7056309999117],[-121.233492998846,45.7056640004128],[-121.233573999488,45.7056970002995],[-121.233655000227,45.7057300001299],[-121.233816000001,45.7058020336392],[-121.233894999239,45.7058369996498],[-121.233927113201,45.7058516105529],[-121.233972000075,45.7058720328152],[-121.234044000657,45.7059080165197],[-121.234113000147,45.7059469834843],[-121.234181000111,45.705990033968],[-121.234241999452,45.7060370166896],[-121.234298999491,45.7060869834586],[-121.234356001272,45.7061360006297],[-121.234465999896,45.7062440170914],[-121.234523999019,45.7062999658928],[-121.234581999784,45.7063589668978],[-121.234685000814,45.7064980163265],[-121.23475900043,45.7066519990843],[-121.234874000267,45.7068840007451],[-121.234911999566,45.7069559670018],[-121.234985999459,45.7070859837866],[-121.235022000557,45.7071460172243],[-121.235060000192,45.7072029663188],[-121.235098000308,45.7072619838162],[-121.235137000597,45.7073209825517],[-121.235174999723,45.7073790162077],[-121.235217000851,45.7074349667712],[-121.235261999763,45.7074869843363],[-121.23531000067,45.7075330167581],[-121.235357999494,45.7075740158197],[-121.235405000078,45.7076070174336],[-121.235450001015,45.7076359998325],[-121.235509829433,45.7076740681755],[-121.235539822406,45.7076941112035],[-121.235590999526,45.707730999947],[-121.235578582054,45.7077815579332],[-121.235570498556,45.7078194411866],[-121.235550384354,45.707843790238],[-121.235569903193,45.7078711782032],[-121.235535110742,45.7078983121992],[-121.235536433528,45.7079273911622],[-121.235531388973,45.707958070229],[-121.235528193215,45.7079669488581],[-121.235520115031,45.7079893947338],[-121.235528848763,45.7080177177988],[-121.235520849862,45.7080518903804],[-121.23554865863,45.7080802318006],[-121.235544233126,45.7081109573344],[-121.23558185916,45.7081363396955],[-121.235604466785,45.7081693550317],[-121.235601865996,45.7081979458379],[-121.235576801169,45.7082199411854],[-121.235538966797,45.7082346897461],[-121.235506437288,45.708253553555],[-121.235503798209,45.7082842571798],[-121.235476183963,45.7083092869287],[-121.235436335532,45.7083089584247],[-121.235397507558,45.7083243729563],[-121.235368301309,45.7083449586377],[-121.235376449179,45.7083754040758],[-121.235346591696,45.7083953316246],[-121.235340356636,45.7084313793295],[-121.235323906941,45.7084609280746],[-121.235329267963,45.7084903610595],[-121.235367191138,45.7085001450101],[-121.235402274087,45.708531225315],[-121.235443591817,45.7085477772613],[-121.235498017608,45.7085559655375],[-121.23554190648,45.7085535256542],[-121.235580771794,45.7085662376816],[-121.235618468476,45.7085553402685],[-121.23564146225,45.7085867053935],[-121.235627143747,45.7086149981738],[-121.235666733492,45.7086295134431],[-121.235698118304,45.7086520495752],[-121.23573520121,45.7086690256483],[-121.235776439418,45.7086963575301],[-121.235775488955,45.7087286831028],[-121.235762196802,45.7087677595363],[-121.235783965463,45.7087907438663],[-121.235802707641,45.7088157174489],[-121.235844327787,45.7088096051398],[-121.235888894867,45.7088258335756],[-121.235929355161,45.7088091380581],[-121.235960483251,45.7087832092768],[-121.23597203595,45.7087531491647],[-121.236000541287,45.7087334030905],[-121.236042675681,45.7087006550706],[-121.236084214724,45.7086949527628],[-121.236129989039,45.7086996380859],[-121.236157553397,45.708725314012],[-121.236183670678,45.7087531287016],[-121.23622247688,45.7087819800209],[-121.236239188433,45.7088121282973],[-121.236264160693,45.7088381179042],[-121.236305017325,45.7088516183109],[-121.236343781936,45.7088614176298],[-121.236392870433,45.708858118015],[-121.236433623809,45.7088747796993],[-121.236442013287,45.7088437787079],[-121.23641864874,45.7088118895685],[-121.236419644404,45.7087833837733],[-121.236462991862,45.7087871322993],[-121.236501427389,45.7087934656353],[-121.236532633169,45.7088128439555],[-121.236576939756,45.7088200833967],[-121.236613670582,45.7088373183744],[-121.23665764159,45.7088591079672],[-121.236707737863,45.7088735996639],[-121.236745703064,45.7088883946083],[-121.236793519295,45.7089052858127],[-121.236824857163,45.7089243501598],[-121.236864108126,45.7089342945236],[-121.236897856653,45.7089523645602],[-121.236932989629,45.7089709825106],[-121.236975047825,45.7089901591938],[-121.237000284958,45.7090220789232],[-121.237036356315,45.7090479957587],[-121.237068121639,45.7090651566445],[-121.237083138774,45.7090980131167],[-121.237129024934,45.7091160283049],[-121.237180510497,45.7091321911024],[-121.237228965865,45.7091286851364],[-121.237269803739,45.7091267384544],[-121.237316850762,45.7091136382531],[-121.237403559578,45.7091673373657],[-121.237442416315,45.7091939973272],[-121.237492017813,45.7092028293751],[-121.23753278771,45.7092138347521],[-121.237573964457,45.7092220750139],[-121.237612376685,45.7092332086982],[-121.23765850464,45.7092500392846],[-121.237709660197,45.7092744199773],[-121.237750885523,45.7092847545352],[-121.237789762389,45.7092912454613],[-121.23784036376,45.7093073466135],[-121.237874031014,45.709322010964],[-121.23790323954,45.7093528819514],[-121.237937816537,45.7093747781436],[-121.237977035101,45.7093973372915],[-121.238014761737,45.7094107923975],[-121.238054397577,45.7094103480439],[-121.238096229011,45.7094197161288],[-121.23815992877,45.7094424368416],[-121.23820191286,45.709449074568],[-121.238241621131,45.7094811164304],[-121.238234403289,45.7095111257214],[-121.238281909315,45.709527493963],[-121.238317595098,45.7095510732093],[-121.238334623096,45.7095765500854],[-121.238355161784,45.7096060928106],[-121.238394470929,45.7096306451112],[-121.238425305277,45.7096546832503],[-121.238480387287,45.7096839855427],[-121.238520347481,45.7096973075118],[-121.238563238351,45.7097305387589],[-121.238600166963,45.7097458922551],[-121.238638778995,45.7097533833079],[-121.238657589773,45.7097812125614],[-121.238677258714,45.7097567849969],[-121.238705859763,45.7097368003024],[-121.238746741389,45.709732287609],[-121.238783516693,45.7097506413833],[-121.238827821402,45.7097687287094],[-121.238873200129,45.7097587227564],[-121.238891180667,45.7097612907342],[-121.238907791403,45.7097877502892],[-121.238928177181,45.70981816454],[-121.238959758854,45.7098369503282],[-121.239004054304,45.7098493650734],[-121.239060915511,45.7098396296945],[-121.239092660664,45.7098202874381],[-121.239094923058,45.7097813520057],[-121.239125473797,45.7097529148138],[-121.239173490927,45.7097583022598],[-121.239205578226,45.7097802982969],[-121.239249975631,45.7097605884928],[-121.239279463398,45.7097346587262],[-121.23926471879,45.7096921793818],[-121.239228162827,45.709674446606],[-121.23921369639,45.709642746525],[-121.239211978266,45.7096251295711],[-121.23921092759,45.7096143635938],[-121.239241838728,45.7095910543406],[-121.239239467389,45.7095832311015],[-121.239246578688,45.7095509113733],[-121.239288915036,45.7095602481007],[-121.239377586603,45.7095616375086],[-121.23940344835,45.7095756428309],[-121.239420534173,45.7095848945063],[-121.239428660828,45.7095892952047],[-121.239513000995,45.7096349669947],[-121.239551999062,45.709655000148],[-121.239590000396,45.7096710170233],[-121.239633999508,45.7096880003161],[-121.239685999583,45.7097059835933],[-121.239744000319,45.70972398282],[-121.239808000142,45.7097419664596],[-121.239877001279,45.7097609830328],[-121.239946999839,45.709782032937],[-121.240021999547,45.7098030167483],[-121.240101999775,45.7098269830532],[-121.240181999239,45.7098510167969],[-121.240262999371,45.7098759992957],[-121.240340000025,45.7099009840251],[-121.240425000128,45.7099299668296],[-121.240493595356,45.70995370225],[-121.240509000715,45.7099590331829],[-121.240592998824,45.7099880175278],[-121.24067299986,45.710018032951],[-121.240748000309,45.7100490009974],[-121.240822001005,45.7100819841996],[-121.24086380383,45.7100999097867],[-121.240892001583,45.7101120011535],[-121.240963000517,45.7101439830357],[-121.241032998985,45.7101729665665],[-121.24110300017,45.7101980167016],[-121.241278642111,45.7102439077604],[-121.241661676945,45.71033722468],[-121.241679827059,45.7103416463143],[-121.241974000809,45.710434983889],[-121.242022596398,45.7106012323651],[-121.242518021555,45.7109636228246],[-121.243161870649,45.7114867505946],[-121.243241071885,45.7114590930352],[-121.243143692063,45.7113627805929],[-121.243086945638,45.7111083154159],[-121.243209885541,45.7110856709118],[-121.243268633193,45.7110846321228],[-121.243324128448,45.711077257051],[-121.243374970692,45.7110667491825],[-121.243418072291,45.711061194252],[-121.243465349938,45.711040453302],[-121.243501201568,45.7110136131207],[-121.243544338666,45.7109892918087],[-121.24357214541,45.7109639102453],[-121.243593279945,45.7109396852958],[-121.243597566876,45.7109065252921],[-121.243598135048,45.7108749417647],[-121.243584199466,45.7108380613894],[-121.243572126277,45.7108061196443],[-121.243557299651,45.7107764379852],[-121.243578438211,45.7107602014001],[-121.243585294386,45.7107549350971],[-121.243637782653,45.7107466648458],[-121.243678272724,45.7107283747856],[-121.243720267338,45.7107258702258],[-121.243763216612,45.710701136401],[-121.243803271854,45.7106814678728],[-121.243846009056,45.7106647316577],[-121.243880544826,45.7106452266606],[-121.243880102657,45.7106084862809],[-121.243896588253,45.7105748387569],[-121.243905941611,45.710547314695],[-121.243934050034,45.7105260708946],[-121.243951559993,45.7105044670175],[-121.243956935105,45.7104978358863],[-121.243989168146,45.7104785852809],[-121.243988852736,45.7104645786281],[-121.244000588418,45.710438066883],[-121.244037359334,45.7104275088956],[-121.244077954404,45.7104115974456],[-121.244110765791,45.710388605021],[-121.24414030178,45.7103689501731],[-121.244185248674,45.7103532324992],[-121.244227184053,45.7103503533048],[-121.244268706869,45.7103374695508],[-121.244301420343,45.7103191173314],[-121.244342288374,45.7103079408575],[-121.24438127284,45.710293320474],[-121.244408449825,45.7102670199332],[-121.24443931927,45.7102474872143],[-121.244487566118,45.7102324403057],[-121.244521137797,45.7102125665601],[-121.244560098059,45.7101991257617],[-121.24461436028,45.7101914187797],[-121.244655143024,45.7101858331436],[-121.244698723711,45.7101843598008],[-121.244735758087,45.7101751026672],[-121.244775027066,45.7101714955254],[-121.244822617162,45.7101614572856],[-121.244881426854,45.7101611953984],[-121.244924892949,45.7101573079664],[-121.244973835744,45.7101516648883],[-121.245026030075,45.7101436073036],[-121.245068722277,45.7101392002747],[-121.245114993372,45.7101376402986],[-121.245160862215,45.7101277113849],[-121.245212612128,45.7101141077312],[-121.245258564776,45.7101030189493],[-121.245299735256,45.710095426438],[-121.245340254334,45.7100886141839],[-121.245379778019,45.710077112455],[-121.245431978599,45.7100648693609],[-121.245488049667,45.7100559674284],[-121.245534199803,45.7100514963326],[-121.245577243072,45.710041697565],[-121.24561949708,45.7100376589369],[-121.245663180453,45.7100164370226],[-121.245708627053,45.7100011503664],[-121.245761242314,45.7100036515691],[-121.245802130139,45.709993837613],[-121.245842412852,45.7099842690742],[-121.245889332761,45.7099813902157],[-121.24593151193,45.7099723503212],[-121.245972074981,45.7099700812737],[-121.246020724601,45.7099647248736],[-121.246058556034,45.7099570826118],[-121.24610675588,45.7099477867737],[-121.246156439453,45.7099373462817],[-121.246209448084,45.7099274365729],[-121.2462567383,45.7099170717982],[-121.246306499729,45.7099106297373],[-121.246341626719,45.7098984265035],[-121.246386964353,45.7098890784999],[-121.246429290869,45.7098818948697],[-121.246462679003,45.7098589061225],[-121.246504310436,45.7098573904626],[-121.246547839071,45.7098567499985],[-121.246588667197,45.7098401697655],[-121.246632405972,45.7098284559842],[-121.246679879517,45.7098189201313],[-121.246727790168,45.7098070741362],[-121.246774761977,45.7097920129885],[-121.246829224445,45.7097860145987],[-121.246882015402,45.7097839608247],[-121.246923619949,45.7097786192154],[-121.246978553912,45.7097689637237],[-121.247026746364,45.709766180437],[-121.247067830499,45.7097605940641],[-121.247102410157,45.7097756657327],[-121.247143491804,45.7097605851421],[-121.24718368182,45.709760173126],[-121.247224937654,45.709756696443],[-121.247269322335,45.7097610949451],[-121.247311223282,45.709764639834],[-121.247350835612,45.7097838561639],[-121.247398571015,45.70978837714],[-121.247447698003,45.7097913307897],[-121.247488199935,45.7097867776367],[-121.247534580743,45.7097876558078],[-121.247583152986,45.7097881760443],[-121.247624692467,45.7097910789083],[-121.24766835377,45.7097891925273],[-121.247714303059,45.7097868596835],[-121.247762344704,45.709799423012],[-121.247815023663,45.7098012806808],[-121.247863824372,45.7097888601045],[-121.247914466801,45.7097968070996],[-121.247960598266,45.7098024985558],[-121.248002082029,45.7098126938592],[-121.248052291919,45.7098144208351],[-121.248098531328,45.7098180157808],[-121.24814103785,45.7098067487674],[-121.248180681241,45.7098025332354],[-121.248218645955,45.7098107176891],[-121.248271631332,45.709815762566],[-121.248302819026,45.7098406783402],[-121.248329886191,45.709867824341],[-121.248354517086,45.7098885270295],[-121.248356984534,45.7098906017753],[-121.248399830189,45.709902280467],[-121.248436640152,45.7099204930461],[-121.248476860439,45.7099221584471],[-121.248526391458,45.7099223428501],[-121.248565499555,45.7099329596638],[-121.248595835086,45.7099578109847],[-121.248614326596,45.7099820378366],[-121.248620523382,45.7100096207141],[-121.248650557804,45.710029759931],[-121.248682262422,45.7100495710143],[-121.248715003623,45.7100655653986],[-121.248739897619,45.7100887517859],[-121.24876502992,45.7101126591934],[-121.2487969405,45.7101412204792],[-121.248823495862,45.710161401717],[-121.248836690918,45.710176523021],[-121.248848175493,45.7101896847046],[-121.248891673279,45.7101839519634],[-121.248929136456,45.7101946721456],[-121.248958017933,45.7101655586704],[-121.248997160808,45.7101631416626],[-121.249032817406,45.710151697296],[-121.249075786931,45.7101318609735],[-121.249125010533,45.7101148270786],[-121.249171401226,45.7101114491094],[-121.249202351581,45.7100860198524],[-121.249229789283,45.7100642127111],[-121.2492661125,45.7100484508562],[-121.249289767318,45.7100230798636],[-121.249310850417,45.7099936640453],[-121.249315618747,45.7099528766377],[-121.249363333339,45.709937009429],[-121.249356955559,45.7099090808832],[-121.24936650045,45.7098793243846],[-121.249385793449,45.7098502069468],[-121.249419514815,45.7098280685279],[-121.249476350296,45.7098168352179],[-121.249500245332,45.7097916235782],[-121.249540394546,45.7097815737407],[-121.249579049817,45.7097669897411],[-121.249638352297,45.7097548400631],[-121.249675566275,45.7097462555467],[-121.249706469037,45.7097245175927],[-121.249734678106,45.709695892265],[-121.24975625847,45.7096655163863],[-121.249766770037,45.7096322778159],[-121.249813050829,45.7096211715269],[-121.249849924549,45.7096111775987],[-121.249897966292,45.7095923889855],[-121.249937840677,45.7095930701737],[-121.249961937647,45.7096241009716],[-121.249985854626,45.7095981766944],[-121.250032387398,45.7095922073921],[-121.250071378932,45.7095954474649],[-121.25011862904,45.7095871587844],[-121.250161271633,45.7095740245159],[-121.250201015778,45.70956496554],[-121.250260607625,45.7095643618294],[-121.250295747126,45.7095945329208],[-121.250337310264,45.7096083271525],[-121.250360533525,45.7096324929946],[-121.25037704732,45.7096597198695],[-121.250414523696,45.7096782894545],[-121.250412079372,45.7097058109752],[-121.250432101176,45.7097312085897],[-121.25045671586,45.7097590815952],[-121.250505047275,45.70976229627],[-121.250521253486,45.7097904491054],[-121.250554871607,45.7098071737664],[-121.250585285434,45.7098287188262],[-121.250614526711,45.7098505798518],[-121.250642344738,45.7098705801867],[-121.250677084101,45.7098845605079],[-121.250723827624,45.709893170213],[-121.250764731169,45.7099016796574],[-121.250801891386,45.7099206736153],[-121.250836259839,45.709935302573],[-121.250874702428,45.7099460983223],[-121.250908768933,45.7099632410865],[-121.250943481492,45.7099840553008],[-121.250976600116,45.710008726285],[-121.251021334548,45.7100230143742],[-121.251061488798,45.7100254834339],[-121.251109083986,45.7100362446365],[-121.251144966714,45.7100590065005],[-121.251154240302,45.7100868838756],[-121.251198990201,45.7101078868046],[-121.251241354731,45.7101250872162],[-121.251271072188,45.7101449994672],[-121.251306394902,45.7101647131011],[-121.251334222904,45.7101856009077],[-121.251354394107,45.7102126118069],[-121.251370312867,45.7102386296049],[-121.251383058453,45.7102719723586],[-121.251368092193,45.710299483106],[-121.251386270452,45.7103295931006],[-121.251395897982,45.7103570024261],[-121.251445469425,45.7103676425283],[-121.251486929498,45.7103701044265],[-121.251529947575,45.7103659483951],[-121.251583540989,45.710364253066],[-121.251623999962,45.7103662702465],[-121.251667631109,45.7103808913276],[-121.251710527405,45.7103767675675],[-121.25175614541,45.7103665288346],[-121.251796761715,45.7103731415221],[-121.25183512094,45.7103844424217],[-121.251874492933,45.7104181449511],[-121.251909914663,45.7104482505532],[-121.251922475631,45.7104759891588],[-121.251928199677,45.7105068787499],[-121.251963963999,45.7105263712149],[-121.252008713658,45.7105450128845],[-121.252034783625,45.7105676188879],[-121.25206276605,45.7105958068091],[-121.252076902316,45.7106238323314],[-121.252099905251,45.7106569557401],[-121.252112656486,45.7106847773436],[-121.252122874014,45.710713056121],[-121.252140477837,45.7107410860951],[-121.252132593328,45.710776804324],[-121.252163540511,45.71079524821],[-121.252198738217,45.7108141729736],[-121.252235585536,45.7108340068576],[-121.252274200355,45.7108451171002],[-121.25231227041,45.7108648823608],[-121.252357536888,45.7108714507917],[-121.252384816349,45.7108938024932],[-121.252425836534,45.7109028054743],[-121.252448617739,45.7109289155171],[-121.252482189383,45.7109583400662],[-121.252504306216,45.7109836316517],[-121.252505073566,45.7110157271019],[-121.252543941498,45.7110218969308],[-121.25256378538,45.7110459998138],[-121.252610622673,45.7110464481619],[-121.252645671672,45.7110647539499],[-121.252686034692,45.7110685478633],[-121.252706311041,45.7110438661567],[-121.252728410765,45.7110184337624],[-121.252765216622,45.7110291381271],[-121.252803141449,45.7110494914607],[-121.252846803626,45.7110585680089],[-121.252878022783,45.7110759654555],[-121.252913519301,45.7110941789968],[-121.252950276497,45.7111063650055],[-121.252992371126,45.7111147460535],[-121.25304105263,45.7111187660878],[-121.253077779494,45.7111393890354],[-121.25311772869,45.711163597709],[-121.253148706778,45.7111880760026],[-121.25317340882,45.7112144457001],[-121.253191886483,45.7112397291979],[-121.253232170835,45.7112542579884],[-121.253237599656,45.7112897406541],[-121.253269336589,45.7113214123379],[-121.253295218592,45.7113516038341],[-121.253325948399,45.7113806336372],[-121.25332882184,45.7114143013414],[-121.253366682464,45.711431699409],[-121.253398842321,45.7114524414303],[-121.25339917834,45.7114818201049],[-121.253433803551,45.7115014972064],[-121.253464646446,45.7115233558837],[-121.253488529689,45.7115546130804],[-121.253488614796,45.7115565000703],[-121.253488908643,45.7115630275155],[-121.253489396032,45.7115738585501],[-121.253489984899,45.7115869170588],[-121.253507751684,45.7115979529108],[-121.253567592687,45.7115659138404],[-121.253687937958,45.7116284731014],[-121.253747371429,45.7116262998912],[-121.253769006408,45.7116531869215],[-121.253806579272,45.7116618081662],[-121.253825649957,45.711688113227],[-121.253863676392,45.7116752040353],[-121.253901436902,45.7116896399982],[-121.253931898501,45.711708487319],[-121.253960532584,45.7117217009339],[-121.253973637258,45.7117013774163],[-121.254011065676,45.711686341122],[-121.254036902009,45.7116879043895],[-121.254056553567,45.7116833533072],[-121.25408592718,45.7117020705442],[-121.254108422147,45.7117314243007],[-121.254110878696,45.7117313007351],[-121.254147856798,45.71172944383],[-121.25419818103,45.7117260753394],[-121.254231182468,45.7117417984859],[-121.254271535441,45.7117355376798],[-121.254315486026,45.711729354348],[-121.254345898141,45.7117467840603],[-121.254363619079,45.7117741107054],[-121.25439983675,45.7117634194151],[-121.25443980392,45.711744668406],[-121.25447791242,45.7117358871764],[-121.254516949079,45.7117226736742],[-121.254554531554,45.7117304550356],[-121.254598657811,45.7117232913812],[-121.254639161938,45.7117329301432],[-121.254682858697,45.7117127382922],[-121.254718715864,45.7116804446342],[-121.254757977724,45.7116753461012],[-121.254797472275,45.7116720998948],[-121.254843529129,45.7116840151482],[-121.254905885832,45.7116832361351],[-121.254958406181,45.7116822050938],[-121.255010582068,45.7116921156594],[-121.255050075438,45.7117026515245],[-121.25508922175,45.7117138121367],[-121.255125806451,45.7117030875194],[-121.255153945631,45.7116955561026],[-121.255135770711,45.7116295151774],[-121.255153648681,45.7116023175514],[-121.255196768213,45.7116047890505],[-121.255223538821,45.7116185634405],[-121.255228323871,45.7116210262762],[-121.255271676623,45.7115989981616],[-121.255325682495,45.7115963451795],[-121.255366123664,45.7115870781332],[-121.255405655024,45.7115988700812],[-121.255453242251,45.7116113188154],[-121.255491854457,45.7116204450293],[-121.255501176319,45.7116411922675],[-121.255524139076,45.7116379498326],[-121.255567964169,45.7116361637414],[-121.255578777294,45.7116458599432],[-121.255597063728,45.7116622580411],[-121.255629707533,45.711685191342],[-121.255652098372,45.7117142011693],[-121.255649652368,45.7117189405901],[-121.255660870306,45.7117205007531],[-121.255695013504,45.7117366225515],[-121.255697822713,45.7117522514105],[-121.255720634197,45.7117525502798],[-121.255798316006,45.7117740327198],[-121.255844278781,45.7117852647642],[-121.255882567187,45.7117759394586],[-121.255912365217,45.7117954898884],[-121.255959157581,45.7117908785709],[-121.256011922203,45.7118035555436],[-121.256052708728,45.7118047462716],[-121.256044636086,45.7118243682832],[-121.256065562348,45.7118168345187],[-121.256095567621,45.7118366229884],[-121.256138879682,45.7118469134517],[-121.256144839771,45.7118766129075],[-121.256153244867,45.7119043298916],[-121.256194917439,45.7119122703696],[-121.256233675227,45.7119014867663],[-121.256276674083,45.7118988012001],[-121.256318438125,45.7118815387127],[-121.256336117523,45.7119234503725],[-121.256375100426,45.7119080724989],[-121.256381064512,45.7119421086361],[-121.256414356909,45.711957464755],[-121.256418611561,45.7119594270946],[-121.256457995692,45.7119464333552],[-121.25650811421,45.7119495566546],[-121.25652954915,45.7119739576578],[-121.256580701762,45.7119684126434],[-121.256624073688,45.7119709594628],[-121.256624886433,45.7120008035466],[-121.256670060026,45.7119939206047],[-121.256675993101,45.7120233000878],[-121.256710753118,45.7120014256019],[-121.256746183062,45.7120131211808],[-121.25676135113,45.7120099548476],[-121.256768184753,45.7120241356519],[-121.256793661572,45.7120372670635],[-121.256834226149,45.7120359743771],[-121.256852781368,45.7120417616151],[-121.256854964667,45.7120582341772],[-121.256873472468,45.7120699261777],[-121.256904458623,45.7120648779229],[-121.257151107912,45.7122081305918],[-121.257165110631,45.7122450085205],[-121.257193792854,45.712267781911],[-121.257214606714,45.7122977502635],[-121.257235079451,45.712330880823],[-121.257261877279,45.712358766756],[-121.257289775691,45.7123821240217],[-121.257325612302,45.7124056708064],[-121.257352559438,45.7124256157033],[-121.257373619852,45.7124426156938],[-121.257378411494,45.7124464835797],[-121.25738080416,45.7124484156742],[-121.257416367538,45.7124664542123],[-121.257434342153,45.7124974548127],[-121.257433640118,45.7125242946801],[-121.257446803627,45.7125497394296],[-121.257413042279,45.712576560066],[-121.257388421614,45.7125990269055],[-121.257352482495,45.7126142733463],[-121.257350810255,45.71261603091],[-121.257348030252,45.7126189533898],[-121.257326409106,45.7126416847027],[-121.257323565098,45.7126738591223],[-121.257336907841,45.7127014317305],[-121.257337993159,45.7127036751119],[-121.257336194761,45.7127058123885],[-121.257315429287,45.7127304856469],[-121.257278163788,45.7127606200128],[-121.257236604047,45.7127579102749],[-121.257197306757,45.7127676436814],[-121.257171107897,45.7127959450761],[-121.257153934701,45.7128231393654],[-121.257192945937,45.712850956053],[-121.257230843734,45.7128623101981],[-121.257265771859,45.7128845056041],[-121.25731564956,45.7128711856347],[-121.257346637473,45.7128937007347],[-121.257386631763,45.7129077546812],[-121.257422453367,45.7129277458499],[-121.257451823351,45.7129500256156],[-121.25745801808,45.7129776997747],[-121.257440685755,45.7130077422626],[-121.257474203254,45.7130125389509],[-121.257496741821,45.7130157648931],[-121.257545453414,45.7130357438535],[-121.257591079916,45.7130454381085],[-121.257633864144,45.713056338311],[-121.257672687617,45.7130403581049],[-121.257714316768,45.7130388167188],[-121.25775527397,45.7130414495847],[-121.257805807554,45.7130467955653],[-121.257844862141,45.7130616991031],[-121.257875247692,45.7130798763395],[-121.257919489583,45.7130936519526],[-121.257948045291,45.7131128714664],[-121.257967358635,45.7131394666571],[-121.257998432119,45.7131575463421],[-121.258034168779,45.7131715180226],[-121.258063190806,45.7131911973645],[-121.258097112314,45.7132142142457],[-121.258125633398,45.7132350479474],[-121.258168909561,45.7132631615651],[-121.258197052957,45.7132861452037],[-121.258219380244,45.7133088691235],[-121.258208850384,45.7133361351758],[-121.258215054894,45.7133660713663],[-121.258223723825,45.7133962944631],[-121.258249095503,45.7134178847855],[-121.258288551182,45.713438830288],[-121.258321515488,45.7134538739123],[-121.258358595333,45.7134709388786],[-121.258394772182,45.7134894851124],[-121.258395270937,45.7135203675918],[-121.258439285441,45.713519477075],[-121.258479441511,45.7135121775773],[-121.258520269477,45.7135148469015],[-121.258566278557,45.7135127824276],[-121.25860877011,45.7135016067035],[-121.258652781053,45.7134942129026],[-121.258700016719,45.7134883569961],[-121.258743951658,45.7134721177207],[-121.258778562151,45.7134557218764],[-121.258825420699,45.7134599780763],[-121.258871099,45.7134489957495],[-121.258917154094,45.7134428004242],[-121.258952834037,45.7134294073269],[-121.258990025898,45.7134191686767],[-121.259028853649,45.7134117749305],[-121.259068544998,45.7133956463634],[-121.259110317114,45.7133874819876],[-121.259139784014,45.7133679482301],[-121.25918470244,45.7133649217893],[-121.259227695889,45.7133611594218],[-121.259255340455,45.7133416788682],[-121.259292634795,45.7133282193602],[-121.259325499765,45.7133092314919],[-121.259363590759,45.7133026787885],[-121.259404684219,45.7132995669665],[-121.25944663659,45.7133028480542],[-121.259490313599,45.7132938691841],[-121.259507927443,45.7133027271508],[-121.259525271228,45.7133107655183],[-121.259537797868,45.7133083020395],[-121.2595384829,45.7132825573133],[-121.259560573618,45.7133058003175],[-121.259600280612,45.7133098509134],[-121.259612854428,45.7133400073935],[-121.259653491829,45.7133387976229],[-121.259685453944,45.7133219867121],[-121.259715918446,45.7133345409002],[-121.259749612045,45.7133467968456],[-121.259766418215,45.7133307684892],[-121.259765331205,45.7133124774074],[-121.259794347264,45.7132933029481],[-121.259807894079,45.7132662555333],[-121.259848013855,45.7132688874903],[-121.259888259529,45.713266056907],[-121.259917231529,45.7132416774269],[-121.259946730341,45.7132651007252],[-121.25996787527,45.7132936928758],[-121.260009934322,45.7132859636851],[-121.260050789946,45.713284551877],[-121.260089998355,45.7132778845406],[-121.260133609821,45.7132744489782],[-121.260176232032,45.7132901765399],[-121.26021598652,45.713303957614],[-121.260225028426,45.7133250962345],[-121.260241729654,45.7133132723285],[-121.260261185278,45.7133421510239],[-121.260286023216,45.7133674672351],[-121.260311715741,45.7133370989117],[-121.260341168859,45.7133174566235],[-121.260379797478,45.7133043411155],[-121.26038634109,45.713303971834],[-121.260394655778,45.7133035017142],[-121.260404038757,45.7133029713571],[-121.260420444144,45.7133020448048],[-121.260427228891,45.7132996602925],[-121.260427736915,45.7133010928718],[-121.260446799063,45.7133441437544],[-121.260470581349,45.7133309848181],[-121.260472322667,45.71333002124],[-121.26048430923,45.7133233892177],[-121.260485953035,45.7133181154253],[-121.260498470157,45.7133076354979],[-121.260503764849,45.7133277206273],[-121.260537581987,45.713349043024],[-121.260552692551,45.7133215260874],[-121.260589545079,45.7133055247749],[-121.260612037906,45.7132809609381],[-121.260637216939,45.713302369578],[-121.26062633461,45.7133298114029],[-121.260654873993,45.7133507086566],[-121.260673258477,45.7133773036437],[-121.260706751555,45.7133506057747],[-121.260723594417,45.7133226201458],[-121.260761835389,45.7133339621413],[-121.260784182897,45.7133100630243],[-121.260812357479,45.7133472742086],[-121.260837723469,45.7133188071845],[-121.260875422186,45.7133313524058],[-121.260913474957,45.7133543107417],[-121.260933845091,45.7133288774377],[-121.260968916107,45.7133119847913],[-121.261004381977,45.7133244824718],[-121.261039350248,45.7133436188269],[-121.261027870283,45.7133698715731],[-121.261081608758,45.7133697545495],[-121.261106420669,45.7133441926203],[-121.261130753867,45.7133238313161],[-121.261144603267,45.713340810833],[-121.261191464656,45.7133366529672],[-121.261236625037,45.7133564313727],[-121.26127115352,45.7133702810359],[-121.261302749059,45.7133533434803],[-121.261308590159,45.7133395854197],[-121.261314293958,45.7133261529014],[-121.261343558902,45.7133275605863],[-121.261341308465,45.7133621698781],[-121.2613397282,45.7133635751648],[-121.261300672576,45.7133982911482],[-121.261266543925,45.7134286284789],[-121.260859936015,45.7137900560815],[-121.26033670904,45.7143132900832],[-121.260064081118,45.7145859165919],[-121.259779936422,45.7148700564297],[-121.2597045476,45.7149454459706],[-121.259459935721,45.7151900559613],[-121.259427610976,45.715224341014],[-121.258799935617,45.7158900561009],[-121.258299935633,45.7164200559418],[-121.258039935824,45.7167200563986],[-121.257909935506,45.716870056394],[-121.257839935376,45.7170000560737],[-121.257759935735,45.7171500561728],[-121.257719936397,45.7173800560481],[-121.257679936555,45.7175900559151],[-121.257639935699,45.7178900556456],[-121.257589936608,45.7180500559993],[-121.257539935795,45.718180056336],[-121.257459936053,45.7183000562323],[-121.257349935979,45.7184600564444],[-121.257199935564,45.7186200555603],[-121.257079935886,45.7187400559887],[-121.256719936281,45.7189800566517],[-121.256359935967,45.7192300570484],[-121.255799935395,45.7195900570321],[-121.25538993602,45.7197900559518],[-121.255126848008,45.7198758461522],[-121.255117672883,45.7198746987854],[-121.255092642206,45.7198715702198],[-121.255044091354,45.7197716144076],[-121.254992103975,45.7196645808767],[-121.254991694838,45.7196245269758],[-121.254876041003,45.719653440379],[-121.254733890402,45.7197270846411],[-121.254627704957,45.7196568662804],[-121.2545677616,45.7195660952926],[-121.25477425401,45.7193966361426],[-121.254603387155,45.7192995104499],[-121.254599665806,45.7192986453025],[-121.254598306324,45.71929662273],[-121.254548556213,45.7192683440471],[-121.254538027223,45.7192878122806],[-121.254235112565,45.7198479146438],[-121.254132323781,45.7199127367518],[-121.254175974163,45.7199307099707],[-121.254404824479,45.7200578493502],[-121.253949936116,45.720150056378],[-121.253569936377,45.7202300556853],[-121.253189936243,45.7203000564361],[-121.252399936332,45.7204500559603],[-121.251599935519,45.7205800562709],[-121.251039937273,45.720640055844],[-121.250169936995,45.7207000562443],[-121.249729937377,45.7207400560886],[-121.24965993734,45.7207500562689],[-121.249289937124,45.7207800560276],[-121.248989936121,45.7208300557038],[-121.248729935917,45.7208800558658],[-121.248449936245,45.7209800555944],[-121.248229936528,45.7210600568258],[-121.248029936079,45.7211800574122],[-121.247789936146,45.7213200569467],[-121.24738993585,45.7216100570488],[-121.247019936563,45.7219100562322],[-121.246729935844,45.7221800563711],[-121.246529935728,45.7223800559834],[-121.246279936254,45.7227100559949],[-121.246165222943,45.7229331114786],[-121.246099936414,45.7230600556304],[-121.246053308749,45.7232232529064],[-121.246017396391,45.7233489487134],[-121.245999936707,45.7234100558147],[-121.245959936533,45.7236900557703],[-121.245959936806,45.7237200557176],[-121.24588667288,45.7237200556825],[-121.245859178509,45.723720055569],[-121.245823999644,45.7236909833878],[-121.245808000273,45.7236579834501],[-121.245798000162,45.7236190162554],[-121.245786001079,45.7235759661605],[-121.245771000106,45.7235300004771],[-121.245761000021,45.7234849999866],[-121.245753000348,45.7234409996143],[-121.245744999951,45.7233930001374],[-121.245735999809,45.7233449997058],[-121.245721000245,45.7232990331356],[-121.245693000116,45.723258017188],[-121.245650999489,45.7232229832973],[-121.245602999959,45.7231950165495],[-121.245547999725,45.7231679836479],[-121.245490999778,45.7231419830061],[-121.245434999639,45.7231159832929],[-121.245428808297,45.7231124498455],[-121.245402317124,45.7230973300463],[-121.245386000499,45.7230880172991],[-121.245346999536,45.7230529834722],[-121.245338873022,45.7230375040204],[-121.245331468107,45.7230233983874],[-121.245326246092,45.7230134513943],[-121.245325704252,45.7230110155318],[-121.245320000314,45.7229729999785],[-121.24533100074,45.7229289998357],[-121.245347000319,45.7228860170836],[-121.245363000472,45.7228440001326],[-121.245364839229,45.722838916778],[-121.245366900199,45.7228332211766],[-121.245378237802,45.7228018841519],[-121.245379999123,45.7227970165287],[-121.245397999608,45.7227450006162],[-121.245408154708,45.7227220423475],[-121.245420999741,45.7226930002984],[-121.245450999244,45.7226460165796],[-121.245484000791,45.72260296645],[-121.245508999887,45.722565016598],[-121.245509000553,45.7225280166714],[-121.245480999538,45.7225009997288],[-121.245430999745,45.7224880165542],[-121.24537499995,45.7224959663511],[-121.245323999976,45.7225170172117],[-121.245276000176,45.7225460007168],[-121.24522700102,45.7225800165441],[-121.245173999194,45.7226170167525],[-121.245112999074,45.7226540173585],[-121.245048000278,45.7226900167993],[-121.24497399984,45.7227200165103],[-121.244894999611,45.7227490167536],[-121.244818000596,45.7227760332971],[-121.244743998994,45.7228010166479],[-121.24467599997,45.7228300165863],[-121.244618999426,45.7228660000884],[-121.244573999639,45.72290700058],[-121.244540000694,45.7229560171032],[-121.244512999742,45.723007016058],[-121.244483000253,45.7230529833287],[-121.244440000066,45.7230950000972],[-121.244388000323,45.7231299667396],[-121.244320000234,45.7231620168481],[-121.244250000303,45.7231950163704],[-121.244178999192,45.7232280166604],[-121.244109000689,45.723263999911],[-121.244042999955,45.7232999833739],[-121.243986000766,45.7233329836857],[-121.243937000392,45.7233680160372],[-121.243891000277,45.7233999837918],[-121.243849000666,45.723435966226],[-121.24381899999,45.7234750170225],[-121.243800999743,45.7235169660967],[-121.243788999456,45.7235609669164],[-121.243783999509,45.7236050330691],[-121.243775000384,45.723649017027],[-121.243758999151,45.7236949995235],[-121.243732999342,45.723737966893],[-121.243696000394,45.7237770000542],[-121.243652999953,45.723807016541],[-121.243597000009,45.7238299663346],[-121.24353400104,45.7238419831053],[-121.243464999582,45.7238419831595],[-121.243397999747,45.7238379833605],[-121.243336999228,45.7238339668817],[-121.243275999763,45.7238309827878],[-121.243212999921,45.7238339669817],[-121.243152999737,45.7238419837701],[-121.243094999408,45.7238529835787],[-121.243040000007,45.7238669665084],[-121.242991000858,45.7238800003121],[-121.242942999703,45.7238950170406],[-121.242900999392,45.7239130000473],[-121.242867001015,45.7239339837245],[-121.242838999602,45.7239580164417],[-121.242813000575,45.7239869998406],[-121.242796000482,45.7240160001689],[-121.242783999928,45.724044982903],[-121.242774999737,45.7240750000933],[-121.242766999599,45.7241080002596],[-121.242756000536,45.7241430334902],[-121.242736000195,45.7241760326463],[-121.242710999275,45.724205966569],[-121.242682000624,45.7242310172051],[-121.242644000446,45.7242530166496],[-121.24259800025,45.7242720334086],[-121.24254400012,45.7242860161726],[-121.242487192138,45.7242964309595],[-121.242483999585,45.7242970163962],[-121.242418999765,45.7243050332739],[-121.24235599959,45.7243129665753],[-121.24229700009,45.7243220001109],[-121.242236000965,45.7243310334454],[-121.242134999722,45.724377000079],[-121.242090999536,45.7244029996965],[-121.242051000406,45.7244380329582],[-121.242015000185,45.7244740170428],[-121.241982999179,45.7245119663582],[-121.241951999593,45.7245520336847],[-121.241916999046,45.7245899836161],[-121.241879999287,45.7246299666655],[-121.241842999391,45.7246720001014],[-121.241804999926,45.7247130001385],[-121.241763000202,45.7247519826917],[-121.241730999524,45.7247910165464],[-121.241692999936,45.7248200165679],[-121.24165799987,45.7248449997556],[-121.241606999706,45.7248760165238],[-121.241414068455,45.7247730868467],[-121.241372586656,45.7247537956195],[-121.24132552176,45.7247311258879],[-121.241308911274,45.7247277837211],[-121.241335232127,45.7247113474518],[-121.241337036822,45.724682551715],[-121.241300302804,45.7246550968583],[-121.241287618609,45.7246241104294],[-121.241265609672,45.7245927976971],[-121.241236287021,45.7245648898854],[-121.241217120427,45.7245175399346],[-121.241211846205,45.7244829916396],[-121.241199322534,45.7244462390064],[-121.241181917538,45.7244203931811],[-121.241148769131,45.7243865947615],[-121.241155606935,45.7243561429619],[-121.241132506823,45.7243233660573],[-121.24109558747,45.7242934744402],[-121.241061872121,45.7242654998358],[-121.241039734164,45.7242354397941],[-121.241012473683,45.7242068175077],[-121.240971140916,45.7241809136789],[-121.240934721064,45.7241509585946],[-121.240906132363,45.7241196605658],[-121.240886972782,45.7240758255088],[-121.240881284138,45.7240474445188],[-121.2408495981,45.7240284371819],[-121.240805767829,45.7240127090282],[-121.240774938745,45.7239720983484],[-121.240754245124,45.7239381208095],[-121.240743140158,45.7239111235298],[-121.24072236512,45.7238815821663],[-121.240691754124,45.7238578910824],[-121.240678014772,45.7238276606046],[-121.240644739475,45.7238047178461],[-121.240642465228,45.723769959206],[-121.240632992492,45.723737474916],[-121.240637477217,45.723708669163],[-121.24061332467,45.7236768498337],[-121.240585804421,45.7236495582721],[-121.240587542295,45.7236152889754],[-121.24057778007,45.7235862961639],[-121.240587114703,45.7235468495691],[-121.240568693183,45.7235221680034],[-121.24058286399,45.7234867184918],[-121.240567850761,45.7234536393978],[-121.240554218283,45.7234270496067],[-121.240560817561,45.7234012944253],[-121.240562191255,45.7233959348577],[-121.240558801137,45.7233888574449],[-121.240549051745,45.723368502076],[-121.240566258781,45.7233426411745],[-121.240576098383,45.7233128540059],[-121.240558137641,45.7232827907061],[-121.240558764322,45.7232530515372],[-121.240580042578,45.7232178546245],[-121.240569390502,45.7231818841187],[-121.240581959724,45.7231548338617],[-121.240575624684,45.7231271971691],[-121.240573958714,45.723096600902],[-121.24056340661,45.7230671467752],[-121.240555398105,45.7230402979823],[-121.240546003061,45.7230130794954],[-121.240518452147,45.7229891492725],[-121.240488919376,45.7229625278507],[-121.240455780344,45.7229414845192],[-121.240438507645,45.7229146019098],[-121.240400544316,45.7228982304079],[-121.240375005334,45.7228717001866],[-121.240332997878,45.7228502978695],[-121.240303666155,45.7228272231449],[-121.240282469097,45.7228041423297],[-121.240212188018,45.7227607184342],[-121.240193817699,45.7227349925907],[-121.240159925878,45.7227055199459],[-121.240116643501,45.7226857243646],[-121.240072695747,45.7226569194291],[-121.240034066343,45.7226709281299],[-121.239345076613,45.7222596448617],[-121.239303495548,45.7222426123654],[-121.239266487075,45.7222271633929],[-121.23923217842,45.7222044788128],[-121.239195512762,45.7221928028729],[-121.239166979699,45.7221717779662],[-121.2391331753,45.7221394692818],[-121.23910543135,45.7221157031542],[-121.239079444617,45.7220859497193],[-121.239062757257,45.722056254144],[-121.239033718108,45.7220322817114],[-121.239037847294,45.7219976361568],[-121.239020648975,45.7219636329736],[-121.239003829595,45.7219203530161],[-121.239010776896,45.7218929039162],[-121.238990450561,45.721867087411],[-121.238962271095,45.7218397663831],[-121.238951083895,45.7218042627135],[-121.238923637389,45.7217662149192],[-121.238909040376,45.721735025],[-121.238883817589,45.7217112706876],[-121.238851879923,45.7216886387511],[-121.238834535186,45.7216579105032],[-121.238802390881,45.7216281988691],[-121.238776624149,45.7216006161687],[-121.238732497308,45.7215798061377],[-121.238709232114,45.721543121596],[-121.238666131798,45.7215285757846],[-121.238629740027,45.721503093824],[-121.238605748821,45.7214810470082],[-121.238561609647,45.7214612475201],[-121.238531436559,45.7214402520647],[-121.23850121592,45.7214188895317],[-121.238475222886,45.72139757329],[-121.238452217553,45.7213732734228],[-121.238407489237,45.7213581164469],[-121.238365866632,45.7213327886476],[-121.238332995674,45.7213135742077],[-121.238285637753,45.7213108185515],[-121.238232925843,45.7212963502448],[-121.238192915693,45.7212909392151],[-121.238217450949,45.7212892159662],[-121.238222310642,45.721275083026],[-121.238206816734,45.7212647117335],[-121.238246241453,45.7212455809096],[-121.238254090579,45.7212125085072],[-121.238295676906,45.7211939420604],[-121.238253800833,45.72117692713],[-121.238250991407,45.7210531323919],[-121.238256287847,45.7210220818172],[-121.238264001047,45.7209479614677],[-121.238219897423,45.7209534521884],[-121.238167117923,45.7209695507229],[-121.238128539502,45.7209399448663],[-121.238087183686,45.7209442772043],[-121.238063929076,45.7209195791725],[-121.238023236004,45.7209273960537],[-121.238015957451,45.7208964242253],[-121.237987569942,45.7208656145986],[-121.237954140772,45.7208417703805],[-121.237915445871,45.7208163246648],[-121.237872630147,45.7208098342365],[-121.237890316356,45.7207768803196],[-121.237912399775,45.7207416000021],[-121.237880454577,45.7207045257483],[-121.237833020354,45.7206959181491],[-121.237786587669,45.7206922800715],[-121.23775756283,45.7206732040122],[-121.23771188642,45.7206644371654],[-121.237669807524,45.7206493540804],[-121.237646479034,45.7206197826414],[-121.237638555263,45.7205859628514],[-121.237641982433,45.7205538456573],[-121.237612177643,45.7205880112825],[-121.23757921038,45.720604853596],[-121.237563986324,45.720579006651],[-121.237523974685,45.7205652038344],[-121.237482639208,45.7205548423168],[-121.237510893931,45.7205310263299],[-121.237537794687,45.7204993919732],[-121.237553197621,45.7204677017018],[-121.237510957269,45.7204453784518],[-121.237474054812,45.7204286136984],[-121.23744042992,45.7204023459686],[-121.237408231695,45.7203835457804],[-121.237415295895,45.7203556665318],[-121.237387717592,45.7203295443021],[-121.237350329335,45.7203398709875],[-121.237302010395,45.7203309281816],[-121.237261510435,45.7203296748761],[-121.237216956317,45.7203148990562],[-121.237176038578,45.7203057670951],[-121.237131283439,45.7202973418666],[-121.237121634962,45.720269300092],[-121.237081770939,45.720264744211],[-121.237033677267,45.7202419046954],[-121.236995965429,45.7202564305855],[-121.236972853447,45.7202842421158],[-121.236924123215,45.7202853530947],[-121.23690277128,45.7202586508927],[-121.236919111003,45.7202317069336],[-121.236902720162,45.7202061587189],[-121.236887780107,45.7201768120196],[-121.236845316582,45.7201853671274],[-121.236796231202,45.7201969514043],[-121.236761523606,45.7201807270528],[-121.236756227797,45.7201464725216],[-121.236717426838,45.7201312497691],[-121.23668026822,45.7201181477656],[-121.236646046275,45.7200907391707],[-121.236608457516,45.7200775053906],[-121.236568834381,45.7200537028473],[-121.236536880226,45.7200254471455],[-121.236518469206,45.7200646335831],[-121.236507011919,45.7200932244257],[-121.236503956233,45.7200634959133],[-121.236446060495,45.7200838728898],[-121.236393979783,45.7200869643099],[-121.236341092187,45.7200859694444],[-121.236373815418,45.720107261387],[-121.236351460659,45.7201375444277],[-121.23632849997,45.7201096255583],[-121.236292163322,45.7200946216317],[-121.236248975662,45.7200842940712],[-121.236231724679,45.7200510556183],[-121.236232729958,45.7200229532638],[-121.236204275504,45.7200460430807],[-121.236171395957,45.7200292716222],[-121.236137641879,45.7200105235546],[-121.236147946493,45.7199805918169],[-121.236132475718,45.719954036098],[-121.23609384292,45.7199620983308],[-121.23612731659,45.7199442336633],[-121.236131820396,45.7199045957925],[-121.236063752008,45.7198261180209],[-121.236008767821,45.7198297683841],[-121.235990168247,45.7198037007759],[-121.235990135162,45.7197757272997],[-121.235956716398,45.7197593965949],[-121.235920839113,45.7197323411517],[-121.235881294295,45.7197413766241],[-121.235917532676,45.7196883414382],[-121.235889925191,45.7197102030368],[-121.235906464062,45.7196804126142],[-121.2358797122,45.7196495818145],[-121.235902500132,45.7196223577561],[-121.235880867966,45.7195970290675],[-121.235900994784,45.7195416352253],[-121.235855910435,45.719551856955],[-121.235882609701,45.7195289642357],[-121.235854584983,45.7195051389642],[-121.235889128608,45.7194191532521],[-121.235872991682,45.7193887042224],[-121.235843232432,45.7193671608851],[-121.235812462216,45.7193491185724],[-121.235582018143,45.7193563077469],[-121.23556987076,45.7193284054505],[-121.235532811317,45.7193139337677],[-121.235531737524,45.7193133888269],[-121.235499881639,45.7192972234451],[-121.235529424237,45.7192902586051],[-121.235538169218,45.7192881965847],[-121.235538116737,45.7192879860532],[-121.235530562217,45.7192576254547],[-121.235569704104,45.7192549709107],[-121.235536101334,45.7192447020387],[-121.235522480527,45.7192405393258],[-121.235521770718,45.7192366372752],[-121.235521151958,45.7192346592214],[-121.235519482079,45.7192333750996],[-121.235508563568,45.7192069301228],[-121.235475405828,45.7191814674037],[-121.235448174345,45.7191551916419],[-121.235433889593,45.7191251032962],[-121.235384076802,45.7191192455043],[-121.23536143413,45.7190897840954],[-121.235306477485,45.7190909899037],[-121.235256500992,45.7190914337508],[-121.235243786342,45.7190835109319],[-121.235235527976,45.7190783635343],[-121.235215429091,45.7190584274394],[-121.23520677031,45.7190357185151],[-121.235206292361,45.7190341251731],[-121.23520175357,45.7190189947517],[-121.235223848363,45.718978487402],[-121.23534905672,45.7189748036011],[-121.235441121468,45.7190042646527],[-121.235577377851,45.7190189951913],[-121.235665760618,45.7190410913583],[-121.235746777703,45.7190668693574],[-121.235838843116,45.7190926469333],[-121.235919860594,45.719114743451],[-121.235978782405,45.7191442043167],[-121.236030338244,45.7191810302306],[-121.23608189551,45.7191810298992],[-121.23611872158,45.7191110604445],[-121.236089260215,45.7190484561066],[-121.23605979921,45.7189637563789],[-121.23604875112,45.7189085174014],[-121.236048750526,45.7188275003715],[-121.236048750406,45.7187759432649],[-121.236032358145,45.7187431581802],[-121.235210008548,45.7184181345838],[-121.234153893305,45.7183715421745],[-121.234003354412,45.7184640408478],[-121.233825935375,45.7184876970838],[-121.233695733435,45.7184471427138],[-121.233465182244,45.718375331428],[-121.2334262596,45.718326288417],[-121.233337126042,45.7182139800574],[-121.233154732649,45.7181584692672],[-121.233126934466,45.7181634235771],[-121.232947104412,45.7181822625766],[-121.232944468766,45.71809791044],[-121.232297908643,45.7181343357395],[-121.23211513144,45.7183551906501],[-121.232246899972,45.7186059770043],[-121.232146362469,45.7187124280103],[-121.231876306592,45.7186437698226],[-121.231854359086,45.7186702914223],[-121.231739837132,45.718657883924],[-121.231696898574,45.7187833963529],[-121.231549049208,45.7188957623908],[-121.231365714662,45.7188188795605],[-121.231259181876,45.7186058132977],[-121.23122969391,45.7185468373442],[-121.231145670536,45.7185935162628],[-121.231016789817,45.7186651169118],[-121.230590983364,45.7187419981573],[-121.230188830835,45.7186296333524],[-121.230169119551,45.7184550346401],[-121.229793703513,45.7183930727859],[-121.229222978551,45.7183767667566],[-121.229171953435,45.7184007776205],[-121.229120167507,45.7184410565797],[-121.229097150547,45.7185158598581],[-121.229085643599,45.7186079252882],[-121.229074134718,45.7186712202341],[-121.229016593649,45.7187632847519],[-121.228941790847,45.7188150708107],[-121.228866988017,45.7188438406389],[-121.2288094474,45.7188726116855],[-121.228763415323,45.7189416610495],[-121.228746153125,45.7190164625865],[-121.22874615284,45.7190509882025],[-121.228751907288,45.7191890854125],[-121.228774922726,45.719263887805],[-121.228757661242,45.7193962320486],[-121.22871162948,45.7194480176821],[-121.228596546901,45.719494051025],[-121.228504481871,45.7195113125748],[-121.228354877244,45.7195515906116],[-121.228251304582,45.719551590666],[-121.228141976098,45.719534329435],[-121.228032648694,45.7194998053069],[-121.227917567531,45.7195113132693],[-121.227910190538,45.719512731665],[-121.227697992366,45.7197124470446],[-121.227085497395,45.7199472370959],[-121.226598829761,45.7201430910741],[-121.226604953405,45.7201495281818],[-121.226657783717,45.7203608459699],[-121.226687750351,45.7204807107413],[-121.226463017925,45.7206936153157],[-121.226297426541,45.7207764110355],[-121.226085755179,45.7208243369683],[-121.226072584375,45.7208381998983],[-121.226068901602,45.7208787088082],[-121.226109410679,45.7209192173045],[-121.226172014854,45.7209376297195],[-121.226267763319,45.7209155352719],[-121.226326684222,45.7209044871969],[-121.22637087522,45.7209339483801],[-121.226407701261,45.7210076002568],[-121.226462940268,45.7209928693793],[-121.226521861418,45.7209228995865],[-121.226591830588,45.7208492480233],[-121.226698627273,45.7207792789099],[-121.226864344054,45.7207534997898],[-121.226989551744,45.7207498179453],[-121.227092665294,45.7207056274413],[-121.227177364512,45.720705627119],[-121.227269429549,45.7207498184139],[-121.227405686167,45.7208124218343],[-121.227475655665,45.7208566129774],[-121.227586134423,45.7209744560252],[-121.227652421119,45.7210370606326],[-121.227707660619,45.7211401732985],[-121.227737119984,45.7212322378624],[-121.227726072696,45.7213243039495],[-121.227700293691,45.7214458290716],[-121.227634007371,45.7215342117043],[-121.227575085671,45.7216041811552],[-121.227512482328,45.7216962464261],[-121.227483020409,45.7217919943011],[-121.227501433474,45.7218840594051],[-121.227578769473,45.7219429813373],[-121.22761927676,45.7219540275564],[-121.227663467687,45.7220019022479],[-121.227678199478,45.7220534593077],[-121.227685564364,45.7221271108411],[-121.227696612569,45.722193397396],[-121.227678198434,45.7222596840223],[-121.227608228956,45.7222928277378],[-121.227560356418,45.7222780965675],[-121.22751984758,45.7222560017151],[-121.227457242946,45.7222596836153],[-121.2274646078,45.7223038752566],[-121.227490386134,45.7223370187391],[-121.22753457727,45.7223848925806],[-121.227552990425,45.7224548622916],[-121.227586134233,45.7225248319689],[-121.22763032478,45.7225763880254],[-121.22763536647,45.7225823474401],[-121.22791553798,45.7225988278986],[-121.228035829729,45.7225180831482],[-121.228228503426,45.7225528722882],[-121.228239928435,45.7225631278106],[-121.228245319468,45.7225616578851],[-121.228296875971,45.7225616583557],[-121.228352115215,45.7225690228472],[-121.22839262278,45.7225874360204],[-121.228436814876,45.7226168973113],[-121.228452856605,45.7226316006514],[-121.228674850206,45.7226452317709],[-121.228846356525,45.7228640486433],[-121.229384529015,45.7229172748604],[-121.229556035449,45.7232898572858],[-121.229952272259,45.7233903935809],[-121.230068289536,45.7236072973362],[-121.230316574055,45.7236451688108],[-121.23077833771,45.7238154923539],[-121.230978939652,45.7237965671582],[-121.231084918384,45.7236224590698],[-121.2311833279,45.7235240508126],[-121.231523974219,45.723520266355],[-121.231970598053,45.723497556205],[-121.232473996979,45.723580825363],[-121.233087160083,45.723630028976],[-121.233548924244,45.723747363008],[-121.233808772376,45.7238538070438],[-121.233832794843,45.72384955656],[-121.233950128431,45.7238268470608],[-121.234298344366,45.7238646960452],[-121.234586000423,45.7239139013314],[-121.234617167201,45.7239146098865],[-121.234820590076,45.7237606677761],[-121.234877286393,45.7237845025417],[-121.235047223183,45.7238147046609],[-121.235275213233,45.7238619447911],[-121.235354347038,45.7238798361743],[-121.235550905061,45.7239383164748],[-121.235614560639,45.7239949216889],[-121.23568760578,45.7240726907724],[-121.23574367489,45.7241507907455],[-121.235830764147,45.7241865949279],[-121.23603498798,45.7241739688048],[-121.236248077427,45.7242372414571],[-121.236351597922,45.7242804501761],[-121.236479436325,45.7243455490868],[-121.236560343002,45.7243857864951],[-121.236673276735,45.72441909257],[-121.236744199897,45.7244396816044],[-121.236836299477,45.7245032994865],[-121.23689736622,45.7245423023923],[-121.23695924103,45.7246398009741],[-121.236975470734,45.7246716130889],[-121.237041397026,45.7247246161928],[-121.237132681308,45.7248142130962],[-121.237204706566,45.7248840194762],[-121.237255086811,45.7249256421271],[-121.237292541295,45.7249568537717],[-121.237305497596,45.7249663372357],[-121.237333748542,45.725037323941],[-121.237348565405,45.7250718990695],[-121.23736467739,45.7251074230737],[-121.237373455203,45.7251233397824],[-121.237422844594,45.7251593773205],[-121.237473610765,45.7251904603952],[-121.237511696561,45.7252201596593],[-121.237568826817,45.7252376766572],[-121.237651885584,45.7252668817087],[-121.237655260147,45.7252660696931],[-121.237777884692,45.7253057537061],[-121.238130484229,45.7256080208029],[-121.238197284102,45.7257080204044],[-121.238362617849,45.7258367539211],[-121.238428017517,45.7258917534861],[-121.238549684609,45.7260645539224],[-121.23860428483,45.7262095540535],[-121.238614818134,45.7263266208244],[-121.238593217773,45.7264612208065],[-121.238550017082,45.7266047540696],[-121.238539417578,45.7266855535163],[-121.238516617781,45.7267392206726],[-121.238461285055,45.7269274208737],[-121.238351818254,45.7270879535868],[-121.238274284851,45.7275095541852],[-121.238296817593,45.7276539535937],[-121.238341018268,45.7277448205432],[-121.238389339389,45.7278033568655],[-121.238389612136,45.7278074348696],[-121.238389088971,45.7278118930363],[-121.238388953766,45.7278130457636],[-121.238387005197,45.7278192659198],[-121.238378839506,45.7278453316317],[-121.238384872532,45.7278545560723],[-121.238399176515,45.727876424699],[-121.238405234941,45.7278807134489],[-121.238413111994,45.7279539103651],[-121.238222906081,45.7279598884],[-121.238080748944,45.727975519101],[-121.237863903426,45.7279923735911],[-121.237846871259,45.7279944870498],[-121.237836423149,45.7278179617524],[-121.237828486788,45.727684650614],[-121.237833747717,45.7275736132378],[-121.237835603756,45.7275344619495],[-121.237822565106,45.7274538244346],[-121.237820854548,45.7274432418131],[-121.237750796609,45.7270099702106],[-121.237700380638,45.7268011244046],[-121.237445606929,45.7265815329319],[-121.237259283106,45.7263832285873],[-121.236918241472,45.7262792538293],[-121.236457685123,45.7262626260925],[-121.236331946826,45.726262951006],[-121.235660777004,45.7260720086517],[-121.235301389656,45.7259743613085],[-121.234674322862,45.7256397852112],[-121.234192702451,45.7255746428434],[-121.23414538542,45.7255603289738],[-121.234090217389,45.7255610259824],[-121.234045637267,45.7255583466225],[-121.233990734757,45.7255713725957],[-121.233946889625,45.7255630700096],[-121.233906767055,45.7255562498071],[-121.233857172354,45.7255531228984],[-121.233809738193,45.7255499069658],[-121.233766089073,45.7255666558952],[-121.233728084118,45.7255835298944],[-121.233694607655,45.725600290294],[-121.233657644413,45.7256267591176],[-121.233625040005,45.7256522179337],[-121.233590844269,45.7256714091183],[-121.23354620461,45.7256872875605],[-121.233513651803,45.7257075608346],[-121.233472855735,45.7257238119241],[-121.233428597164,45.7257395846034],[-121.233385561074,45.725745401397],[-121.233345104941,45.7257489133505],[-121.233299391841,45.7257456437187],[-121.233258605725,45.7257454781777],[-121.233207140784,45.7257452932483],[-121.233164329392,45.7257389712451],[-121.233111116764,45.7257369905638],[-121.23305584361,45.7257365324334],[-121.233006421222,45.7257443600937],[-121.232957051701,45.72575136677],[-121.23290596603,45.7257434756171],[-121.232863805521,45.7257458143186],[-121.232820209219,45.7257460029812],[-121.232776026411,45.7257499962259],[-121.232729908291,45.7257574086463],[-121.232691850677,45.7257655488302],[-121.232653314215,45.7257711874476],[-121.232608984062,45.7257800136213],[-121.232571076878,45.7257877024483],[-121.232532655942,45.7257969701679],[-121.232488407395,45.7258075671309],[-121.232447611435,45.7258174074278],[-121.232400570723,45.7258229386548],[-121.232353947168,45.7258263269079],[-121.232309540782,45.7258363444023],[-121.232268345576,45.7258371676737],[-121.232222618925,45.7258437767687],[-121.232182286402,45.7258523271165],[-121.232139815442,45.7258588398548],[-121.232093415316,45.7258659794268],[-121.232051027962,45.7258647103639],[-121.232006442541,45.7258705431596],[-121.231954052725,45.72587270338],[-121.231915207986,45.7258825268865],[-121.231870983307,45.7258883301101],[-121.231825235397,45.725887221361],[-121.231782797005,45.7259000296872],[-121.231732415482,45.7259057024377],[-121.231692391616,45.7259168478447],[-121.231640455122,45.7259183245719],[-121.231600163573,45.7259225999298],[-121.231551077982,45.7259249164344],[-121.231511398137,45.725923654889],[-121.231461894624,45.7259154752569],[-121.231421766746,45.7259168043973],[-121.231380181503,45.7259245258849],[-121.231344133101,45.7259411881633],[-121.231305839556,45.7259512144168],[-121.231262450061,45.7259609268195],[-121.231218067185,45.7259732430784],[-121.231177291223,45.7259816655922],[-121.231129546204,45.7259922375829],[-121.231080762804,45.7259925918728],[-121.231052257764,45.7260137804177],[-121.231006934797,45.7260268066057],[-121.230960388989,45.7260409524473],[-121.230924159043,45.7260600204169],[-121.230880455138,45.726078423556],[-121.23084199704,45.7260886901288],[-121.230790259136,45.7260903837663],[-121.230748541946,45.7261077708265],[-121.230709400364,45.7261153841084],[-121.230676542198,45.7261313278194],[-121.230637685705,45.7261417141641],[-121.230598962542,45.7261486921272],[-121.23055879066,45.7261625990142],[-121.230518248411,45.7261815181405],[-121.230476859741,45.7261852027488],[-121.230435080822,45.7261965230441],[-121.230391191342,45.7262043956898],[-121.230355403299,45.7262199608817],[-121.23031417279,45.7262260826198],[-121.230274271431,45.7262312177389],[-121.230229199127,45.7262391043983],[-121.230188198155,45.7262483331514],[-121.230143232798,45.7262565355648],[-121.230101475241,45.7262714474205],[-121.23005798878,45.7262877132044],[-121.230026624164,45.7263044953525],[-121.229994900769,45.7263270603986],[-121.229958952818,45.7263607795653],[-121.229931476708,45.7263871295788],[-121.229884743444,45.7264009669464],[-121.229845441858,45.7263978520024],[-121.229804108281,45.7263961663949],[-121.229756599395,45.7264132779106],[-121.229724682705,45.7264337390799],[-121.229687201764,45.7264514200328],[-121.229644681418,45.7264667114366],[-121.229599023156,45.7264774339431],[-121.229560567573,45.7264940304424],[-121.229519977117,45.7264978233861],[-121.22948015462,45.7264890269864],[-121.229447816402,45.7265049288983],[-121.229400743287,45.7265252432338],[-121.229359202484,45.7265502409645],[-121.229314621193,45.726552989071],[-121.229272254418,45.7265535347733],[-121.229231138857,45.7265476318253],[-121.229183729175,45.7265583828179],[-121.229125731789,45.726558704129],[-121.229077009587,45.7265706453456],[-121.229034191423,45.7265721758579],[-121.228976527629,45.7265715382714],[-121.228926699022,45.7265755063895],[-121.228875170908,45.7265797352602],[-121.22882931717,45.7265820800081],[-121.228790906366,45.7265728597158],[-121.228748660766,45.7265842873678],[-121.228709389725,45.7265849195732],[-121.228667339047,45.7265820514186],[-121.228621438805,45.7265849318142],[-121.228582792005,45.7265701290458],[-121.228542520746,45.7265770733004],[-121.228492867577,45.7265849620336],[-121.228433070625,45.7265866754204],[-121.228386501077,45.7266003986025],[-121.228349914484,45.7266137176603],[-121.228298028908,45.7266205509813],[-121.228258287672,45.7266167878084],[-121.228207407479,45.7266153180697],[-121.22815065637,45.7266184106878],[-121.228095180093,45.726625080203],[-121.228053721972,45.726629076086],[-121.227974705743,45.7266308231969],[-121.227963965587,45.7266310310035],[-121.227916865726,45.7266289294184],[-121.227870128962,45.72661786767],[-121.227825824134,45.7266086618142],[-121.227796860159,45.7265936867857],[-121.225841295585,45.7265074505586],[-121.223031995642,45.7263835083676],[-121.223007515771,45.7263695829817],[-121.222926723086,45.726370862417],[-121.222813333945,45.7263738038164],[-121.222762913095,45.7263752451825],[-121.2226983397,45.7263769460485],[-121.222613653032,45.7263742951893],[-121.22251313901,45.7263748695957],[-121.222439625154,45.7263743735776],[-121.22238539144,45.7263734602119],[-121.222321583295,45.7263776534179],[-121.222262617787,45.7263756024431],[-121.222207175374,45.7263775045575],[-121.222157340682,45.7263778881752],[-121.222104187527,45.7263782381176],[-121.22204789587,45.7263755967914],[-121.221985897993,45.7263731636373],[-121.221929038848,45.7263711128769],[-121.221866097689,45.7263727288713],[-121.221804018975,45.7263716282907],[-121.221738252796,45.7263687177934],[-121.221671875934,45.7263662198915],[-121.221602890054,45.726364780335],[-121.221533004951,45.726362235828],[-121.221467246553,45.726360174079],[-121.221405426743,45.7263588126871],[-121.221345382462,45.7263596544248],[-121.221282968699,45.7263582999188],[-121.221229837576,45.7263558514229],[-121.221160867912,45.7263544685574],[-121.22110390693,45.7263495553196],[-121.221049416082,45.7263491323628],[-121.220991219189,45.7263454212388],[-121.220926985428,45.726343791566],[-121.220862670485,45.7263423712131],[-121.22080344531,45.7263432389262],[-121.22074628401,45.7263377148299],[-121.22068262543,45.7263336754426],[-121.220625339683,45.7263351862368],[-121.220575112477,45.7263297205761],[-121.220517163828,45.726327218296],[-121.220464783988,45.7263273373995],[-121.220405234932,45.7263265878017],[-121.220350609335,45.7263229229943],[-121.220298580195,45.7263177063624],[-121.22024269056,45.7263181919159],[-121.220179946868,45.7263157767622],[-121.220118452423,45.7263108913976],[-121.220058019487,45.7263037012148],[-121.21999665241,45.7263027763575],[-121.219938537545,45.7262984287125],[-121.219876426873,45.7262972455774],[-121.219824354681,45.7262982800711],[-121.219766981116,45.7262938592845],[-121.219713362539,45.7262890406534],[-121.219429790496,45.7262818425885],[-121.21937595036,45.7262810446394],[-121.219315540587,45.7262798823155],[-121.219252337137,45.726278551291],[-121.219200413783,45.726278703934],[-121.219140340224,45.7262774360485],[-121.219080751145,45.7262773413001],[-121.219025475138,45.7262746954177],[-121.218968334361,45.7262732229482],[-121.218908399553,45.7262750696095],[-121.218843161944,45.7262715491261],[-121.218778647694,45.7262711469909],[-121.21871638582,45.7262711237806],[-121.218653240546,45.7262707123218],[-121.218592453784,45.726270130593],[-121.218532272265,45.7262681361327],[-121.218472528769,45.7262665526125],[-121.218412801033,45.7262674238475],[-121.218349443288,45.7262637523871],[-121.218283251026,45.7262630960744],[-121.218053842567,45.726253444282],[-121.217993385406,45.7262481977186],[-121.217909263176,45.7262381174461],[-121.217863421715,45.7262366362059],[-121.217815370665,45.7262377946319],[-121.217758701513,45.7262313154241],[-121.216638191895,45.7274754978649],[-121.216599785789,45.7274700899174],[-121.216560802218,45.7274726891248],[-121.216522144887,45.72748292436],[-121.216468458561,45.7274919141001],[-121.216411994181,45.7274908766559],[-121.216361635466,45.7274833458873],[-121.216314648914,45.7274698452692],[-121.216265247215,45.7274533681262],[-121.216220059598,45.7274341872045],[-121.216169771111,45.7274146853758],[-121.216122652555,45.7273960908183],[-121.216114870523,45.7273937199545],[-121.216083046125,45.7273840257997],[-121.216049352721,45.7273669577246],[-121.216004714124,45.7273419212184],[-121.215954612084,45.7273276274163],[-121.215913952743,45.727299191291],[-121.215870224253,45.7272704389827],[-121.215834580536,45.7272415330223],[-121.215800292867,45.7272298534189],[-121.215783789165,45.7272242319835],[-121.215735662646,45.7272088870395],[-121.21568825976,45.7271883751727],[-121.215642230693,45.727166936956],[-121.215598776249,45.727148835067],[-121.21555070562,45.7271288338618],[-121.215502670422,45.727108366944],[-121.215466423677,45.7270898483646],[-121.21542153328,45.7270747491686],[-121.215374490565,45.7270644011936],[-121.215325618649,45.7270413180723],[-121.215282260419,45.7270224209877],[-121.215249874236,45.7269914424368],[-121.215200996935,45.7269799082093],[-121.215162348531,45.7269610630749],[-121.215105085687,45.7269583608443],[-121.215056308211,45.7269490198295],[-121.215017308823,45.7269413545568],[-121.214965907756,45.7269238042009],[-121.214944592182,45.7268968581586],[-121.214933112959,45.7268841990287],[-121.214915781155,45.7268650857041],[-121.214887193803,45.7268305696688],[-121.214840705252,45.7268278862848],[-121.214800027165,45.7268075691626],[-121.214750597324,45.7267865625779],[-121.214702853311,45.7267650017657],[-121.214647324309,45.7267623012043],[-121.214607201793,45.7267548000529],[-121.214564786314,45.7267493233455],[-121.214562533682,45.7267490334071],[-121.214557779975,45.7267461274189],[-121.214531017408,45.7267297711964],[-121.21449278038,45.7267134750143],[-121.214448347608,45.7266883088005],[-121.214400614882,45.7266680936698],[-121.214352616303,45.72665202737],[-121.214316437234,45.7266404788649],[-121.214259545606,45.7266294075924],[-121.214214310075,45.726611489748],[-121.214165474602,45.726590798232],[-121.214133528414,45.7265742654572],[-121.214093165769,45.7265432599655],[-121.214084502822,45.7265120876655],[-121.214037668641,45.7264884876989],[-121.214013817216,45.7264610445831],[-121.213976237876,45.7264396082061],[-121.213950466407,45.7264078542326],[-121.213931449524,45.7263697360446],[-121.213886273532,45.7263550800203],[-121.21383290066,45.7263447854316],[-121.213787787655,45.7263394822706],[-121.213733704518,45.7263403007191],[-121.213691687965,45.7263445742815],[-121.213647999287,45.726352560643],[-121.21360896233,45.7263571364013],[-121.213565058476,45.7263628421422],[-121.213515779149,45.7263736167925],[-121.213475836342,45.7263797579916],[-121.213430974224,45.7263592120182],[-121.213398405698,45.7263385090939],[-121.213364609571,45.7263153576191],[-121.213325634998,45.7263090710906],[-121.213270320152,45.7263018475647],[-121.213222373129,45.7263002631156],[-121.213179327476,45.7263101684445],[-121.213133198459,45.7263276582679],[-121.213091625536,45.7263375235979],[-121.213065305301,45.7263619965556],[-121.213046790067,45.7263948400292],[-121.213030288009,45.7264307653961],[-121.212991017778,45.7264650537085],[-121.212960506233,45.726484702298],[-121.212937007376,45.726511009645],[-121.212905312516,45.7265329034271],[-121.212855636049,45.726561276405],[-121.212836683218,45.7265963902198],[-121.212815062366,45.7266194587064],[-121.212823032931,45.7266552728251],[-121.212777140451,45.7266783881564],[-121.212737877425,45.7266765856543],[-121.212697033589,45.726673979825],[-121.212651477462,45.7266681400293],[-121.212598580869,45.7266722402282],[-121.212559084529,45.7266898759199],[-121.212103083169,45.7266683580222],[-121.212050154934,45.7266968858674],[-121.212004280071,45.7266991020144],[-121.211986848009,45.7267246805573],[-121.211985926023,45.7267654896271],[-121.211977006693,45.7267940916156],[-121.211971847709,45.7268234590401],[-121.211972270783,45.7268528067401],[-121.211968137654,45.7268809967068],[-121.211976295107,45.7269086437082],[-121.211977840571,45.7269501385677],[-121.211991669403,45.7269773036957],[-121.211998836436,45.7270169378669],[-121.212008231585,45.72704683826],[-121.211998869897,45.7270837024345],[-121.212008297019,45.7271107086441],[-121.212024417928,45.7271445000946],[-121.212049102948,45.7271667415618],[-121.212082399302,45.7272073644124],[-121.212101353609,45.7272346061589],[-121.21210558503,45.7272619297669],[-121.212120094072,45.7272949272961],[-121.212139004987,45.7273196238074],[-121.212147470548,45.7273307337969],[-121.212159154373,45.7273460660706],[-121.212181736387,45.7273841539451],[-121.212185723277,45.7274151145784],[-121.212198904906,45.7274570904002],[-121.212197629162,45.7274930811582],[-121.212179541107,45.7275277331489],[-121.212176762629,45.7275600298245],[-121.212156289823,45.7275946237806],[-121.21215157655,45.7276225895484],[-121.212140883956,45.7276684976858],[-121.212117598627,45.7277012546334],[-121.212061730408,45.7276706195707],[-121.211232615982,45.7272159877169],[-121.211059524089,45.7270232240144],[-121.211032187193,45.7269369013175],[-121.210993676792,45.7269031541707],[-121.2109940055,45.7268551090079],[-121.210950574823,45.7268248473271],[-121.210910656412,45.7267966415425],[-121.210876272344,45.7267734126159],[-121.210847763768,45.7267485016425],[-121.210821462162,45.7267267593414],[-121.210789929901,45.7267092456178],[-121.210759862368,45.7266915019063],[-121.210709059207,45.7266725017552],[-121.210666755494,45.7266610847671]]],[[[-121.338438498472,45.7489683998924],[-121.338450326839,45.7486253880724],[-121.338130970902,45.7488146363331],[-121.337758390124,45.7489329161318],[-121.337439035805,45.7490393682851],[-121.337113764457,45.7490275398262],[-121.336616990356,45.7487022701618],[-121.336001934877,45.7485307647178],[-121.335984193595,45.7486490436822],[-121.335582041912,45.7486963559328],[-121.335428278995,45.7489329164481],[-121.335410535234,45.7492877552519],[-121.335298170117,45.7496366813313],[-121.335002471556,45.7499323800474],[-121.334623975486,45.7496544231266],[-121.334765910464,45.7493823792035],[-121.335079353292,45.7489092596088],[-121.334884192364,45.7488737759399],[-121.334440641883,45.7489447442167],[-121.334392129068,45.7488927032408],[-121.33434366653,45.7488893611031],[-121.334237653206,45.7489260569727],[-121.334184646792,45.7489138249823],[-121.334143873593,45.7488893610262],[-121.334107176589,45.7488159667515],[-121.334103098431,45.7487833476468],[-121.334109737788,45.7487468308752],[-121.334036118507,45.7487559460973],[-121.333948309732,45.7486639567254],[-121.334101586474,45.7484585663983],[-121.334090866476,45.7484449213965],[-121.334062324359,45.7483959924027],[-121.334058247049,45.7483022108166],[-121.334050092166,45.7482695916538],[-121.334023060367,45.7482327313977],[-121.333776877081,45.7482458262327],[-121.333680707093,45.7480200360355],[-121.333851474704,45.7478814119768],[-121.33377944765,45.747775203619],[-121.333672343931,45.7477482507372],[-121.333584537315,45.7475935432583],[-121.333646502919,45.7474767604016],[-121.333603696736,45.7474743816483],[-121.333597496966,45.7474826475785],[-121.333483329031,45.7474744941187],[-121.33339362646,45.7474581836234],[-121.333340620637,45.7474337191059],[-121.333287612823,45.7474051771546],[-121.333242760638,45.7473603258558],[-121.33321829686,45.7472991637074],[-121.333218297184,45.7472871043881],[-121.333163623005,45.7471396495789],[-121.333037726191,45.7471013877232],[-121.332778811013,45.7470226966544],[-121.332672358681,45.7467151700632],[-121.332819263964,45.7466488593772],[-121.332760154602,45.7465743301358],[-121.33284589218,45.7465053219031],[-121.332999657391,45.7463815588353],[-121.33318418048,45.7464321541381],[-121.333195675256,45.74635169505],[-121.333467459717,45.7462931562209],[-121.333523563212,45.7463301338429],[-121.333379242349,45.7461094094414],[-121.333322897695,45.7460232332329],[-121.33303421269,45.7458687613978],[-121.333033182399,45.7458714133109],[-121.333054057478,45.7459575283771],[-121.333061887307,45.7460514719091],[-121.333035791342,45.7461401966914],[-121.332975771119,45.7462158737923],[-121.332923580373,45.7462602359971],[-121.332806150393,45.7462811123626],[-121.332730473515,45.7462811121633],[-121.332644358029,45.7462497977279],[-121.332539976253,45.7462210932407],[-121.332469518062,45.7462080449266],[-121.332409498165,45.7461584633362],[-121.332391231995,45.7460801773712],[-121.332354698468,45.7460436433271],[-121.332310334844,45.7460279858106],[-121.332263362585,45.7460018897171],[-121.332205953313,45.7459784035695],[-121.332179858464,45.7459496987031],[-121.33214854312,45.7459366510726],[-121.332093741896,45.7459209940783],[-121.332041550629,45.7459157747418],[-121.332013275991,45.7459129469274],[-121.331987277903,45.7459377453292],[-121.331778212234,45.7459377452063],[-121.331781875,45.7458168832007],[-121.331772936609,45.7458149308854],[-121.331695521469,45.74566800098],[-121.331598323296,45.7454835221736],[-121.330975043709,45.7453963503986],[-121.330803538326,45.7450592532211],[-121.330804237006,45.7450576801831],[-121.330376811448,45.7449795920643],[-121.33040132597,45.7446445591899],[-121.330411860323,45.7445005871687],[-121.330502738304,45.7444252904135],[-121.330469464019,45.7443321241807],[-121.330624171963,45.7442234103581],[-121.330814280154,45.7443923964295],[-121.331067678138,45.7444707485602],[-121.331601927121,45.7440597881972],[-121.331767518453,45.7438823690335],[-121.330850851031,45.7435334429523],[-121.330194397132,45.7429124739038],[-121.330120809488,45.7426354357762],[-121.329391201356,45.7424462792227],[-121.329147620763,45.7427232268406],[-121.328881490635,45.7429361297351],[-121.328831627613,45.7428088924197],[-121.328822028838,45.7428184908965],[-121.328759309345,45.742881211016],[-121.32861296408,45.7427850414387],[-121.328757036534,45.742618555576],[-121.328709985952,45.7424984952218],[-121.328757282469,45.7422819293163],[-121.328670798041,45.7422595073967],[-121.328684959055,45.7417921908032],[-121.328455683465,45.7416409671569],[-121.328473427086,45.7414044073106],[-121.328703786009,45.7411709352316],[-121.328713802282,45.7408404032136],[-121.328663130829,45.7406839867],[-121.323075357378,45.7421873216784],[-121.322685237341,45.7422832266233],[-121.32197986662,45.7426167751686],[-121.321589542541,45.743054410314],[-121.321009970393,45.7431431195945],[-121.320590078227,45.7434092492814],[-121.320235239544,45.7435689270264],[-121.319798827044,45.7437175604234],[-121.319188594163,45.7445171741225],[-121.316479391955,45.7457427651643],[-121.315794728522,45.7459180388215],[-121.315462650481,45.7462065666245],[-121.315036842045,45.7462597933222],[-121.314782539556,45.746431297967],[-121.314640605372,45.7463898998247],[-121.314404238183,45.746274004038],[-121.313791692454,45.7464308160801],[-121.313231943773,45.7462922687046],[-121.313429821889,45.7455737884055],[-121.313447485259,45.7455266039689],[-121.312405039829,45.7453920456455],[-121.311777606559,45.7453839618985],[-121.311454162666,45.7455176318624],[-121.311238985136,45.7456065581223],[-121.311092732486,45.7454490978342],[-121.310921577861,45.7452648273336],[-121.310965041301,45.7445490558958],[-121.311166839135,45.7444443518507],[-121.311204528077,45.7442063785827],[-121.311240191733,45.7438131305514],[-121.311274619149,45.7434165662967],[-121.311281666127,45.7434149999263],[-121.311274963512,45.743412607415],[-121.311274421139,45.7434166101736],[-121.311236666455,45.7434250006206],[-121.31118499916,45.743413333084],[-121.311191667668,45.7433749998634],[-121.311188332908,45.7433433332819],[-121.311179999363,45.7433033336135],[-121.311184999138,45.7432666660788],[-121.311195000231,45.7432383325675],[-121.311186667169,45.7432083337476],[-121.31119833342,45.7431749996826],[-121.311215000472,45.7431399996902],[-121.311211665848,45.7431066661532],[-121.311181667154,45.7430850004148],[-121.311133333799,45.7430866655985],[-121.311108332433,45.7431233344165],[-121.311099999836,45.7431533334459],[-121.31107500056,45.7431800005455],[-121.311048333085,45.743201666404],[-121.311043333372,45.7432366669771],[-121.311051666073,45.7432699997159],[-121.311046666903,45.7432983333693],[-121.311018334024,45.7433266667246],[-121.310976667363,45.7433416670674],[-121.310936666145,45.7433483338361],[-121.31091666617,45.7433750001207],[-121.310896667162,45.7434050003299],[-121.310883332635,45.7434316670672],[-121.310855000073,45.7434699994272],[-121.310849999471,45.7434983339501],[-121.310836666223,45.7435399997119],[-121.31083499975,45.743575000063],[-121.310826665771,45.7436033329932],[-121.310808332984,45.7436299996109],[-121.310779999813,45.7436583329014],[-121.31076499979,45.7436916671226],[-121.310756667041,45.7437200000654],[-121.310745000712,45.7437500001679],[-121.310739999926,45.7437799998386],[-121.310708332808,45.7437983333681],[-121.310673333532,45.7438166671112],[-121.310626666737,45.7438050003726],[-121.310589999073,45.743791666938],[-121.310558332952,45.7437699997782],[-121.310529999867,45.7437383333636],[-121.310501666679,45.7437083329972],[-121.310498333553,45.7436766673212],[-121.310485000436,45.743643332587],[-121.310481666654,45.7436049999733],[-121.310486666435,45.7435733333412],[-121.310481666019,45.7435416664044],[-121.31046999955,45.7435016668906],[-121.310448333612,45.7434683331062],[-121.310414999276,45.7434449985747],[-121.310396666736,45.7434116663837],[-121.310361666659,45.7433850002849],[-121.310340000857,45.7433516655812],[-121.310323333477,45.7433149997941],[-121.310296666344,45.7432883327319],[-121.310258333645,45.7432683337329],[-121.310214999978,45.7432516666579],[-121.310180000115,45.7432249996057],[-121.310145000769,45.7431933325794],[-121.310131666316,45.7431633325954],[-121.310118333422,45.7431300014191],[-121.310085000403,45.7430966668674],[-121.310071665858,45.7430683329315],[-121.310079999653,45.7430316670661],[-121.310093333347,45.7430033334513],[-121.310121667003,45.7429833333203],[-121.310153332555,45.7429649999282],[-121.310196667276,45.7429416663752],[-121.310233332962,45.7429150001411],[-121.310269999899,45.7428883339137],[-121.310286666826,45.742860000081],[-121.310301666233,45.7428333337373],[-121.310298333451,45.7428000001989],[-121.310306666611,45.7427683333772],[-121.310318332955,45.742738333315],[-121.310301665926,45.7427000005692],[-121.310283333547,45.7426683344152],[-121.310258334064,45.7426416668086],[-121.310250000495,45.7426100000523],[-121.310251666813,45.7425799996732],[-121.310239999909,45.7425483331084],[-121.310215000304,45.7425233333472],[-121.310186666599,45.7424933328885],[-121.310169999079,45.7424616670431],[-121.310153332623,45.7424199985677],[-121.310143333246,45.742386666303],[-121.310136666929,45.7423566659581],[-121.310113333151,45.7423216665738],[-121.310101667173,45.7422949999787],[-121.310086666137,45.7422599996587],[-121.310064999404,45.74222833364],[-121.30962756072,45.7418110278269],[-121.309875791187,45.7414798524252],[-121.310072531111,45.7410706846695],[-121.310005638781,45.7407301666692],[-121.309690540339,45.740520994864],[-121.308859775406,45.7405155005716],[-121.30841907759,45.7403727028322],[-121.308391534347,45.739812487819],[-121.308445134534,45.7392102370692],[-121.308382177067,45.7388092914415],[-121.307877974601,45.7385148200312],[-121.307783274207,45.7384686018023],[-121.306521820655,45.7384946987927],[-121.306486710691,45.7382233200081],[-121.306484496497,45.7380504167531],[-121.306760672605,45.7375936592793],[-121.30833028883,45.7378731802404],[-121.309125848521,45.7377656717697],[-121.308750537503,45.7372965342423],[-121.308773699869,45.7372768403951],[-121.308875282458,45.7372007957679],[-121.308988606083,45.7371159627205],[-121.308989438821,45.7371153305877],[-121.309203475716,45.7369532749244],[-121.309201833761,45.7368368830424],[-121.309202485446,45.7368167010671],[-121.309207193862,45.7367690113184],[-121.309420300971,45.7367932097125],[-121.309540830884,45.7368068954414],[-121.309580851552,45.7368737925482],[-121.309654962025,45.7369976754124],[-121.309818537368,45.7372711019149],[-121.309841874971,45.737302451599],[-121.310286936519,45.7374001448908],[-121.311254506698,45.7362390577511],[-121.31128768352,45.7360731746111],[-121.311258834626,45.736071473566],[-121.310729783382,45.7360371932624],[-121.310276458601,45.7360078183505],[-121.310120000107,45.7359933336175],[-121.310138732429,45.7358241354017],[-121.310163284335,45.7356023772551],[-121.310168482552,45.7355554201736],[-121.310171666238,45.7355266672272],[-121.310143332626,45.7355050006179],[-121.310158333091,45.7354733334014],[-121.310165000077,45.7354333332106],[-121.31018833394,45.7354099998611],[-121.310211666823,45.7353833325742],[-121.310266666257,45.7353766674122],[-121.310306666992,45.7353699999665],[-121.310359999105,45.7353516665835],[-121.310411667509,45.7353383328448],[-121.310468334147,45.735330000086],[-121.310521666414,45.735323334443],[-121.310576666971,45.7353183334071],[-121.310625000252,45.7353149997014],[-121.310670000045,45.7353183331137],[-121.310723333032,45.7353183334233],[-121.310769999891,45.7353066663177],[-121.310831666785,45.7353100004342],[-121.31088833294,45.7353066674369],[-121.310930000542,45.735285000189],[-121.310964999603,45.7352649993837],[-121.310996666845,45.7352466666633],[-121.311036666239,45.7352216659925],[-121.311055000125,45.7351916672024],[-121.311081666672,45.7351650004262],[-121.311491024133,45.735056469896],[-121.312415594509,45.735142478346],[-121.313070019927,45.7355891488268],[-121.315524549398,45.733691564014],[-121.311905934542,45.7336073517376],[-121.31119000292,45.7344974288829],[-121.309856904415,45.7347769495585],[-121.309297647957,45.7344012018597],[-121.309274589962,45.7343642144483],[-121.309211902263,45.7343200490768],[-121.309074215907,45.7342230463665],[-121.308976033513,45.7341538739529],[-121.308665781108,45.7339352920075],[-121.308805527964,45.7337056430692],[-121.308302835811,45.7338453215798],[-121.308134999989,45.7337750006819],[-121.307407771528,45.7343085346297],[-121.306307291362,45.7348556656708],[-121.306133334011,45.7349983338287],[-121.30532549704,45.735081583615],[-121.30525999993,45.7350883327619],[-121.305259999408,45.7351266674159],[-121.305203332885,45.7351383333104],[-121.305156666838,45.7351399999984],[-121.305121666742,45.7351266670256],[-121.305081666451,45.7351216666473],[-121.305036666574,45.7351283336858],[-121.304996665973,45.7351250002324],[-121.304964999779,45.7351066663033],[-121.304924999306,45.7351233336371],[-121.304903333406,45.7351516663421],[-121.304876667178,45.7351816656004],[-121.304836666626,45.7351983329019],[-121.304803332823,45.7352166670836],[-121.304764999393,45.7352466668734],[-121.304751666265,45.7352749999102],[-121.304719999826,45.7352916666525],[-121.304703332793,45.7353183327466],[-121.304658332714,45.7353183326962],[-121.304618332607,45.7353116669995],[-121.304563333803,45.7353316669237],[-121.304520000165,45.7353483332439],[-121.304529999826,45.7353833339056],[-121.3045683332,45.7354016661094],[-121.304595000069,45.7354299997033],[-121.304615000167,45.7354566663858],[-121.304611666627,45.7355000001475],[-121.304633332591,45.7355266663507],[-121.304651666934,45.7355533326041],[-121.304669999329,45.7355833336437],[-121.304688332749,45.7356083329181],[-121.304709428173,45.735632066259],[-121.304714999449,45.7356383334395],[-121.304728333198,45.7356750001215],[-121.30472499942,45.7357133330041],[-121.304726667244,45.7357433333187],[-121.304698333473,45.7357666669492],[-121.304714999512,45.735793333632],[-121.304745000229,45.7358183332477],[-121.30473166596,45.7358450002037],[-121.304740000369,45.7358783325715],[-121.304708333261,45.7359033331944],[-121.304663332714,45.7359100000754],[-121.304621666087,45.7359183329784],[-121.304606667174,45.7359450004135],[-121.304564999539,45.7359650001938],[-121.304551666129,45.7359933331999],[-121.304551666428,45.7360250000249],[-121.304493332664,45.7360316669437],[-121.304339438033,45.7360205552643],[-121.304321029421,45.7360192261772],[-121.303990293103,45.7362609743263],[-121.303385454297,45.7366746414378],[-121.303473132536,45.7367202630855],[-121.303606666673,45.7366616661265],[-121.303641666504,45.7366850004091],[-121.303648549166,45.7366817084039],[-121.303677504319,45.7366955641079],[-121.303765542905,45.7366109259696],[-121.303925970422,45.736631745644],[-121.303689394394,45.7369450158375],[-121.303473332959,45.7370233330326],[-121.303392477651,45.7371501800487],[-121.303324808138,45.7371786535882],[-121.303208117255,45.7372277561002],[-121.303143557855,45.7374158897276],[-121.303125588531,45.7375204080472],[-121.30315823389,45.7376198952456],[-121.303128948253,45.7377913036275],[-121.303178919709,45.7379558327725],[-121.303213405963,45.7381072129263],[-121.3032582982,45.7381560325836],[-121.303251641251,45.7384357099833],[-121.303204858385,45.7386283677831],[-121.303178472154,45.7387370301596],[-121.30314754355,45.7387709251542],[-121.303103752614,45.7388189143112],[-121.302967150068,45.7389686131303],[-121.302953000341,45.7390932744532],[-121.302873236605,45.7391320396202],[-121.302739500521,45.739177567062],[-121.302625186496,45.7391988160381],[-121.302571171947,45.7391947586355],[-121.302522172032,45.7392589328994],[-121.302508287045,45.739306037738],[-121.302545194279,45.7393671187713],[-121.302485305442,45.7394661013125],[-121.30246556134,45.7395510747679],[-121.302518540413,45.7396027484487],[-121.302574828208,45.7396854702144],[-121.302609395885,45.7397289197867],[-121.30255740519,45.7398481114356],[-121.302507058321,45.7398871532894],[-121.302396164679,45.7398910569177],[-121.302396477285,45.7398518664484],[-121.302381299885,45.7398509352071],[-121.302347571843,45.7398488677678],[-121.302269586905,45.7398364125894],[-121.302190897631,45.7397939785472],[-121.302171732189,45.7397390917887],[-121.301951922412,45.7396684708447],[-121.301786111605,45.7395983382053],[-121.301692015817,45.7394190705963],[-121.302172294697,45.7394153430439],[-121.302228091144,45.7394021400811],[-121.30221431856,45.7393525845833],[-121.301775511265,45.7389303280232],[-121.301620542504,45.7389272632848],[-121.301513688513,45.7390962009847],[-121.301485965688,45.7392817058836],[-121.301483043573,45.7393012545897],[-121.30147758301,45.739337788863],[-121.301325265176,45.7394603295594],[-121.301198376822,45.7394266262066],[-121.301152886426,45.7394145437388],[-121.301139480563,45.739410983429],[-121.301130500772,45.739395294592],[-121.301009932938,45.7391846580367],[-121.300994620038,45.7391579047444],[-121.300984561176,45.739140331267],[-121.300894822853,45.7388878797458],[-121.300849330777,45.7385504441226],[-121.300542838889,45.738396273911],[-121.300207353142,45.7384386713266],[-121.299579182588,45.7385167196907],[-121.299024182679,45.7385976589518],[-121.298707195398,45.7386374003587],[-121.298555999784,45.7386563551472],[-121.297114058925,45.7388371204477],[-121.295525916041,45.7383541671166],[-121.29262188664,45.7388133679355],[-121.292228401824,45.7388047887524],[-121.29080686728,45.7387737823406],[-121.290079556046,45.7390584270477],[-121.290041151079,45.7390734568887],[-121.289593073307,45.7392488145811],[-121.289489191826,45.7394836079104],[-121.288882776452,45.7400755839987],[-121.287756577551,45.7396857458235],[-121.287639508397,45.7393283859177],[-121.287372563828,45.738513500998],[-121.287268209687,45.7385159272354],[-121.287197127932,45.7382943178418],[-121.287255452186,45.7381560022776],[-121.287207915816,45.7380108859964],[-121.287093893984,45.7378544396748],[-121.286587063534,45.7371590165477],[-121.285980647524,45.7370868247765],[-121.285614120515,45.7366117014284],[-121.285200972571,45.7360761328329],[-121.285208721368,45.735975396322],[-121.285214593092,45.7358990653656],[-121.285211121148,45.7356872247802],[-121.285172858325,45.7355023441938],[-121.28522168245,45.7353517925178],[-121.285214875842,45.7352403064657],[-121.285107258584,45.7351478297519],[-121.285103645385,45.7351422912781],[-121.285022610648,45.735018079612],[-121.285119430672,45.7349160971878],[-121.285166940227,45.7348420556181],[-121.285316077896,45.7346096250038],[-121.285254464567,45.7345064124324],[-121.285110113681,45.7344990400453],[-121.285051623083,45.7345211743608],[-121.284964003477,45.7345543320695],[-121.28490076787,45.7344774260716],[-121.28484781885,45.734413030889],[-121.284906815222,45.734297056772],[-121.284927477626,45.7342564392061],[-121.284934076488,45.734243468138],[-121.284996808494,45.7341385905231],[-121.285128011496,45.7339192382203],[-121.284957181656,45.7338364431842],[-121.284812598002,45.7337997502098],[-121.284721507256,45.7338497133289],[-121.284685891897,45.7338692477002],[-121.284559186628,45.7339775702881],[-121.284444612776,45.7339493446251],[-121.284365084577,45.7339187667794],[-121.284367139508,45.7335809673124],[-121.284367590949,45.7335067232624],[-121.284367779883,45.7334756281135],[-121.284395585381,45.7332893318259],[-121.284395653344,45.7332892950431],[-121.284395768029,45.7332881104517],[-121.284411367069,45.7331835971872],[-121.284411793995,45.7331807368242],[-121.284424374968,45.7331449673356],[-121.284467058061,45.7330236134025],[-121.284503622028,45.7329692284931],[-121.284512371112,45.7329562159345],[-121.284624296503,45.7327897409456],[-121.284625868015,45.7327874036199],[-121.28463097305,45.732779811551],[-121.284659990185,45.73273665164],[-121.284875659297,45.7325343654746],[-121.285236219907,45.7320617467024],[-121.285257685627,45.7320055570228],[-121.285295301768,45.7319070942025],[-121.285343418036,45.7317811410338],[-121.285314786316,45.7313151863611],[-121.285317243719,45.7312595933902],[-121.285318476526,45.7312317047073],[-121.285332216367,45.7309208841824],[-121.285272278155,45.7307491316894],[-121.285261278597,45.7307176129321],[-121.285221754102,45.730604353885],[-121.285210862138,45.7305731427669],[-121.285214024229,45.7305381966627],[-121.285235125698,45.730304985018],[-121.285320044769,45.7300885774513],[-121.285262084684,45.7299436781167],[-121.28500230605,45.7296632270189],[-121.284865808865,45.7296160560731],[-121.284470865827,45.729425991352],[-121.283910997394,45.7290197568716],[-121.283911472886,45.7286786958021],[-121.283909905042,45.7286631268408],[-121.284088254813,45.7287697348915],[-121.284286667611,45.7288883334663],[-121.284313658046,45.7288939179949],[-121.284334999851,45.728898333065],[-121.284373332453,45.7288816667777],[-121.284408333243,45.7288683338606],[-121.28444333276,45.7288550000136],[-121.284481667507,45.7288366667607],[-121.284531666225,45.728833333113],[-121.284576666543,45.7288233339361],[-121.284620000752,45.728816666144],[-121.284631573001,45.7288135501211],[-121.284663333764,45.7288050001338],[-121.284674999899,45.7287783338367],[-121.284693333655,45.7287516668611],[-121.284728333919,45.7287366668765],[-121.284773332385,45.7287133337033],[-121.284820000412,45.7287016664104],[-121.284859999136,45.7286883327991],[-121.284898332969,45.7286783332991],[-121.284945000156,45.7286799998333],[-121.284998332997,45.7286733335173],[-121.285050909449,45.728708673687],[-121.285114884819,45.7286311421333],[-121.285168954155,45.7285517912568],[-121.28522772903,45.7284655344228],[-121.285283708368,45.7284388636641],[-121.285343240006,45.7283960653382],[-121.285376116177,45.7283278372151],[-121.285462304625,45.7283327988754],[-121.285536666142,45.7282966667821],[-121.285549999608,45.7282633332727],[-121.285593332962,45.7282449999682],[-121.285629999206,45.7282233334641],[-121.285624999346,45.728195000181],[-121.285621666844,45.7281633336986],[-121.285643333236,45.7281400001079],[-121.285671667628,45.7281133327614],[-121.285708333212,45.7281000001293],[-121.285738333903,45.7280816664804],[-121.28577166626,45.7280550003139],[-121.28579000099,45.7280250001513],[-121.285823333671,45.7280050000203],[-121.285861667031,45.7279799993354],[-121.285903333424,45.7279833329978],[-121.285943332677,45.7279649999294],[-121.285963333327,45.7279316665132],[-121.285996666803,45.7279000003127],[-121.286044999888,45.7278900001637],[-121.286090000429,45.7278900003619],[-121.286128333945,45.7278816665049],[-121.286169999918,45.7278683331484],[-121.286203333644,45.7278533329064],[-121.286232771087,45.7278384038066],[-121.286213333646,45.7278333335979],[-121.286174999761,45.7278400005164],[-121.286125000387,45.7278366661275],[-121.286093333304,45.7278099993142],[-121.286085000326,45.7277800003779],[-121.286076666099,45.727750000522],[-121.286064999872,45.7277166671482],[-121.286078333137,45.7276283337386],[-121.286055000101,45.7276049998817],[-121.286078333306,45.7275983329321],[-121.2860883342,45.7275716667006],[-121.286083334156,45.727543333432],[-121.286095000255,45.7275050000531],[-121.286116666202,45.7274716672939],[-121.286148333307,45.7274483333532],[-121.286174999792,45.7274199999932],[-121.286216666704,45.7274016666481],[-121.286245,45.7273733330785],[-121.286281665835,45.7273533333182],[-121.286309999908,45.7273333336525],[-121.286344999693,45.7273116671158],[-121.286378332614,45.7272899998628],[-121.286423333066,45.7272716669501],[-121.286542378185,45.727216608756],[-121.286556666993,45.727209999547],[-121.286164833215,45.7269223475712],[-121.286225511629,45.7268709728493],[-121.286316428786,45.7267939951563],[-121.286732812489,45.7264533164243],[-121.286821936446,45.7262639625106],[-121.286825273545,45.7262568730703],[-121.28686934511,45.7262656087787],[-121.28715089831,45.7263214189698],[-121.287384059679,45.7265262810292],[-121.287456539882,45.7266986922233],[-121.287449165806,45.7268402518134],[-121.287377269677,45.7269933938782],[-121.287412064244,45.7270332449069],[-121.287418708516,45.7270408548592],[-121.287438333357,45.7270633335622],[-121.28743333292,45.7270916671437],[-121.287449999876,45.7271183328053],[-121.287491666791,45.7271116668265],[-121.287533332547,45.7271099999002],[-121.287571666816,45.7270933334608],[-121.287609999663,45.727071667002],[-121.287650000534,45.7270816663072],[-121.287683333375,45.7270666665186],[-121.287731667174,45.7270583335274],[-121.287768333363,45.7270466663031],[-121.2878066665,45.727039999738],[-121.287834433881,45.7270328012415],[-121.287924732858,45.7270744004117],[-121.288115548462,45.7270505476758],[-121.288565130551,45.7269943473076],[-121.288656433548,45.7266762608328],[-121.288522254405,45.726561250674],[-121.288515705779,45.7265161346764],[-121.288443157063,45.7264821286682],[-121.288422251229,45.7263357834109],[-121.288484777887,45.7263030759921],[-121.288469681413,45.7261990759957],[-121.288701842156,45.7260519321735],[-121.288639677439,45.7259678281822],[-121.288698217125,45.7258298451794],[-121.288842118224,45.7256160476128],[-121.288846666165,45.7256149996387],[-121.288847748091,45.7256177818165],[-121.288851674287,45.7256278766121],[-121.288855847123,45.725638606064],[-121.28885833392,45.7256449997375],[-121.288876744398,45.7256456814877],[-121.288903333159,45.7256466666706],[-121.288913551892,45.7256502211864],[-121.288937265093,45.7256584683937],[-121.288961887461,45.7256670334452],[-121.288979999147,45.7256733335495],[-121.288983237244,45.7256794495468],[-121.288988126576,45.7256886847806],[-121.288995000097,45.7257016670989],[-121.288999337228,45.7256989796017],[-121.289014999871,45.725678333097],[-121.289046769631,45.7256349405344],[-121.289059678686,45.7256173085729],[-121.289083332317,45.7255850005136],[-121.289105147125,45.7254706174252],[-121.289066885406,45.7253690571686],[-121.288998057389,45.7252108483492],[-121.289051777231,45.7251077190474],[-121.289076957975,45.7250174808214],[-121.289157537836,45.7248100493149],[-121.289150699233,45.7245511428752],[-121.289154055838,45.7243390217802],[-121.289205742588,45.7240665302328],[-121.289222530125,45.7239938700706],[-121.289233790038,45.723905986736],[-121.289240602432,45.7238528215771],[-121.289245699393,45.7238130357312],[-121.289240123816,45.7237764455599],[-121.289231238978,45.7237181425088],[-121.289219560362,45.7236422044945],[-121.289078715969,45.7235970274201],[-121.288802749067,45.723525944745],[-121.288932370601,45.7232499791078],[-121.289187430367,45.7231538090219],[-121.289049445569,45.7228945681283],[-121.289145617256,45.7227607659919],[-121.289287780808,45.7224262624429],[-121.289465249578,45.7222728927983],[-121.289503630528,45.7220632736292],[-121.289576538272,45.7219678517071],[-121.289900855549,45.7215433775945],[-121.290070260108,45.7211169462216],[-121.290537581827,45.7209884322307],[-121.290695687556,45.7210857280293],[-121.291062982143,45.7208580049411],[-121.291804914544,45.7208906181466],[-121.291387036575,45.7203923786762],[-121.291172246504,45.7196964583248],[-121.290757561967,45.71958379819],[-121.29059973887,45.719121603633],[-121.290882447095,45.7187575100204],[-121.290849496428,45.7186507489043],[-121.291860070776,45.7171241372079],[-121.292650415807,45.7168079978242],[-121.293013021381,45.716220859381],[-121.293013117588,45.7161687609761],[-121.29303820039,45.7161607425075],[-121.293126338722,45.7161207041998],[-121.293157511405,45.7161065435967],[-121.293339786319,45.7160237408773],[-121.293586711152,45.7158819218304],[-121.293840198551,45.7156453651097],[-121.293864094694,45.7154785188429],[-121.293813978511,45.7153032699731],[-121.293665131242,45.7152722633498],[-121.293371491928,45.7152733073406],[-121.293246874505,45.7151854507525],[-121.293099058882,45.7150875938944],[-121.293028983416,45.7150134360163],[-121.293015247916,45.7150076168847],[-121.29301528874,45.7149849703551],[-121.293015692142,45.7147653717609],[-121.292390177347,45.7147480046316],[-121.292233409441,45.7150229169957],[-121.292243541847,45.7150929271024],[-121.292034181798,45.7156088509191],[-121.291848364035,45.715698140422],[-121.291709560471,45.7159415484497],[-121.29143605764,45.7162511186677],[-121.291473399419,45.7164611684275],[-121.29134939649,45.7165964455948],[-121.291088233142,45.7166448083601],[-121.290962619155,45.7167869862829],[-121.290964947593,45.717078113429],[-121.290785497602,45.7172127007218],[-121.290658424319,45.7171312960246],[-121.290037138361,45.7178345102134],[-121.290097597767,45.7180987452657],[-121.29004899694,45.7182781956096],[-121.290075166955,45.7185137274321],[-121.290000395004,45.718581021048],[-121.28982468154,45.7185174650492],[-121.289648969205,45.7182482880622],[-121.289576776881,45.7182183798619],[-121.289112489627,45.7183822458904],[-121.289136782586,45.718581020797],[-121.289301280906,45.7186744863385],[-121.289290065423,45.7188090751109],[-121.289159214425,45.7188315058026],[-121.288979763174,45.7186595308606],[-121.288778864941,45.7184999948683],[-121.288132987113,45.7187279524352],[-121.288040170493,45.7188721749092],[-121.288127366528,45.7190819909175],[-121.288224569735,45.7192763969997],[-121.288093720271,45.7193698605725],[-121.287861927413,45.7192763971696],[-121.287708251814,45.7190954555964],[-121.287324925406,45.719217423694],[-121.287168004425,45.719272558339],[-121.287058133424,45.7195567904344],[-121.287069348536,45.7196502545932],[-121.286766524985,45.7195044501609],[-121.286696622411,45.7194382280191],[-121.286287806531,45.7195894339887],[-121.286137638382,45.7194208768446],[-121.285044065542,45.7197688334408],[-121.284139735017,45.7185208539487],[-121.283886651913,45.7185804971205],[-121.283457634462,45.7184503466807],[-121.282607808408,45.7187247693261],[-121.282452205215,45.7189474021919],[-121.282392388171,45.7189511408348],[-121.282228921919,45.718847117416],[-121.281904831706,45.7189517709989],[-121.280206207108,45.7190162763389],[-121.279324640596,45.7207794073435],[-121.278701093553,45.7216824728886],[-121.279195631509,45.72312308094],[-121.279529052622,45.7241356909853],[-121.279790336575,45.7243795574231],[-121.279816506668,45.7246038709025],[-121.280123069594,45.7246150869222],[-121.280194102444,45.7247421993891],[-121.280225794826,45.7250133320652],[-121.280410940604,45.7251048412816],[-121.280399724477,45.7253254171242],[-121.280108874387,45.7254109611568],[-121.280138024968,45.725553469935],[-121.280235228401,45.7257665693527],[-121.280377294426,45.7258189098106],[-121.280579176907,45.7258338644451],[-121.280713765457,45.7260095767338],[-121.280672641316,45.7261591202083],[-121.280633551298,45.7262984881925],[-121.280764902231,45.7263492366252],[-121.280755971582,45.7264712836784],[-121.280810969399,45.7264619450167],[-121.280986681592,45.7265142852882],[-121.281012851453,45.7267012141764],[-121.281338108176,45.7267460772029],[-121.281192303375,45.7269030969345],[-121.281009113303,45.7269030970375],[-121.281061453395,45.7271461045692],[-121.280964251332,45.7273068644316],[-121.280788536697,45.7272545240971],[-121.280637787575,45.7271174785446],[-121.280016411959,45.7272086142858],[-121.280376796333,45.7276614038601],[-121.280598570714,45.7280402689012],[-121.279692990954,45.7286316681328],[-121.279555879939,45.7288434663679],[-121.279719070048,45.7288978629663],[-121.279964413536,45.729049741937],[-121.279946890122,45.7293535022744],[-121.279946890581,45.729593004652],[-121.279835900414,45.7295930046286],[-121.27946788365,45.7295112233378],[-121.27926343149,45.7296163707658],[-121.279094027305,45.7299318129747],[-121.278930464512,45.7301596330606],[-121.278942146698,45.7303932943507],[-121.279018087611,45.7305685397252],[-121.278860364652,45.7308372504191],[-121.278836999053,45.7310709119134],[-121.278673435772,45.7314038788278],[-121.278632513987,45.7316260272952],[-121.278944502514,45.7319675277342],[-121.279193998412,45.7326420917694],[-121.27790955464,45.7326143697375],[-121.276920807489,45.7331318439789],[-121.276273966526,45.7336215970169],[-121.276403333377,45.734018942864],[-121.276320170211,45.7352202221861],[-121.275959785501,45.7358947856269],[-121.275506994991,45.7358578243762],[-121.27522977709,45.7354974402554],[-121.274453566132,45.7352849062867],[-121.273880648027,45.735857824141],[-121.273584949461,45.7359779522029],[-121.272947346946,45.7358393433629],[-121.272198857577,45.7352664253368],[-121.272147561321,45.7350035316162],[-121.271787734285,45.7349745126979],[-121.271532167303,45.7349014936757],[-121.271987330437,45.7344800466845],[-121.271884676824,45.7341760330413],[-121.271992605446,45.7337443210749],[-121.272073716356,45.7334198770384],[-121.271946901438,45.7332596908583],[-121.272011126429,45.73313391682],[-121.272161037031,45.7330705926656],[-121.272171134892,45.7330301983163],[-121.272327923584,45.732942757557],[-121.272329574812,45.7328502581237],[-121.272436615455,45.7327860331241],[-121.272531102812,45.7328294467512],[-121.272651646488,45.7327622196628],[-121.272897827623,45.732989937996],[-121.27312982484,45.7327883214333],[-121.273386853043,45.7330044583746],[-121.273521208579,45.7330979219072],[-121.273795740461,45.73329758178],[-121.273945331797,45.7332427319762],[-121.274455356542,45.7331054171705],[-121.274474014004,45.7330339009235],[-121.274489923042,45.7328907160572],[-121.274489922769,45.732795260063],[-121.274493899727,45.7327316219095],[-121.274489923592,45.7326282111892],[-121.274476025644,45.732547604588],[-121.274250272271,45.7323186708459],[-121.273588322914,45.731899434892],[-121.273242912366,45.7318363604297],[-121.273238795715,45.7318376924287],[-121.273176888591,45.7318735331469],[-121.273139419413,45.7318898243872],[-121.273097062299,45.731884937378],[-121.273074253889,45.7318637582203],[-121.273077512634,45.7318116258575],[-121.273085852903,45.7317866062316],[-121.273129460195,45.7313418116517],[-121.273521937467,45.731223155701],[-121.273832636368,45.7315211728685],[-121.274137605757,45.7314267781506],[-121.274223593554,45.7314267776801],[-121.274296938428,45.7315884379442],[-121.274400521069,45.7317341554059],[-121.274730783454,45.7318751205887],[-121.275063445206,45.731302203684],[-121.27507363263,45.7312982648393],[-121.274872791726,45.7309858438065],[-121.275356002408,45.7310137224411],[-121.275356383067,45.7310117948021],[-121.275588173795,45.730951977869],[-121.275769021959,45.7309429358324],[-121.275837035739,45.7304474007692],[-121.275767956493,45.7303230577617],[-121.275622301762,45.7302065343317],[-121.275408675415,45.7300608792107],[-121.275330993384,45.7299346445656],[-121.275332198169,45.7299327905763],[-121.275329143524,45.7299315689384],[-121.275305279835,45.7298838406188],[-121.275301302584,45.7298202029117],[-121.275333121551,45.7297684981236],[-121.275388803698,45.7297406558177],[-121.275456418963,45.7297287235807],[-121.275471502237,45.7297311061247],[-121.2757096947,45.7295753634001],[-121.275826218898,45.7294491291469],[-121.275884480765,45.7292937642902],[-121.275843642943,45.7291848628557],[-121.275285221068,45.7287702766362],[-121.275449203408,45.7286689942153],[-121.275256141899,45.7283954912416],[-121.275355447789,45.7282728192126],[-121.275722338762,45.72850029212],[-121.275872739091,45.7284073971818],[-121.27591343143,45.7282901098909],[-121.275931838723,45.728258552553],[-121.275991940524,45.72815552126],[-121.276134379263,45.7282025395852],[-121.276411978632,45.7279766963537],[-121.276359823258,45.7278984603881],[-121.276357008793,45.7278942388102],[-121.276308839982,45.7278193095954],[-121.276197985358,45.7276523274689],[-121.276085660784,45.7276180913358],[-121.27591321614,45.7276258214797],[-121.275647431133,45.7276324482748],[-121.27558889653,45.7275761245816],[-121.275554090743,45.7274966083257],[-121.275508211549,45.7274424936538],[-121.275386338654,45.7273984997343],[-121.275384547004,45.7272434452211],[-121.275375053747,45.7272136277962],[-121.275390874871,45.7270941145472],[-121.27540183646,45.7270503872923],[-121.275249130109,45.7271369209915],[-121.275142087756,45.7271101606086],[-121.275214341634,45.7269897390104],[-121.275275890354,45.7268318533878],[-121.275474474077,45.7268136818174],[-121.275613986419,45.7266177698029],[-121.275524852431,45.7262866986105],[-121.275751892393,45.7260863698175],[-121.275748795299,45.7260151252326],[-121.275634479477,45.7259674931827],[-121.275484620477,45.725865804266],[-121.275570254244,45.7257694673606],[-121.27573591443,45.7257188829532],[-121.27572876957,45.7255545450945],[-121.275690164867,45.7255146086662],[-121.275639995963,45.7254627109911],[-121.27546079192,45.7252773271918],[-121.275232912914,45.7250741532293],[-121.275093920422,45.7250897535954],[-121.27493603391,45.7249907401841],[-121.274987358976,45.7248220954223],[-121.2747682071,45.7245825582571],[-121.274530955372,45.7243232342261],[-121.274517539256,45.7242668876687],[-121.274395943157,45.7237561859512],[-121.274268530297,45.7237141044033],[-121.274034376764,45.7235426701999],[-121.273967476157,45.7234046874413],[-121.274164982647,45.7232035229719],[-121.274049558203,45.7230412076382],[-121.273929844005,45.7230576388549],[-121.273808585644,45.7229238372095],[-121.273754228939,45.7227273158393],[-121.273683146493,45.7226144208549],[-121.27359702915,45.7224796289501],[-121.273591041588,45.722478018199],[-121.273475699605,45.7224939272688],[-121.273408084305,45.7224899501817],[-121.273356379268,45.7224541533328],[-121.273308651033,45.7224223346634],[-121.273264900568,45.722354720197],[-121.27322910422,45.7222910819432],[-121.273193307432,45.7222314220607],[-121.273192209652,45.7222244693842],[-121.273035045467,45.7221795649126],[-121.273060131748,45.722003949963],[-121.273139576801,45.7217154397162],[-121.273001593941,45.7215440063555],[-121.272976505772,45.7213265779169],[-121.2728176174,45.721380934911],[-121.272579282422,45.7213307600257],[-121.272750715401,45.7210338869429],[-121.272760074912,45.7209670340029],[-121.272657192485,45.7209715726297],[-121.272154502126,45.7208828631386],[-121.272357852174,45.7206922221407],[-121.272090032522,45.7206788305982],[-121.271780431385,45.7205620008392],[-121.272002410314,45.7199369571905],[-121.272254052625,45.7196682883048],[-121.272377600135,45.7195363787518],[-121.272393799408,45.719363037188],[-121.272445925397,45.7192066584365],[-121.272315141586,45.7190431782305],[-121.272259964443,45.7189742059791],[-121.27204130922,45.7188901080613],[-121.271909436369,45.7189321947653],[-121.271925493294,45.7187475486826],[-121.271968718412,45.7186101506497],[-121.271110865577,45.7175378415517],[-121.270976785108,45.7175588541912],[-121.270886013797,45.7174937717632],[-121.270985054049,45.7173805790443],[-121.270741603827,45.7170762610349],[-121.27057349194,45.7168661146557],[-121.269949947553,45.7148234628126],[-121.268143813487,45.713103335859],[-121.267997927424,45.712310080837],[-121.267430702589,45.7118137597909],[-121.26704259661,45.7111022329636],[-121.267233845957,45.710679890681],[-121.267183148748,45.7105379370385],[-121.267586214373,45.7104678380705],[-121.267849082385,45.7105320949321],[-121.268100269289,45.7106255601992],[-121.268440224961,45.7108164121053],[-121.26849295915,45.7107821350591],[-121.268775216641,45.7105986666507],[-121.26877204502,45.7102750677445],[-121.268991600506,45.7101515682588],[-121.269145901466,45.7100647734573],[-121.269166909364,45.7100530189058],[-121.269378486135,45.7100189495179],[-121.269705019843,45.7099248166315],[-121.269847686288,45.7099809490347],[-121.269978819452,45.709983216198],[-121.270057486658,45.7099390161958],[-121.270134819528,45.7098773494854],[-121.270872019863,45.7096185492923],[-121.271225419078,45.7096237494666],[-121.271290619857,45.7095259496431],[-121.271378219056,45.7094910162314],[-121.27163288656,45.7095132158836],[-121.271753419071,45.7094521495752],[-121.271875286408,45.7094177496016],[-121.272216286048,45.7093866159832],[-121.272293819247,45.7093250165439],[-121.272723886403,45.7091513492663],[-121.272998219322,45.7090926164401],[-121.272998206831,45.7090919375833],[-121.273001890382,45.7090913479156],[-121.273863238141,45.7089535270085],[-121.274031398232,45.7087619071287],[-121.274133286529,45.7087496159738],[-121.274188419986,45.7087054157459],[-121.274298019171,45.7086982157537],[-121.274354220025,45.7086629487659],[-121.274420087204,45.7086098160857],[-121.274496687244,45.7085661488443],[-121.274684486757,45.7085599489346],[-121.274749887005,45.7085430160367],[-121.275114087035,45.7082785490953],[-121.275377220193,45.7080663488476],[-121.275439286255,45.7080273490023],[-121.275930220026,45.7077149486352],[-121.276524686317,45.7074805486225],[-121.276943086923,45.7072437487574],[-121.277152019834,45.7070669481533],[-121.27729701928,45.7068621486692],[-121.27732428677,45.7067906157135],[-121.277401619988,45.7066477487089],[-121.277440820322,45.7065135486799],[-121.277451086974,45.7062707484072],[-121.27769148697,45.7058330152775],[-121.277749619712,45.7057167486883],[-121.27776081943,45.7054019479815],[-121.277827487171,45.7052049486036],[-121.277871619218,45.705142748099],[-121.277943886712,45.7049276152429],[-121.278038219246,45.7047399482299],[-121.2780445373,45.7046852288615],[-121.278163921051,45.7045539061542],[-121.27819201995,45.7045447482837],[-121.278313619093,45.7045644148251],[-121.278389286668,45.7046553484556],[-121.278401219272,45.7047366156864],[-121.278477420254,45.7048726149333],[-121.278566219876,45.7048561486394],[-121.278686086861,45.7047498155895],[-121.27880748673,45.7046796153497],[-121.278917343023,45.7046546389074],[-121.278918619883,45.7046543485168],[-121.279084086504,45.7046660154799],[-121.28004142058,45.7048241478836],[-121.280194487233,45.7047907479881],[-121.280448886698,45.7047224153513],[-121.280863434547,45.7046633046373],[-121.281017419966,45.7046413477181],[-121.281418686488,45.7045841476122],[-121.281594887483,45.7045238148855],[-121.281638886624,45.7044522148749],[-121.281628286879,45.7043262146261],[-121.281595220052,45.704199547821],[-121.281595020561,45.7041098147769],[-121.281727087458,45.7036254151375],[-121.281738887135,45.7035000146851],[-121.281772686794,45.7033921477272],[-121.281782087181,45.7032302151883],[-121.281801019802,45.7031877474865],[-121.281842412492,45.7030900253402],[-121.281877687049,45.7030067476117],[-121.281960086283,45.7028731480791],[-121.282036819576,45.7028383481475],[-121.282168650952,45.7028483661062],[-121.28217982029,45.7028492145635],[-121.282345687103,45.7028786146146],[-121.282444619807,45.7029611474692],[-121.282740487096,45.7029206151339],[-121.282829019391,45.7028774151041],[-121.283105019711,45.7028810143199],[-121.283347019625,45.7028396148598],[-121.283468287033,45.7028324149194],[-121.283700619636,45.7027911475491],[-121.283831819631,45.7028019479794],[-121.283986820551,45.7028227476266],[-121.284074420298,45.7028598144252],[-121.284208287047,45.7028492143221],[-121.284360820755,45.7028372148905],[-121.284404887834,45.7027115472591],[-121.284432395464,45.7026863816546],[-121.284468853473,45.70268265293],[-121.284648792409,45.7025804498878],[-121.284690820362,45.7025812142896],[-121.284845220515,45.7026462144142],[-121.285516219782,45.7024226142798],[-121.285605220115,45.7023516144123],[-121.285792487485,45.7023096141354],[-121.285935420211,45.7023115477257],[-121.286035420886,45.7022592139752],[-121.286178019883,45.7020991474864],[-121.286388419768,45.7016884146267],[-121.286597486854,45.7015293475199],[-121.286641420264,45.7014583476276],[-121.286641820109,45.7012780140825],[-121.286675487727,45.7012338143037],[-121.286683368664,45.7010945183157],[-121.286765780023,45.7010571352039],[-121.28677416408,45.7010621061545],[-121.286845213465,45.7011042331206],[-121.286962565533,45.7010220858629],[-121.28719714393,45.7009615489007],[-121.287068658571,45.7010303800004],[-121.287011530433,45.70115177719],[-121.287032951871,45.7012660337907],[-121.287097220897,45.7012874558245],[-121.287147208829,45.7014017132674],[-121.28711864404,45.7014445594658],[-121.287118644538,45.7015659547504],[-121.287125786714,45.7016730700804],[-121.287090081697,45.7018158903065],[-121.286982966022,45.7019444270852],[-121.287011530078,45.7020229779814],[-121.28735429779,45.7020658239356],[-121.28761851409,45.7020943894833],[-121.28806188798,45.7020553472776],[-121.288161229869,45.7018444534683],[-121.288189794234,45.7016159416374],[-121.288218356985,45.7014802642554],[-121.288147532501,45.7012786858903],[-121.288169637498,45.7012532646895],[-121.288186742072,45.70123359483],[-121.288374031953,45.7011789704749],[-121.289507799431,45.7008482879569],[-121.290284994233,45.7008811270799],[-121.291079112553,45.6995398676176],[-121.292537469561,45.6996311871683],[-121.29486676167,45.6986043731935],[-121.294880005185,45.6985985348928],[-121.295129936551,45.6987700563506],[-121.295529937129,45.6991000556158],[-121.295959937631,45.6994800555671],[-121.296619936631,45.7000700560384],[-121.297329936494,45.7006600563481],[-121.297669935406,45.7009000562039],[-121.298139937434,45.7011900561542],[-121.298699937616,45.7014800563116],[-121.299629936526,45.7018800559148],[-121.300679935999,45.7022900556729],[-121.301449935953,45.7026000557664],[-121.301889937341,45.7028100557099],[-121.302349936882,45.7030500559818],[-121.302909936788,45.7033800560959],[-121.303999936353,45.7040500561996],[-121.304589936381,45.7043600560184],[-121.30548993666,45.7047600573878],[-121.30579993713,45.7048800566777],[-121.30645993663,45.7050700571275],[-121.306869937489,45.7051700573475],[-121.307489935547,45.7052800555871],[-121.307493466701,45.705280408543],[-121.308476994476,45.705396117169],[-121.308509936448,45.7054000559707],[-121.309499935485,45.705480055926],[-121.310433157551,45.7055467150782],[-121.310619936596,45.7055600557249],[-121.310636216204,45.7055613244172],[-121.311493560017,45.7056281361028],[-121.311603899469,45.7056367339249],[-121.312929936596,45.7057400562863],[-121.31358993547,45.7057800559408],[-121.314059936241,45.705800055695],[-121.314238685603,45.7057953520003],[-121.314387646826,45.7057914316414],[-121.31468776323,45.7057742374734],[-121.314873634541,45.7057309826007],[-121.317643056646,45.705246856644],[-121.3193229845,45.7054139315652],[-121.319791702565,45.7050840967209],[-121.319892417141,45.7050132226987],[-121.320036694083,45.7050226113058],[-121.320174294055,45.705018943833],[-121.320334226479,45.704988343583],[-121.320471693528,45.7049502111448],[-121.320483132662,45.7049444873622],[-121.322721558801,45.7049867260444],[-121.322765338209,45.7049875516512],[-121.322848912143,45.7049938805756],[-121.322947449935,45.7049987855886],[-121.322976265723,45.7049992671912],[-121.323088964086,45.7049936545223],[-121.323094060186,45.7049934008087],[-121.323119293681,45.7049921439123],[-121.323233626996,45.7049846109094],[-121.323311627491,45.7049876110493],[-121.32333262766,45.7049883432669],[-121.323408893512,45.7049923439793],[-121.323434145955,45.7050001629003],[-121.323469827033,45.7050112104993],[-121.323569094564,45.7050418106588],[-121.323611787411,45.7050437037014],[-121.323757714176,45.705169643786],[-121.325131199511,45.7063549752736],[-121.33233905139,45.7079352607136],[-121.332960808557,45.7079798095931],[-121.333730691545,45.7079459823889],[-121.341816800014,45.7102702475204],[-121.34199336766,45.7103209906885],[-121.342159936566,45.7103900555851],[-121.342206594541,45.7104056085687],[-121.342489937316,45.7105000563414],[-121.342829936373,45.7106000562993],[-121.343499936027,45.7107700558104],[-121.343899936558,45.710840055995],[-121.344037243935,45.710858901842],[-121.344114928614,45.7108788228556],[-121.345426978514,45.7112152665506],[-121.346262511922,45.7105850634368],[-121.346292087867,45.7105627545016],[-121.346463231655,45.7104682089515],[-121.346505831679,45.7104234089627],[-121.346536118518,45.7103786899356],[-121.346545832986,45.7103713625247],[-121.346844457333,45.7101461164318],[-121.346899969777,45.7101042439529],[-121.34697100018,45.7101009992333],[-121.34715602478,45.7100775643502],[-121.347944770966,45.7099776658864],[-121.348328999851,45.7099290004128],[-121.348608663788,45.7098742665351],[-121.349028999921,45.7097920001612],[-121.349581288347,45.7096557641322],[-121.349793027949,45.709603531901],[-121.34985600017,45.7095880006585],[-121.350720504397,45.709353418826],[-121.351091520153,45.7092527441261],[-121.351237728829,45.7092130708077],[-121.351422504825,45.7091629332749],[-121.352349156433,45.7089114926254],[-121.353241089712,45.7086694637868],[-121.35341330516,45.7086227359936],[-121.356134729957,45.7078842836629],[-121.357315937603,45.7075637657846],[-121.357761000831,45.7074430002104],[-121.358237594127,45.70734442867],[-121.358384666421,45.7073140097252],[-121.358465299829,45.7072973315261],[-121.358613107314,45.7072667608368],[-121.35861591486,45.7072743367312],[-121.358989758798,45.7090801633268],[-121.359021988337,45.7104218445756],[-121.363175424686,45.7100546942248],[-121.365413038191,45.7095665148129],[-121.366216223445,45.7093934844196],[-121.366734040468,45.7095092571344],[-121.366919743059,45.7096483604927],[-121.367356238135,45.7098059657847],[-121.367803968312,45.7100142321411],[-121.367915769542,45.7100662373973],[-121.368342905112,45.71023631901],[-121.368842577967,45.7103885150651],[-121.368954632064,45.7103868452116],[-121.369031756077,45.7104283505927],[-121.369499804154,45.7104035289574],[-121.369829268611,45.7103831542319],[-121.369854552219,45.7103815906913],[-121.370229477911,45.7103284343225],[-121.3705019113,45.7102860647935],[-121.371074665453,45.710092417405],[-121.371281029295,45.7100096222623],[-121.371393820701,45.7099649857844],[-121.371577745075,45.7098935172999],[-121.37173940839,45.7098307014653],[-121.37209073718,45.7097856625315],[-121.372144600912,45.7097787578469],[-121.372180761538,45.7097741219901],[-121.372182149118,45.7097739437457],[-121.37229735505,45.7098020418669],[-121.372464486602,45.7098545512148],[-121.372478350537,45.7098591078931],[-121.372493745607,45.7098651355298],[-121.372513264169,45.7098727772723],[-121.372532782709,45.7098804199113],[-121.373587596313,45.7102934224386],[-121.373769167754,45.7103011031391],[-121.373946447685,45.7103303695926],[-121.374145445712,45.7103632221394],[-121.37424828491,45.710335467261],[-121.374435524824,45.7102849333314],[-121.374799394424,45.7101843823475],[-121.375116300126,45.7100995374268],[-121.375575571993,45.7100934579988],[-121.375826795908,45.7101138982544],[-121.376132360675,45.7101392167372],[-121.37645974075,45.7101540785265],[-121.376536913138,45.7101575813737],[-121.376856073418,45.7102087427877],[-121.37696370802,45.7102259968433],[-121.377011806377,45.7102337072888],[-121.377035701664,45.7102428118854],[-121.377046013835,45.7102467414844],[-121.377082077875,45.7102604834163],[-121.377105292045,45.7102693289959],[-121.377510410334,45.7104236917341],[-121.377998769633,45.7106515302599],[-121.378123255625,45.7107098973481],[-121.378755635925,45.7107814825624],[-121.378760308808,45.7107820115347],[-121.379373104907,45.7107591741719],[-121.379978724855,45.710673164324],[-121.38057126111,45.7106309251949],[-121.380812722961,45.7106137111702],[-121.380921028184,45.7106059899372],[-121.381150739281,45.7105774727325],[-121.381296299885,45.7105594033862],[-121.381883189661,45.7104983438816],[-121.382478895047,45.7104437149234],[-121.382759874033,45.710377508307],[-121.382832374659,45.7103604250287],[-121.383059696842,45.7102816551103],[-121.383135462952,45.7102376278057],[-121.38405813977,45.7098004400416],[-121.38457293448,45.7094686036026],[-121.38462916289,45.7094323592738],[-121.384840912261,45.709003001467],[-121.38482922547,45.7089741305719],[-121.384610676407,45.7084342088568],[-121.384515483769,45.7081990329131],[-121.384450973342,45.7080396598142],[-121.384033903843,45.707538204223],[-121.383695142099,45.7071308938228],[-121.383565777601,45.7068032434519],[-121.38322963502,45.7062796618436],[-121.383180288529,45.7056869727726],[-121.383070795284,45.7052894104662],[-121.383043167472,45.7051890860237],[-121.383029280529,45.7050719633085],[-121.383013664307,45.7050819852528],[-121.382994253773,45.7050944377263],[-121.382989086455,45.704942682391],[-121.382988260325,45.7049184078827],[-121.382524073517,45.704640519665],[-121.38262543154,45.7040710821306],[-121.382476289722,45.7033079101183],[-121.382460293882,45.7032260517519],[-121.382460634997,45.7032259386709],[-121.382636035514,45.7031877384358],[-121.382719903733,45.7031648062812],[-121.382773303335,45.7031381384377],[-121.382811303116,45.7031039384014],[-121.382826835584,45.7030581385274],[-121.382841794325,45.7030356617554],[-121.383323602441,45.7028169513186],[-121.383955604953,45.7022940426919],[-121.384437253352,45.7020068401346],[-121.384596635122,45.7020053382965],[-121.384742034819,45.7020014062841],[-121.384817902895,45.7020129382043],[-121.384901902822,45.7020356066618],[-121.384993435754,45.7020585381859],[-121.385092503011,45.7020778065849],[-121.385207034921,45.7020854060444],[-121.385314103402,45.7020814066335],[-121.385405503395,45.7020738066984],[-121.385497035525,45.7020701383503],[-121.385573435842,45.7020777375979],[-121.385641903143,45.7020854064893],[-121.385782624397,45.7020888417699],[-121.385794703834,45.7020891375949],[-121.385815434697,45.7020752064501],[-121.385855635425,45.7020396062577],[-121.385886303416,45.7020053375846],[-121.38593183539,45.7019671376369],[-121.385970103963,45.7019480060477],[-121.386145234868,45.7018641377459],[-121.386171588285,45.7018547108211],[-121.386568480935,45.7017718102406],[-121.386631700594,45.701674459326],[-121.386634035431,45.7016734058973],[-121.386748303134,45.7016123376178],[-121.386816703234,45.701539805941],[-121.386923635744,45.7014062063461],[-121.38697690304,45.7013415382639],[-121.387038035511,45.7012766058874],[-121.387129635001,45.7012194061292],[-121.38724423512,45.7011621377235],[-121.387388903467,45.7010972064152],[-121.387526635984,45.7010477377648],[-121.387648835751,45.7010058057612],[-121.387762704098,45.7009790062526],[-121.38790050299,45.7009600061353],[-121.388052703631,45.7009447374527],[-121.388144235122,45.7009142055868],[-121.388236103693,45.7008989376304],[-121.38834283523,45.700872337465],[-121.388351501659,45.7008691807211],[-121.388667937674,45.7008284759945],[-121.388918561797,45.7006918520227],[-121.388930236056,45.7006892057074],[-121.389052435358,45.7006509373603],[-121.389258103782,45.7005403374479],[-121.389601503773,45.7003266062214],[-121.389653403591,45.7002912542386],[-121.390665587888,45.6997394436025],[-121.390730117475,45.6997042636773],[-121.391087433539,45.6992373702255],[-121.39113119197,45.6991801918079],[-121.391256234141,45.6991477478198],[-121.391287704223,45.6991556060038],[-121.391341103812,45.6991593373892],[-121.39141003555,45.6991594054051],[-121.391486235431,45.6991519375682],[-121.391585304405,45.699136736812],[-121.391722635736,45.6990984059576],[-121.391821635388,45.6990527368645],[-121.391890436049,45.6990107370258],[-121.391982236016,45.698930605481],[-121.392111436117,45.6987971371509],[-121.39218063528,45.6987094055563],[-121.392226036007,45.6986177367692],[-121.392249103876,45.6985605367001],[-121.392295035329,45.6985147367577],[-121.392333035314,45.6984843373168],[-121.392378704465,45.6984652051257],[-121.392417104286,45.6984499373026],[-121.392470235926,45.6984423367523],[-121.392523503943,45.698438537378],[-121.392577303488,45.6984309371768],[-121.392622903802,45.6984117373125],[-121.392633866962,45.6984110671102],[-121.392711345076,45.698447163715],[-121.392768900757,45.6984739781287],[-121.392848419836,45.6985110259518],[-121.393156844577,45.6986547181718],[-121.393720895417,45.6984020567903],[-121.395879699578,45.6981898277202],[-121.396392556024,45.6981681029978],[-121.396539936094,45.6981500559491],[-121.396818553414,45.698150056049],[-121.396829936624,45.6981500556062],[-121.397020158164,45.6981880998154],[-121.397059400044,45.6982111374926],[-121.39838015896,45.6989865177479],[-121.400742815934,45.7003569615904],[-121.401803702192,45.70010204921],[-121.401815085381,45.7000993137962],[-121.401907600504,45.7000461671977],[-121.401965839381,45.699997735396],[-121.402015142618,45.6999843873736],[-121.402044652578,45.6999763978849],[-121.402505838639,45.6998703350485],[-121.402814105424,45.6996947351775],[-121.402835438657,45.699622802158],[-121.402892528353,45.6995025005199],[-121.403519051634,45.6993797372246],[-121.405993177237,45.6990518111182],[-121.40816718162,45.6986793134055],[-121.410430727614,45.6987825983842],[-121.413676619482,45.6991795505867],[-121.417147709675,45.6993844657365],[-121.41725600757,45.6993766010236],[-121.417749937231,45.699370056345],[-121.419339936599,45.6993200564401],[-121.420269935549,45.6993200566823],[-121.421329937269,45.6993100568394],[-121.422069937375,45.6993000562125],[-121.422078107254,45.6993001816781],[-121.422719937359,45.6993100564333],[-121.423401261484,45.6993298048574],[-121.423409999734,45.6993300001791],[-121.424080000617,45.6993899995935],[-121.424087622576,45.6993911110548],[-121.424369585168,45.6994298119344],[-121.424411795002,45.6994356057138],[-121.424589937109,45.6994600557002],[-121.425033154345,45.6995290014522],[-121.425039936567,45.6995300562665],[-121.425388709356,45.6996153112895],[-121.425489935574,45.6996400559444],[-121.425759935715,45.6997000556296],[-121.426349936596,45.6998700560826],[-121.426589936599,45.699940056318],[-121.427079936389,45.7001000561583],[-121.427093734736,45.7001043676831],[-121.427559936582,45.7002500557463],[-121.428249937003,45.7005100557025],[-121.42865833976,45.7006882688234],[-121.428686216872,45.7007266055058],[-121.428805663478,45.700792682458],[-121.428868575279,45.7008229195619],[-121.42891694516,45.7008516721838],[-121.428980755424,45.7008911565031],[-121.429066222607,45.7009384660948],[-121.429164981265,45.7009935263679],[-121.429270297148,45.7010563607926],[-121.429385480498,45.701123855554],[-121.429519580675,45.7011985958909],[-121.42965386814,45.701278312539],[-121.429798155994,45.7013541422032],[-121.429942824447,45.7014247878993],[-121.430064804795,45.7014979703563],[-121.430214701985,45.7015818387808],[-121.430344549409,45.7016637078094],[-121.430483754276,45.7017399698996],[-121.430610054206,45.7018220311015],[-121.430750732326,45.7018990142757],[-121.430903340989,45.701971948751],[-121.431056004639,45.7020407280635],[-121.431212742231,45.7021062876995],[-121.431367816058,45.7021783895227],[-121.431537391143,45.7022361925228],[-121.431700950473,45.7022959378733],[-121.431864749311,45.702357420749],[-121.43203284607,45.7024180091937],[-121.432202573765,45.7024818907009],[-121.432376305184,45.7025493831567],[-121.432551895833,45.7026177487453],[-121.432729218277,45.7026828606],[-121.432909591964,45.7027457233134],[-121.433100962844,45.7028086564934],[-121.433272556966,45.7028713855914],[-121.433438440367,45.7029323124367],[-121.433607429616,45.7029931259171],[-121.433755665335,45.7030540695107],[-121.43389247424,45.7031025673186],[-121.434040678447,45.7031546784329],[-121.434196926403,45.7032035962943],[-121.434353012026,45.7032473416036],[-121.434508687105,45.7032944816093],[-121.434662740602,45.7033444524623],[-121.434688774477,45.7033520036502],[-121.434777098576,45.7033776217405],[-121.434818278798,45.7033895658684],[-121.434969884243,45.7034278034008],[-121.4351209765,45.7034660246997],[-121.435222581038,45.7034968558891],[-121.435264087591,45.7035094496903],[-121.435410514027,45.7035499451194],[-121.435537367818,45.7035840543752],[-121.435650250143,45.703614575205],[-121.435752794247,45.7036453620838],[-121.435838036585,45.7036677886355],[-121.435923782388,45.7036805496595],[-121.435979834659,45.7037021371492],[-121.436037958737,45.7037272831287],[-121.436095321591,45.7037228858311],[-121.436150269785,45.7037351935026],[-121.436188030757,45.7037427203884],[-121.436254280214,45.7037553825545],[-121.436291589053,45.7037657645996],[-121.436344195952,45.7037767187941],[-121.436418840242,45.7037874552843],[-121.436484713819,45.7038039267489],[-121.436558925185,45.7038182134736],[-121.436633600448,45.7038347540219],[-121.436707041622,45.7038483775439],[-121.436786565649,45.7038671580695],[-121.4368541329,45.7038794238811],[-121.436905260154,45.7038893170645],[-121.436947411307,45.7039001936029],[-121.436992359234,45.7039036916624],[-121.436994305091,45.7039002016412],[-121.438329999634,45.7042300003105],[-121.438335044235,45.7042317587484],[-121.438524008288,45.704294747119],[-121.438574815199,45.7043153381332],[-121.438704739095,45.7043679934622],[-121.438780403443,45.7043986586195],[-121.439247323617,45.7050683719244],[-121.439274616571,45.7062152222046],[-121.439029572469,45.7072144248476],[-121.437610777175,45.7069032521532],[-121.437382703958,45.7073892448894],[-121.43671745671,45.7074265389134],[-121.436813555012,45.7078049552101],[-121.4361582936,45.7081212813655],[-121.436023519416,45.7086907654148],[-121.436209274317,45.7092163599455],[-121.43600708731,45.709690107427],[-121.435526756572,45.7103121583074],[-121.435076042567,45.7106499420135],[-121.434557568644,45.7107110586894],[-121.434674276439,45.7114135216187],[-121.434022897582,45.7115635991149],[-121.432359695876,45.7109264539233],[-121.432296051966,45.7109792211806],[-121.432267670611,45.7109766615308],[-121.432264348726,45.7109802702949],[-121.432234652006,45.7110077474254],[-121.432209301057,45.7110393363939],[-121.432180362264,45.7110702145451],[-121.432143277083,45.7110926676554],[-121.432100554899,45.7111244672988],[-121.432108156476,45.7111350063644],[-121.432023633095,45.7112050844839],[-121.431984268511,45.711197405506],[-121.431945908878,45.7112063001314],[-121.431899660178,45.7112077687232],[-121.431859170187,45.7112128104986],[-121.431856599532,45.7112135375811],[-121.430860747709,45.7110181821643],[-121.430643769968,45.7102782486107],[-121.429982094845,45.7101314574236],[-121.42890793186,45.710165999945],[-121.428816494326,45.7100022195732],[-121.428705741911,45.7100024629399],[-121.428615361699,45.7099827335794],[-121.428502410899,45.7099790878265],[-121.42838255797,45.7099913586646],[-121.428268764666,45.70998027806],[-121.428161625848,45.7099783852085],[-121.428046416574,45.709977072457],[-121.42792908534,45.7099738645012],[-121.427821900408,45.7099640418182],[-121.427723644784,45.7099566875774],[-121.427623896122,45.7099610660523],[-121.427523852622,45.7099600155487],[-121.427442868481,45.709965932117],[-121.42734315489,45.7099679597988],[-121.42726163699,45.7099531497565],[-121.427189632986,45.709947355432],[-121.427093369569,45.7099495465148],[-121.427011561289,45.7099481571125],[-121.426949272411,45.7099485549203],[-121.426905115027,45.709949104297],[-121.426821091065,45.7099541972824],[-121.426880051396,45.7098488475072],[-121.426303841107,45.7099138569872],[-121.425970443474,45.7100926840162],[-121.42582198863,45.7102367611866],[-121.425519946184,45.7104038363217],[-121.425170859698,45.7103320320862],[-121.424734890823,45.7102373850764],[-121.424559423955,45.7101493000322],[-121.42415021675,45.7098714567816],[-121.423576930944,45.7097812132021],[-121.422691733255,45.7097956264357],[-121.421991065039,45.7098036660042],[-121.421188420441,45.7098415680417],[-121.420759137213,45.7098932509112],[-121.420130838001,45.709872577602],[-121.419294018669,45.7099469890604],[-121.419240688117,45.7101939481351],[-121.41925075608,45.7103312177302],[-121.419212221305,45.7103525151734],[-121.419185853559,45.7103800007846],[-121.41915844316,45.7104019517176],[-121.419120585115,45.7104128705761],[-121.419071500779,45.7104073388422],[-121.419027553129,45.7104122805062],[-121.418987871095,45.7104017267696],[-121.418950447863,45.7103892087894],[-121.41890754236,45.7103757850286],[-121.418876155691,45.7103591894752],[-121.418831316139,45.7103494733799],[-121.418793320239,45.7103383578592],[-121.418755368721,45.7103289945121],[-121.418720229512,45.7103161264379],[-121.418682216705,45.7103058396274],[-121.418641777348,45.7102895273214],[-121.41860649515,45.7102732584988],[-121.418595339715,45.7102469240821],[-121.418561178701,45.7102304439459],[-121.418583838985,45.7101900178824],[-121.418576119374,45.7101614403078],[-121.418569496059,45.7101336690887],[-121.418552603411,45.7101013497541],[-121.418526054101,45.7100775600654],[-121.418435225369,45.7099917859488],[-121.418385890417,45.7100067202598],[-121.418389075786,45.7099787887194],[-121.418389684882,45.7099453579689],[-121.418392236812,45.7099162439417],[-121.418379053313,45.7098822441697],[-121.418372019064,45.7098495068604],[-121.418338342286,45.7098280324701],[-121.418302591259,45.7098044870459],[-121.418261329945,45.7098019786788],[-121.418212112301,45.7097887624735],[-121.418177871851,45.7097715142457],[-121.418138371164,45.7097524604884],[-121.41812724214,45.7097251101894],[-121.418086094545,45.709709376534],[-121.418056437497,45.7096847318141],[-121.418032681822,45.7096562921392],[-121.418026034278,45.7096272055213],[-121.418012345456,45.7095976469437],[-121.417992481277,45.7095672071557],[-121.417972338818,45.709540346762],[-121.417944398157,45.7095177572847],[-121.417905197231,45.7095058912037],[-121.417861883258,45.7094897656246],[-121.417828181671,45.7094710513101],[-121.417796732021,45.7094431503732],[-121.417759826568,45.7094222872514],[-121.417723423169,45.7094078081994],[-121.417685159905,45.7093970918435],[-121.417650885901,45.7093806368695],[-121.417610292192,45.7093661402356],[-121.417583049904,45.7093410742996],[-121.417547100272,45.7093205816855],[-121.417506000908,45.7093134875375],[-121.417480031736,45.7092907479421],[-121.417461118405,45.7092642771228],[-121.417440726712,45.7092389766344],[-121.417405617326,45.7092150284761],[-121.417380213798,45.7091896396335],[-121.417357524041,45.7092165304254],[-121.41731185339,45.7092143602586],[-121.41735821141,45.7091979153176],[-121.417367730734,45.7091699491519],[-121.417342443187,45.7091461874676],[-121.417296660543,45.7091424342873],[-121.417257394556,45.7091334329634],[-121.417264368045,45.7091003523293],[-121.417234168276,45.7090806206566],[-121.417195648855,45.709071980691],[-121.417155518325,45.7090663003796],[-121.417146239429,45.7090343266625],[-121.417103478304,45.7090301292282],[-121.417062192234,45.7090209207248],[-121.417042824563,45.7089964003308],[-121.416996935766,45.7089979587819],[-121.416974547444,45.7090215413503],[-121.416941534585,45.7090018426197],[-121.416901825677,45.7089955199987],[-121.416857591605,45.7089774244918],[-121.416810929406,45.7089731593765],[-121.416767872162,45.7089739000983],[-121.416727031567,45.7089767624355],[-121.416694068221,45.7089965305031],[-121.416680866402,45.7089952493948],[-121.416667977201,45.7089939987212],[-121.416652831739,45.7089925295512],[-121.416638736253,45.7089713962978],[-121.416638551367,45.7089711192079],[-121.416637825417,45.7089700299384],[-121.41663037441,45.7089598222567],[-121.416616846759,45.7089544754246],[-121.416395396407,45.7087832931396],[-121.415373232456,45.7082245651403],[-121.414329136529,45.708313429836],[-121.414002521349,45.7078882035944],[-121.413692545615,45.7073035911221],[-121.413232937762,45.7070609410379],[-121.412430999332,45.7070444547455],[-121.411907835567,45.7072258686021],[-121.411139015686,45.7073267219412],[-121.410656174748,45.7070295007365],[-121.409805693682,45.7064300502847],[-121.409998724642,45.7059200539872],[-121.409962982459,45.7059073242265],[-121.408927080366,45.7064149948233],[-121.407789699742,45.7069572090097],[-121.406903894583,45.7068004096308],[-121.406786708763,45.7070035399669],[-121.407483674639,45.707951686731],[-121.407808819564,45.7087254408105],[-121.408844415669,45.7088956042617],[-121.410080881378,45.7091367182242],[-121.410546781581,45.7090318722597],[-121.411319404501,45.708774961742],[-121.411300777003,45.7101932098106],[-121.410690768576,45.7106507201093],[-121.410664193405,45.7106780280507],[-121.410689191042,45.7108384250909],[-121.410573294919,45.7110515239986],[-121.410341502793,45.7111487265692],[-121.41025822459,45.7110951913919],[-121.410205668857,45.7111491960789],[-121.409943511958,45.711224887936],[-121.409915305431,45.7113057471472],[-121.409836794989,45.7114253821169],[-121.409647230721,45.711310432583],[-121.409185678495,45.7114436971891],[-121.409047954709,45.7116010945948],[-121.408968580411,45.7114894752542],[-121.408323020879,45.7115876601381],[-121.407814781619,45.7113717238197],[-121.407596693898,45.7114973611182],[-121.407221017676,45.7113951772611],[-121.407025200517,45.7118761980434],[-121.40650718056,45.7119844060057],[-121.406260641413,45.7122159370346],[-121.405062852378,45.7126421279632],[-121.403132135587,45.7132646403424],[-121.401696038039,45.7131238792548],[-121.398584520603,45.7141337973896],[-121.397460957259,45.7135813410273],[-121.397462605425,45.7135576666317],[-121.397306798238,45.7134866201984],[-121.397152327599,45.7134124762017],[-121.396973049902,45.7133761970881],[-121.396809232665,45.7133579429373],[-121.396749280744,45.7134815188302],[-121.396703502096,45.7135699084729],[-121.396556310979,45.7135866217352],[-121.396084725642,45.7141302955854],[-121.396063245486,45.7141437608026],[-121.396009756166,45.714144362508],[-121.395851070328,45.7141150530568],[-121.395700870918,45.7141423170029],[-121.395526178337,45.7141866723031],[-121.395387946294,45.7142763972346],[-121.395269620756,45.7143673611652],[-121.395183883523,45.7144800267199],[-121.39520161959,45.7146018813972],[-121.395274815894,45.7146379762991],[-121.395151936595,45.7147150003702],[-121.396114427587,45.7147330956457],[-121.39675430952,45.7151347477394],[-121.397194167163,45.7157335161715],[-121.397194797908,45.7157481244462],[-121.397192994401,45.7158050377915],[-121.396990915238,45.7160777602228],[-121.39696893299,45.7160847712316],[-121.396890795594,45.7161096925323],[-121.396724334282,45.7162230362934],[-121.396647318772,45.7163367884292],[-121.39664912853,45.7163612026094],[-121.396694467353,45.7164778333296],[-121.396690582115,45.7164830767094],[-121.396698518712,45.716488253807],[-121.396704422691,45.716503443751],[-121.39671496932,45.7165305737184],[-121.396731551413,45.7165401331816],[-121.396956675881,45.7166648272414],[-121.397003599292,45.7166872660976],[-121.397146684999,45.7167806041728],[-121.397200954118,45.7168289821432],[-121.397227276745,45.7169543574761],[-121.397222525368,45.7169538533617],[-121.395130617098,45.7167319632193],[-121.395083787724,45.7167051432875],[-121.395071871056,45.7166547167521],[-121.395028979086,45.716595577768],[-121.395005606813,45.7165453529927],[-121.39497867157,45.7164924786929],[-121.394940539634,45.7164422067183],[-121.394896897636,45.7163905584739],[-121.394853156251,45.7163392427482],[-121.394788728389,45.7162963437393],[-121.394718878974,45.7162685403778],[-121.394658437232,45.7162398574962],[-121.39460071911,45.7162195791788],[-121.394539457696,45.7162092888076],[-121.394480971981,45.7162053137309],[-121.394412894945,45.7161963865322],[-121.394333514782,45.7161874525152],[-121.394266806188,45.7161769117069],[-121.394190820394,45.7161716247597],[-121.394145634747,45.7161678319915],[-121.394124802575,45.7161559009735],[-121.393736083002,45.7160899519985],[-121.39364548651,45.7160702801388],[-121.393556323263,45.716056373625],[-121.393473099744,45.7160376856094],[-121.393393918999,45.7160240039801],[-121.393319020113,45.7160029081971],[-121.393240956934,45.7159853853055],[-121.393140273298,45.7159662858176],[-121.393052447653,45.7159427082819],[-121.392967909152,45.7159245432502],[-121.392879616595,45.7159121011991],[-121.392798363472,45.7159050119435],[-121.392719657654,45.7158951682026],[-121.392631007139,45.7158870125407],[-121.392547876671,45.715879167617],[-121.39245909883,45.7158691810513],[-121.392374421556,45.7158699316724],[-121.392277120968,45.7158727133679],[-121.392143335616,45.7158917086356],[-121.39209892337,45.7158962634573],[-121.392030094552,45.7159124034008],[-121.391962377699,45.715934614748],[-121.391889573519,45.7159567931351],[-121.39182081394,45.7159870401032],[-121.391765158296,45.716026089874],[-121.391729447757,45.7160799316668],[-121.391705776213,45.7161247908707],[-121.391698856904,45.716168050672],[-121.391703136813,45.7162250144844],[-121.391705379076,45.7162879711924],[-121.391714827981,45.7163312400428],[-121.391728435825,45.716383879759],[-121.391731315326,45.7163942236075],[-121.391735121696,45.7164013725937],[-121.390946310781,45.7164987121218],[-121.390926378074,45.7165044790153],[-121.390729189994,45.7170374196991],[-121.390696060107,45.7170323381777],[-121.390621049365,45.7170201832234],[-121.390541335475,45.7171175350211],[-121.390493815264,45.7171322434181],[-121.390439728522,45.7171607953199],[-121.390402975847,45.7171874096542],[-121.390389005938,45.7172139462944],[-121.39038902721,45.7172678357411],[-121.390415647807,45.7173346598442],[-121.390427781018,45.7173608496546],[-121.390441128059,45.7173912608776],[-121.390472311543,45.7174366092675],[-121.390510362594,45.7174888203775],[-121.390541519627,45.7175450720361],[-121.390584531645,45.7175969812873],[-121.390611661252,45.7176352185309],[-121.390627667315,45.7176708544009],[-121.390638718064,45.7176988588136],[-121.390662434739,45.7177281532916],[-121.390686643871,45.7177532755963],[-121.390712964934,45.7178054014749],[-121.390719057459,45.717816434178],[-121.390327845889,45.7181328578021],[-121.389872466847,45.7183280185571],[-121.389617044648,45.7183258551537],[-121.389588500709,45.7183135085558],[-121.389569283225,45.7183048658935],[-121.389521553523,45.7182834000141],[-121.389437550905,45.7182649717063],[-121.389348383329,45.7182551104451],[-121.389277072379,45.7182473659059],[-121.389206907691,45.7182485609546],[-121.389167348845,45.7182206251144],[-121.389127580694,45.7182128482688],[-121.389090706682,45.7181958926299],[-121.389023589758,45.7181872601899],[-121.388843433479,45.718026406341],[-121.388721578422,45.7177570473121],[-121.388356237492,45.7174593609431],[-121.387843229168,45.7173409137238],[-121.386210995952,45.7180125419779],[-121.385606187447,45.719345891614],[-121.38551633373,45.719715405385],[-121.384966144244,45.7198926663848],[-121.385500275629,45.7212652501054],[-121.385217382212,45.7216300483064],[-121.385456516093,45.7219190020569],[-121.385370509341,45.722564049647],[-121.384827343754,45.7223000119753],[-121.384471552318,45.7229813208793],[-121.383294283397,45.7223528081382],[-121.382634341442,45.7222376394465],[-121.381523281591,45.7221954507516],[-121.380744997271,45.7216588791102],[-121.380520009574,45.7219774317987],[-121.379842503219,45.722490086749],[-121.379833253435,45.7224795073373],[-121.379796229812,45.7224438157757],[-121.379778743427,45.7224302833513],[-121.379689477782,45.722341602447],[-121.379656706351,45.7223144067747],[-121.379623254884,45.7222912203343],[-121.379585687273,45.7222694615338],[-121.379548010054,45.7222502943166],[-121.379509410624,45.7222306234558],[-121.379460192839,45.7222103761917],[-121.379413738656,45.7221919259865],[-121.379380607658,45.7221734829795],[-121.37934713239,45.7221575247188],[-121.379310987408,45.7221457670776],[-121.379270347491,45.722134182368],[-121.379226198706,45.722114935818],[-121.379182458218,45.7220982791945],[-121.379171152209,45.7220944203031],[-121.379195225966,45.7220611076566],[-121.379102239479,45.7220273679077],[-121.379087430797,45.7220215871211],[-121.379047844423,45.7220073926288],[-121.379015039986,45.7219918839326],[-121.378978191724,45.7219755248609],[-121.378943722836,45.7219524767954],[-121.378900899248,45.7219370481939],[-121.378874077336,45.7219155226738],[-121.37884113969,45.7218999580316],[-121.37880879241,45.7218827320975],[-121.378778985528,45.721863023768],[-121.378747521801,45.7218368904942],[-121.378711340718,45.7218170646694],[-121.378676123016,45.7217921013092],[-121.378652972311,45.7217641904246],[-121.378649449577,45.7217276526893],[-121.378613706097,45.7217038537596],[-121.378597080967,45.7216703433431],[-121.378584478079,45.721635142952],[-121.378570045194,45.7216081631799],[-121.378561381786,45.7215769313872],[-121.378549994275,45.7215406312365],[-121.378541219865,45.7215130144163],[-121.378536923456,45.7214796358],[-121.37852310786,45.7214466017971],[-121.378517238913,45.7214127679142],[-121.37850871172,45.7213797171738],[-121.378502255703,45.7213521836667],[-121.378492711964,45.7213226450354],[-121.378483412343,45.7212935077073],[-121.378478085408,45.7212605726023],[-121.378464096175,45.7212289681648],[-121.378452746955,45.7211981437762],[-121.378431497949,45.7211676738907],[-121.378420719126,45.7211396091629],[-121.378397529159,45.7211129352857],[-121.378377884949,45.721087803188],[-121.378352186529,45.7210655302184],[-121.378334327991,45.7210397952038],[-121.378310776904,45.7210145905244],[-121.378279219264,45.720989816716],[-121.378242984325,45.7209693896167],[-121.378220428809,45.7209400244493],[-121.378207873286,45.7209093728255],[-121.378198329556,45.7208792644122],[-121.3781855089,45.7208463191991],[-121.378175456783,45.7208118435425],[-121.378175406357,45.7207791741598],[-121.378160999518,45.7207520632891],[-121.378139792639,45.7207274751152],[-121.378138777244,45.7206954697959],[-121.378126972583,45.7206637415182],[-121.378120519266,45.7206321720331],[-121.378107785571,45.7206017311874],[-121.378092407029,45.7205706794286],[-121.378074287173,45.7205385761433],[-121.378059090599,45.7205086529728],[-121.378040273849,45.7204808278018],[-121.378042173416,45.7204502257052],[-121.377995031637,45.7204397039223],[-121.377975065122,45.7204126688911],[-121.37795068609,45.7203837188151],[-121.377930111923,45.720358988371],[-121.377910728963,45.7203264890844],[-121.37789165368,45.720300097656],[-121.37787199538,45.7202718293632],[-121.37784585314,45.7202413357763],[-121.37782377971,45.7202104265227],[-121.377797633974,45.7201811209901],[-121.377772730021,45.7201549518904],[-121.377751613442,45.7201297879682],[-121.377740225839,45.7201017307264],[-121.377718242479,45.7200734401849],[-121.377693933398,45.7200453236266],[-121.377669584074,45.7200178878574],[-121.377647607475,45.719992739603],[-121.377606689989,45.7199742961879],[-121.377567708837,45.7199545274311],[-121.37754372896,45.7199304902118],[-121.377506733027,45.7199136560151],[-121.377468607877,45.7198957472629],[-121.37742787146,45.7198881416075],[-121.377389316081,45.7198668972938],[-121.377353953266,45.7198519782308],[-121.37732676937,45.7198234373158],[-121.377323575731,45.7197941616074],[-121.377266856567,45.7198003170944],[-121.377234121816,45.7197788682929],[-121.377210099137,45.7197630175897],[-121.377197985676,45.7197550246289],[-121.377169345252,45.7197313468567],[-121.377138448351,45.7196989736756],[-121.37711158725,45.7196759323286],[-121.37708682877,45.7196543429883],[-121.377057254334,45.7196266690297],[-121.377015559097,45.7196076760983],[-121.376983231936,45.7195917721536],[-121.376948429474,45.7195714018961],[-121.376908544606,45.7195489126079],[-121.376879458121,45.7195303508211],[-121.376862033244,45.7195200294285],[-121.376842756395,45.7195086097114],[-121.376813752217,45.7194900913815],[-121.376778731195,45.7194727017557],[-121.376736759915,45.7194546840942],[-121.376706110214,45.7194264781121],[-121.376678132089,45.7193994676028],[-121.376665235953,45.7193687263518],[-121.376651085267,45.7193663911316],[-121.376652721505,45.7193532443064],[-121.376627578058,45.7193255702031],[-121.376605341067,45.7193020283003],[-121.376568275276,45.719281330529],[-121.376547276744,45.7192546496102],[-121.376519495812,45.7192311729071],[-121.376517530357,45.7192295122124],[-121.376502105882,45.7192038592038],[-121.376481490455,45.7191799685885],[-121.376460405206,45.7191557958646],[-121.376441291158,45.7191297591716],[-121.376415723368,45.7191021023911],[-121.376400186549,45.7190756727959],[-121.376382300292,45.7190473538214],[-121.376363975695,45.7190192185317],[-121.376339623926,45.7189900416696],[-121.376314571597,45.7189644668948],[-121.376288488666,45.7189428864538],[-121.376256861078,45.7189236574218],[-121.376218304497,45.7189066170005],[-121.376205079271,45.7188802391413],[-121.37616789769,45.7188633748653],[-121.376137490833,45.7188458337169],[-121.376131975563,45.7188422476661],[-121.376104705635,45.7188245188836],[-121.376070934884,45.7188070181012],[-121.376041970601,45.7187885631459],[-121.376006586408,45.7187757477631],[-121.375979672458,45.7187544281618],[-121.375943467319,45.7187336272112],[-121.375909169775,45.7187203853054],[-121.375866944858,45.7187126121121],[-121.375833728299,45.7186933297651],[-121.375785967805,45.7186817424652],[-121.375737561768,45.7186775770885],[-121.375697956196,45.7186745296366],[-121.375646477384,45.7186779604678],[-121.375598287667,45.718685262524],[-121.375549873485,45.7186868314099],[-121.375510792911,45.7186929353494],[-121.375463543437,45.7186935990738],[-121.375419916396,45.7186916878454],[-121.375374284252,45.7186860280187],[-121.375338561867,45.7186744254366],[-121.375307879598,45.7187050933408],[-121.375266036333,45.718704902291],[-121.375214323079,45.7187048939583],[-121.375165548901,45.7187019481215],[-121.375118691569,45.7186961771549],[-121.375077718712,45.718686130758],[-121.375039684238,45.7186776031929],[-121.375011185086,45.7186489701014],[-121.374988406717,45.7186216191086],[-121.374967959873,45.7185974389872],[-121.374945109425,45.7185734172841],[-121.374923140295,45.7185450147877],[-121.374878479332,45.7185315702209],[-121.374839892525,45.7185187863168],[-121.374797017234,45.7185154166032],[-121.374757544016,45.7185086083418],[-121.374713002893,45.7185033517124],[-121.374665452355,45.7184994257761],[-121.374626833693,45.7184933253973],[-121.374587056418,45.7184884956432],[-121.374542799117,45.7184803213018],[-121.37449392825,45.7184744260149],[-121.374455028321,45.7184591514824],[-121.374410325042,45.718452310973],[-121.37437940902,45.718434142848],[-121.374341986048,45.7184210225049],[-121.374315892375,45.7183941768452],[-121.374288918691,45.7183733501415],[-121.374260491455,45.7183511157075],[-121.374242845856,45.7183335486658],[-121.374233366807,45.7183241104403],[-121.374219833831,45.7183147126216],[-121.374200744816,45.7183014571502],[-121.374188959019,45.7182923380215],[-121.374171367063,45.7182787258172],[-121.374145915971,45.7182561781821],[-121.374116825014,45.7182352114886],[-121.374093957052,45.7182116781118],[-121.374067077659,45.7181861011343],[-121.374058931304,45.7181689069076],[-121.374052270552,45.7181548508315],[-121.37402010692,45.7181340320919],[-121.373991019822,45.7181074884775],[-121.373963282177,45.718083948757],[-121.373933013731,45.7180634909047],[-121.37389464843,45.7180277674979],[-121.373879678134,45.7180017920628],[-121.373847751387,45.7179799442459],[-121.373817654228,45.7179537192389],[-121.373778094635,45.7179322802826],[-121.373743754655,45.7179111028466],[-121.373709791133,45.717886296206],[-121.37367474938,45.7178668099229],[-121.373637032363,45.7178472360318],[-121.37360240456,45.717831198456],[-121.373581527326,45.7178077104224],[-121.373540872275,45.7177922791719],[-121.373507360588,45.7177725860022],[-121.373473638387,45.717753373172],[-121.373440323283,45.7177336377775],[-121.373411246217,45.7177118565206],[-121.373371861027,45.717698409985],[-121.373333773187,45.7176780728383],[-121.373295096959,45.7176625139658],[-121.37325616299,45.7176449010096],[-121.373220092681,45.7176292532128],[-121.37317869997,45.717612992247],[-121.373141974369,45.7176012846775],[-121.373103910585,45.7175895526354],[-121.373062178788,45.7175860374407],[-121.373034574266,45.7175619620359],[-121.372995687038,45.7175429212168],[-121.372983917457,45.7175162585825],[-121.372952606547,45.7174984921825],[-121.372922318042,45.7174802092863],[-121.372895134158,45.7174589544138],[-121.372866107864,45.7174344626756],[-121.372829118638,45.7174139168878],[-121.37278883047,45.7173887867482],[-121.372748621792,45.7173710105439],[-121.372709078828,45.717354824364],[-121.372677387935,45.7173386006255],[-121.372639694139,45.7173205964868],[-121.372597866533,45.7173084848184],[-121.372553551005,45.7172982422722],[-121.372515664627,45.7172885098557],[-121.372474479249,45.7172747709333],[-121.372424402306,45.7172774426109],[-121.372386007856,45.7172620215573],[-121.372346143128,45.7172513464044],[-121.372302486328,45.7172413876742],[-121.3722592693,45.7172267727394],[-121.37221501136,45.7172194183639],[-121.372175274445,45.7172095208485],[-121.37214072638,45.7171954551559],[-121.372091934299,45.7171849479114],[-121.372055801961,45.7171736687877],[-121.372003092776,45.717175039941],[-121.371962274828,45.7171771908206],[-121.37191932903,45.7171867730839],[-121.371879443435,45.717192877808],[-121.371838924821,45.7172029032784],[-121.371795679497,45.7172129753738],[-121.371759291671,45.7172309705716],[-121.371721257193,45.7172393455474],[-121.371690166105,45.7172639652697],[-121.371655807602,45.7172791576876],[-121.371644321964,45.7173064322242],[-121.371600972533,45.7173111499394],[-121.371558999994,45.717302530865],[-121.371516094364,45.7172962639027],[-121.371473404884,45.7172892358315],[-121.371427967204,45.7172786168137],[-121.371377746823,45.717273487626],[-121.371343004475,45.7172593037107],[-121.371302533622,45.7172575106182],[-121.371262368497,45.7172516084696],[-121.371222190809,45.7172515774006],[-121.371171587245,45.7172521627163],[-121.371130331817,45.7172583988592],[-121.371092890206,45.7172679017896],[-121.371040493397,45.7172763822467],[-121.370989500333,45.717282056424],[-121.370944079704,45.7172735949673],[-121.370891777349,45.7172701604403],[-121.370850398709,45.7172645873724],[-121.370805156303,45.7172532670231],[-121.370765179876,45.7172483898908],[-121.370721027605,45.7172393514789],[-121.370671362059,45.7172349859685],[-121.37063523177,45.7172178549532],[-121.370596181819,45.7172111214954],[-121.370560992384,45.717194954371],[-121.370513951245,45.7171869025674],[-121.370471866554,45.7171783048954],[-121.370435978359,45.7171630152501],[-121.370388851772,45.7171484023356],[-121.370353773424,45.7171345607588],[-121.370315852553,45.7171209495411],[-121.370278776073,45.7171054763757],[-121.370236512885,45.7170881731202],[-121.370205726465,45.7170706132681],[-121.370162821781,45.7170571226051],[-121.370130369583,45.7170383886509],[-121.370093588849,45.7170267117155],[-121.370063406119,45.7170061136418],[-121.370025615171,45.7169937841063],[-121.369987443548,45.7169714815524],[-121.36994726739,45.7169725976685],[-121.369906827541,45.7169490710012],[-121.369865923302,45.7169399661008],[-121.36981663292,45.7169283238612],[-121.369779556921,45.7169134616996],[-121.369741894185,45.7168930178071],[-121.369707382229,45.7168654577743],[-121.369681298628,45.7168389406225],[-121.369650783703,45.7168136923437],[-121.369629019004,45.7167872116236],[-121.369607448504,45.7167601513144],[-121.369579717852,45.7167381353708],[-121.369550194725,45.7167151487413],[-121.369528683872,45.7166905456083],[-121.369493388902,45.7166758194874],[-121.369459725829,45.7166530095594],[-121.369424344019,45.7166271363884],[-121.369388651216,45.7166084648707],[-121.369347394963,45.7165991486384],[-121.369308288142,45.716578844201],[-121.369264281715,45.7165653491707],[-121.369227337993,45.7165495310235],[-121.369192215814,45.7165303293385],[-121.36914883884,45.7165164445116],[-121.369115462173,45.7164954576485],[-121.369088162533,45.7164712254213],[-121.369063522021,45.7164392444955],[-121.369029811102,45.7164137622953],[-121.368999391656,45.7163920507492],[-121.368969264475,45.7163697457099],[-121.368948848955,45.7163380267097],[-121.368927574131,45.7163103602323],[-121.368897412887,45.7162853427221],[-121.368867831429,45.7162597421257],[-121.368836358775,45.7162369173878],[-121.368804159925,45.7162167060268],[-121.368777274048,45.7161926146462],[-121.368743669051,45.7161763939786],[-121.368713944697,45.716153102727],[-121.3686907995,45.7161231754736],[-121.368676949145,45.7160921514461],[-121.368663361526,45.7160658305288],[-121.36864354452,45.7160343063387],[-121.368622468993,45.7160098226604],[-121.368594367076,45.7159800163101],[-121.368567950274,45.7159538982799],[-121.368540537136,45.7159265634948],[-121.368486051104,45.7159114126306],[-121.36844403995,45.7159012149022],[-121.368402946211,45.7158963587846],[-121.368353831036,45.7158884942829],[-121.368301293476,45.7158864359426],[-121.368256225126,45.7158908632067],[-121.368213064125,45.7158922258994],[-121.368170987069,45.7158931648188],[-121.368124198579,45.7158995215469],[-121.368078251529,45.7158958218929],[-121.368031278756,45.7158895315128],[-121.367991212264,45.7158728735679],[-121.367957105791,45.7158583565699],[-121.367926870316,45.715831851695],[-121.367897027607,45.7158133047024],[-121.367874007149,45.7157869677149],[-121.367847224258,45.71576068407],[-121.367847585071,45.7157251276453],[-121.36779353576,45.7157274678017],[-121.36779947543,45.7156976544527],[-121.367757831899,45.7156835346401],[-121.367743312976,45.7156560760927],[-121.367726657954,45.7156300064563],[-121.367708894416,45.7156019839863],[-121.367671584311,45.7155856353452],[-121.367619611235,45.715579999707],[-121.367573065451,45.7155794857051],[-121.367527828969,45.7155872217031],[-121.367488887643,45.7155792808138],[-121.367442946985,45.7155796952978],[-121.367401355962,45.7155897614732],[-121.367357690993,45.7155887593082],[-121.367310223254,45.7155902536189],[-121.36726521743,45.7155860558412],[-121.367223090595,45.7155803303472],[-121.367201534918,45.7156071571648],[-121.367226462912,45.7156315143604],[-121.367235087712,45.7156679283035],[-121.367256492896,45.7156920974208],[-121.367271734311,45.7157176824734],[-121.367291670924,45.7157417621847],[-121.367311799444,45.715770987739],[-121.367301392443,45.7158042232467],[-121.367255702338,45.7158033082064],[-121.36721129009,45.7158100009577],[-121.367206241835,45.7158384462835],[-121.36721428256,45.7158673874471],[-121.367230358415,45.7159008944068],[-121.367254134811,45.7159339569866],[-121.36729131756,45.7159522553336],[-121.367332175916,45.7159598528553],[-121.367351335758,45.7159851950767],[-121.367368375394,45.7160126149955],[-121.367390525587,45.7160355193103],[-121.367421938833,45.7160610654651],[-121.367448592585,45.7160857371052],[-121.367466978094,45.7161106695001],[-121.367483226431,45.7161405119293],[-121.367508152066,45.7161629329381],[-121.367531597856,45.7161917387175],[-121.367535429924,45.7162272362525],[-121.367555996021,45.7162553888097],[-121.367566685707,45.716284356104],[-121.367596433928,45.7163060638403],[-121.36761841011,45.7163330529225],[-121.367635551494,45.7163601196191],[-121.367657326508,45.7163891202155],[-121.36767206489,45.7164198573271],[-121.367706027791,45.7164480932984],[-121.367719979863,45.7164744618405],[-121.367760964865,45.7164905209447],[-121.367786088585,45.7165151058332],[-121.367808702858,45.7165421183974],[-121.367822443104,45.7165705126979],[-121.367841852601,45.7165964299575],[-121.3678680179,45.7166222700324],[-121.367892723522,45.7166493025623],[-121.367924668038,45.7166775834338],[-121.367961923327,45.7166912525437],[-121.367962029088,45.7167236284184],[-121.367974505589,45.7166943306072],[-121.368011602213,45.7167160091167],[-121.368030246396,45.7167414284611],[-121.368051360677,45.7167726571586],[-121.368072940429,45.7168024190583],[-121.368094123557,45.7168362715874],[-121.368101839127,45.716863337655],[-121.36811844679,45.7169012904153],[-121.368131102972,45.7169345773682],[-121.368155535641,45.7169570037905],[-121.368179434469,45.7169809077259],[-121.368231156728,45.7169870840771],[-121.368278300298,45.7169984416077],[-121.368315071822,45.7170228237375],[-121.368323749478,45.7170558198108],[-121.368355933781,45.7170816170419],[-121.368382538146,45.7171038665174],[-121.36839468252,45.7171346141815],[-121.368414230161,45.7171637466282],[-121.368423970979,45.7171908569036],[-121.36845270124,45.7172156479745],[-121.368486993532,45.7172342754759],[-121.368524447798,45.7172485863053],[-121.368562297142,45.7172338308272],[-121.368583689462,45.7172590112038],[-121.368613193176,45.717289988784],[-121.368655118939,45.7172844831949],[-121.368696317279,45.7172874145258],[-121.368715917047,45.71731158458],[-121.368729559466,45.7173449953601],[-121.368751999196,45.7173749854314],[-121.36875235379,45.7174073036491],[-121.368785953428,45.7174320777687],[-121.368821481993,45.7174546373062],[-121.368864575077,45.7174772832561],[-121.368919755093,45.7174848471037],[-121.368960014546,45.7174743032183],[-121.368954626921,45.7174455548868],[-121.368961858215,45.7174125835198],[-121.368994614033,45.7174283401496],[-121.369013421372,45.7174525915457],[-121.369038443233,45.7174793412111],[-121.369071889863,45.7175080545459],[-121.369097784397,45.7175373603068],[-121.369129778451,45.71755351106],[-121.369146936303,45.7175868054664],[-121.369158598771,45.7176135983807],[-121.36917965188,45.7176455928658],[-121.369203517351,45.7176706680217],[-121.369227231379,45.7176933971816],[-121.369267992996,45.7177171789049],[-121.369297598864,45.7177451523709],[-121.36932361586,45.7177665912603],[-121.369355566376,45.7177910464379],[-121.369383953087,45.7178107549719],[-121.369424412575,45.7178243010279],[-121.369446637722,45.7178481267959],[-121.369464393924,45.7178740696768],[-121.36950424908,45.7178810508381],[-121.369503442583,45.7179098772372],[-121.369447334401,45.7180342370858],[-121.369427052557,45.7180799105328],[-121.369393382615,45.7180789501227],[-121.369406878227,45.7181151300916],[-121.369380800738,45.7180900666057],[-121.36935942626,45.7180643384836],[-121.369332837453,45.7180277024594],[-121.369024125588,45.7179110781016],[-121.369034566469,45.7179376366628],[-121.369035577022,45.7179680839598],[-121.369031236922,45.7180029066885],[-121.369059238123,45.7180228807242],[-121.369024567631,45.7180030085763],[-121.369022389466,45.7180325984618],[-121.369017738897,45.7180707596823],[-121.369023569419,45.7180980678911],[-121.368993364975,45.7180790047778],[-121.368953961871,45.7180869092441],[-121.368904232806,45.7180711064441],[-121.368888657227,45.7181059649409],[-121.368848747437,45.718111674922],[-121.368810024228,45.7181012947647],[-121.368822635744,45.7181351678533],[-121.368814695169,45.7181332542791],[-121.36914162748,45.7183724081673],[-121.369303817278,45.7184799998684],[-121.369532228113,45.718506947292],[-121.369979473172,45.7186317669232],[-121.370306306179,45.7187627615059],[-121.370642879411,45.7189465321162],[-121.371027514469,45.7191573066343],[-121.371268581695,45.7192660204139],[-121.371535941276,45.7193751085377],[-121.371945345675,45.7196388710972],[-121.372205512681,45.7198662913324],[-121.372348035721,45.7199686974226],[-121.372513298616,45.7200971212398],[-121.372518663203,45.7201012903746],[-121.372654236105,45.7202066420444],[-121.372950468676,45.7203549607608],[-121.373354662062,45.7206117232144],[-121.373562656713,45.720714746015],[-121.373701660417,45.7208056979792],[-121.374116775555,45.7210889857724],[-121.375314215446,45.7215813271588],[-121.375316053358,45.7215824244049],[-121.375495330724,45.721655793155],[-121.376181856835,45.7219380547053],[-121.376826982669,45.7222441962567],[-121.37750287944,45.722416400852],[-121.377850532536,45.7226766186351],[-121.378382250263,45.7229743891492],[-121.378459133548,45.7230193157746],[-121.378736589604,45.7229638827819],[-121.378792902246,45.7230895016214],[-121.378795076356,45.7230895981859],[-121.379019888444,45.7232441546387],[-121.37904539974,45.7232323799076],[-121.379342598423,45.7232686240372],[-121.379347479774,45.7232707787982],[-121.379387559088,45.7232226842642],[-121.379473870125,45.7231824058294],[-121.379577442739,45.7231478816455],[-121.379698277629,45.7231248650311],[-121.379784588886,45.723165144141],[-121.379836376088,45.7231881603707],[-121.379974474258,45.7231939138844],[-121.380152850604,45.7231708983137],[-121.38015294463,45.7231709797548],[-121.380209495662,45.7231558996899],[-121.380745225356,45.723221232625],[-121.381300555146,45.7234825637922],[-121.381405088012,45.7236458960427],[-121.38172305263,45.7235813817899],[-121.381746598627,45.7235900762889],[-121.381992636832,45.7236809260187],[-121.382117216328,45.7237961619142],[-121.382282537572,45.7238653664075],[-121.382284844982,45.7238652982774],[-121.382358498564,45.7238542514351],[-121.382491071446,45.7238505681504],[-121.382597866395,45.7238689813605],[-121.382645739501,45.7238800291397],[-121.382748852787,45.7238984422822],[-121.38289984053,45.7239389497876],[-121.382977174747,45.723953680934],[-121.383050826779,45.7239757757171],[-121.383157621726,45.7239905070482],[-121.383293877823,45.724008919892],[-121.383360165608,45.7240346978059],[-121.383385942688,45.7240641588412],[-121.383437500379,45.7241193977887],[-121.383481691185,45.7241562237901],[-121.383592169291,45.7242225107003],[-121.383598854294,45.7242291948371],[-121.383835471485,45.7242861594116],[-121.384253602695,45.7244298907756],[-121.384691333106,45.7244037579954],[-121.384906931508,45.7245605568392],[-121.385083329897,45.7244952240306],[-121.385253196414,45.7243841579153],[-121.385573327499,45.7243645580959],[-121.385710525976,45.7244037580728],[-121.38588039214,45.7245997573745],[-121.386102524606,45.7246454900937],[-121.386265856536,45.7247500232983],[-121.386360431866,45.7247284054108],[-121.386463464209,45.7247454414183],[-121.386537937216,45.7247569605262],[-121.3865386,45.7247578645746],[-121.386698967746,45.7249765465672],[-121.386711332278,45.7249811271293],[-121.386784984554,45.7249811268768],[-121.386880731749,45.7249737608786],[-121.386951959502,45.7249481197157],[-121.387338696525,45.7252687215477],[-121.388082741879,45.7253998895884],[-121.388258510247,45.7254752184069],[-121.38890530563,45.7257757488827],[-121.389421434985,45.7260370806309],[-121.389806900385,45.7263376120784],[-121.390061026169,45.7264760199231],[-121.390169955695,45.7264888350845],[-121.390304817569,45.7264888347352],[-121.390393581051,45.7265134914521],[-121.390397460779,45.7265145695225],[-121.391706022527,45.7276255509055],[-121.39173398499,45.7276492901554],[-121.391735603426,45.7276506639723],[-121.391738296961,45.7276655794206],[-121.391743332533,45.7276934629819],[-121.391743332111,45.7277463979393],[-121.391743332898,45.7278464353179],[-121.391779295647,45.7281161574063],[-121.391869203754,45.7282689986326],[-121.392004063987,45.7283678968002],[-121.392111953,45.7284847759971],[-121.392291768338,45.7286735816585],[-121.392327731054,45.7287185349778],[-121.392417637958,45.728844404664],[-121.392471581524,45.7289073399909],[-121.392570479578,45.7290781639675],[-121.392633415445,45.7291860527377],[-121.39270534056,45.7293299048823],[-121.392705065448,45.7293354176372],[-121.392982078792,45.7297283899975],[-121.393217276879,45.7301530541239],[-121.39345247566,45.7307475828074],[-121.393460423473,45.7307652453626],[-121.393530476483,45.7308078847917],[-121.39363997719,45.7308775675693],[-121.393858978375,45.7309870688634],[-121.394028208972,45.7311164792351],[-121.394107846203,45.7313354817108],[-121.39410784542,45.7315445292638],[-121.394207392115,45.7318431693996],[-121.394366666506,45.7319924886847],[-121.394675261041,45.7321318542767],[-121.394914172595,45.7322114912829],[-121.395123220537,45.7322314006719],[-121.395262585754,45.7323906747345],[-121.395272540311,45.7326295874302],[-121.395232721641,45.7327589967328],[-121.395133175598,45.7329182723626],[-121.395083402137,45.7330775460829],[-121.395083402129,45.7332766386425],[-121.395083401404,45.733525505898],[-121.395113265789,45.7336449617758],[-121.395123220851,45.7338639636595],[-121.395123221004,45.7340730120375],[-121.395083401582,45.7342621499959],[-121.394983855047,45.7344313785927],[-121.394834536485,45.7345010621312],[-121.39476523262,45.7345097254076],[-121.394762042098,45.7345304581336],[-121.394765011261,45.7345898388686],[-121.394770949241,45.7346224990958],[-121.394762042148,45.7346937578661],[-121.394720474465,45.7347234480503],[-121.394634370651,45.7347293873079],[-121.394586865723,45.7347323559811],[-121.394521545932,45.7347650155674],[-121.394474039721,45.7348095519028],[-121.39443247306,45.7348392428962],[-121.394370121771,45.7348897181005],[-121.394298863978,45.7349164390358],[-121.394239482015,45.7349223782991],[-121.3941563473,45.7349253472512],[-121.394120717992,45.7349223783095],[-121.394046491174,45.7349075319233],[-121.393960386469,45.7348808101748],[-121.393903975021,45.73484815038],[-121.393865376138,45.7348125214219],[-121.393841623926,45.7347798608785],[-121.393838232435,45.734775853715],[-121.393729787378,45.7347904213812],[-121.393725829395,45.7348036140739],[-121.393696138281,45.734851118866],[-121.393624880485,45.7348867493227],[-121.393568466701,45.7349253472609],[-121.393517993367,45.7349550377702],[-121.39347048687,45.7349817592006],[-121.393381415597,45.7350144189045],[-121.393342815427,45.7350381719612],[-121.393294527985,45.7350762954114],[-121.393325129606,45.7351482988173],[-121.393183288771,45.735414959158],[-121.393182485477,45.7354211854466],[-121.393173578114,45.7354538448385],[-121.393117164376,45.7354954119315],[-121.393016215989,45.7355013499566],[-121.392953864605,45.735492443078],[-121.392921760458,45.7354672183538],[-121.392840282555,45.735481266302],[-121.392256128421,45.7355630469045],[-121.39214513939,45.7358434407425],[-121.392004942449,45.7360186867119],[-121.391625244604,45.7360771019726],[-121.391163763016,45.7360829440325],[-121.390912576546,45.7361588833068],[-121.390719806386,45.7364918506106],[-121.39067307564,45.7365093748338],[-121.390456822354,45.7365976413931],[-121.39055257687,45.7368210649627],[-121.390529720323,45.7369368691425],[-121.390801587775,45.7369883806498],[-121.390918418458,45.7372746153017],[-121.391046932391,45.7375258012776],[-121.390982676234,45.7377594618133],[-121.39075438895,45.7377618164415],[-121.390755870146,45.737798351943],[-121.390347898476,45.7383329351009],[-121.390550401468,45.7384370796179],[-121.390518487541,45.7387732489472],[-121.390644981428,45.7388887443187],[-121.390743023652,45.7389980358632],[-121.391198812131,45.738781729561],[-121.391730390366,45.7387700471836],[-121.392297019853,45.7390504398422],[-121.392635827397,45.7393308336919],[-121.392746816377,45.7395937025681],[-121.393050577196,45.7399091454395],[-121.393325129208,45.7400376593764],[-121.393278397365,45.7402129046081],[-121.393570473006,45.7403647840031],[-121.393319287168,45.7406743849988],[-121.393681461393,45.7408028992037],[-121.393909282317,45.7409781448635],[-121.3940261117,45.741235171987],[-121.393576313598,45.7415915062128],[-121.39335433629,45.7415272486607],[-121.393114834361,45.7412702206586],[-121.392898696683,45.7413286367218],[-121.392355435246,45.7414279426184],[-121.392226921457,45.7416382377018],[-121.39205751693,45.7417083359851],[-121.391777124202,45.7416557624048],[-121.391601877873,45.7418718992063],[-121.391490889056,45.7421289259549],[-121.391403265586,45.7425962487183],[-121.3913156426,45.7424210032843],[-121.391181287847,45.7423859528257],[-121.39092425979,45.7422983311397],[-121.390719806635,45.7420763523907],[-121.39081911266,45.7418076416265],[-121.390754855954,45.7412468552601],[-121.390632184247,45.7410540849808],[-121.390335785201,45.7409642672679],[-121.390164471569,45.7411064901937],[-121.389120282435,45.7412081364024],[-121.388490729681,45.741197645086],[-121.388087611794,45.7411909255809],[-121.388011408953,45.7411896548777],[-121.387983848191,45.7411730428068],[-121.387943419358,45.7411486749136],[-121.387918779446,45.741168182123],[-121.387644380056,45.7413119139199],[-121.387415714377,45.7413249810421],[-121.386971450897,45.7411355149724],[-121.386762386255,45.7410440490776],[-121.386344255391,45.7409460498598],[-121.385945724989,45.7408545843612],[-121.385775859091,45.7407696507075],[-121.385521061305,45.7406847179916],[-121.385429595091,45.7406455189955],[-121.385181329596,45.740586719092],[-121.385050663779,45.7405213861137],[-121.384952664529,45.7404560531279],[-121.384737065712,45.7403384543821],[-121.384430000824,45.7401685880028],[-121.384318934618,45.7400640563934],[-121.384201336094,45.7399399229396],[-121.38395307119,45.7399595231156],[-121.383874121049,45.739926340592],[-121.38383215456,45.7399510715865],[-121.383659082374,45.7400530603324],[-121.383200540517,45.7399516352624],[-121.381653870184,45.7396095109968],[-121.381526739772,45.7394765512087],[-121.381315507115,45.7392556322335],[-121.381198740201,45.7392486588528],[-121.381024798304,45.7392513348683],[-121.380872264362,45.7391790823135],[-121.380917756929,45.7390961246101],[-121.381011417901,45.7390773928976],[-121.381080467298,45.7390098112292],[-121.380725735427,45.7386388031904],[-121.380462082626,45.7386006433216],[-121.380466276177,45.7385209687827],[-121.380342408948,45.7385261296021],[-121.380334380501,45.7384190884047],[-121.380336816743,45.738308221718],[-121.38010162238,45.7381200675913],[-121.379975791787,45.7381300759275],[-121.37986607454,45.7380176833341],[-121.379880910081,45.7379434981553],[-121.379722580912,45.7378168327321],[-121.37978246335,45.737699287707],[-121.37971353941,45.7376136012491],[-121.379724244511,45.7375520531905],[-121.379865559182,45.7375361747831],[-121.37997207917,45.7373270810564],[-121.380439206785,45.7372515159011],[-121.380403958012,45.737147970796],[-121.380484238832,45.7370890977258],[-121.380670087138,45.7371251851713],[-121.380726522275,45.737043953296],[-121.380537759419,45.7369847329421],[-121.380553815801,45.7369098044017],[-121.38064747715,45.7368348752891],[-121.380824440446,45.7369030100558],[-121.38093004842,45.7367509993744],[-121.380650389622,45.7366303308816],[-121.380174647587,45.736425052654],[-121.379672583505,45.7369271169268],[-121.378807109528,45.7367913555522],[-121.37869687525,45.7368927723408],[-121.378318010274,45.736855810077],[-121.378108522037,45.7366817736479],[-121.377479421365,45.7365830907679],[-121.377375245792,45.7363975282498],[-121.376395648564,45.7362716538031],[-121.374879548108,45.735760955716],[-121.374575561391,45.7361165608406],[-121.373882518522,45.7361442832268],[-121.373466689769,45.7362366887967],[-121.373205815829,45.7357722057096],[-121.373086566665,45.735741096991],[-121.373079090003,45.7355541679264],[-121.373116560806,45.7355197774258],[-121.373239724825,45.7353382742464],[-121.37316173307,45.7352155349529],[-121.369969208597,45.7349591060839],[-121.36948398757,45.735331109349],[-121.369367871462,45.7353087785929],[-121.369067044131,45.7352509276551],[-121.369046861817,45.7352586898425],[-121.368953199867,45.7352586899622],[-121.368883622801,45.7351436196107],[-121.368870243373,45.7351061560195],[-121.368902532627,45.7350143862749],[-121.368837143677,45.734869078825],[-121.368791421593,45.7348429516665],[-121.368578408096,45.7347212286898],[-121.3682549871,45.7348690788313],[-121.368097078901,45.7348116575772],[-121.367960975957,45.735015812726],[-121.367816209293,45.7349779207858],[-121.367648651495,45.7349340639231],[-121.367580394346,45.7350205227307],[-121.367578437927,45.7350210564237],[-121.367544380687,45.7350708322509],[-121.367529536024,45.7351183381137],[-121.367470153712,45.7351599050267],[-121.367422648619,45.7351509983714],[-121.367374895765,45.7351341440022],[-121.367374351789,45.7351350354122],[-121.367358059618,45.7351252607377],[-121.367309186406,45.7351122282908],[-121.367274975639,45.7351105988724],[-121.367234246615,45.7351024532597],[-121.367209809536,45.7350991948643],[-121.367187002372,45.7350666115823],[-121.36719026092,45.7350405457887],[-121.367195147997,45.7350144798723],[-121.367198406538,45.7349884140781],[-121.367196651756,45.7349778858983],[-121.367015749765,45.7348224958976],[-121.366860539573,45.7347101027881],[-121.36698631368,45.734552215973],[-121.366962229861,45.7343970056603],[-121.367077299553,45.7343060211595],[-121.367206143943,45.7342532566573],[-121.366969984547,45.734120038736],[-121.366758007675,45.734000461267],[-121.366577897477,45.7339204127199],[-121.366561725359,45.7339292813163],[-121.366536270554,45.7339776461246],[-121.366561725222,45.734041284348],[-121.366574452761,45.734094738814],[-121.366554089647,45.7341787406133],[-121.366505724421,45.7342627415925],[-121.366447177445,45.734300924803],[-121.366347902582,45.7343416532837],[-121.366309719964,45.7343569261779],[-121.366240991549,45.7343721987001],[-121.366194329392,45.7343999046614],[-121.366158557714,45.7345946638134],[-121.366097599276,45.7347280098774],[-121.366123898819,45.7347718430973],[-121.366139171426,45.7348176616836],[-121.366154445315,45.734863481186],[-121.366164626474,45.7349398460424],[-121.366128989569,45.7349983926869],[-121.366075534207,45.7350263929626],[-121.365999169407,45.7350034842932],[-121.365963531842,45.7349678468493],[-121.365915800197,45.7349262740292],[-121.365884844119,45.7349472441939],[-121.365689998188,45.7350214713884],[-121.365620409401,45.7350261102191],[-121.365536904529,45.7349982746178],[-121.365388448863,45.7349426050302],[-121.365353227408,45.7349217923549],[-121.365344975079,45.7349220279888],[-121.365271154451,45.7349118455448],[-121.365189698922,45.7349016635895],[-121.365141333989,45.7348736627685],[-121.36511078827,45.7348252987225],[-121.365031878477,45.7347947517571],[-121.364978421362,45.7347820253331],[-121.364924967385,45.7347743880116],[-121.364881692702,45.7347743877942],[-121.364858784218,45.7347616611773],[-121.364825692329,45.7347107511665],[-121.364812965238,45.7346725682648],[-121.3647875101,45.7346547502965],[-121.364780452409,45.7346508292961],[-121.364738960465,45.7347292006774],[-121.3647238214,45.7348048953384],[-121.364939085984,45.7352065455641],[-121.364890581364,45.7352889543014],[-121.364961333504,45.7353380883614],[-121.36505773558,45.7354050340759],[-121.365036068642,45.7354596732468],[-121.365105061358,45.7354567166006],[-121.365308363997,45.7355460813193],[-121.36530865503,45.7355458865655],[-121.365359130106,45.7355429176746],[-121.365430388524,45.7355518248767],[-121.365501646214,45.7355577626427],[-121.365546182439,45.7355577626748],[-121.365621476908,45.7355668904261],[-121.365672380264,45.735558406402],[-121.365808857786,45.7355262926461],[-121.365921526412,45.7356543791203],[-121.366003785034,45.7356989345931],[-121.366055053859,45.735593194218],[-121.366325332402,45.7355396743657],[-121.366499276566,45.7356520669773],[-121.366556653381,45.7356694391748],[-121.366775845979,45.7355466912063],[-121.366806696379,45.735568049399],[-121.366914061211,45.7355102373631],[-121.367096031657,45.7356012218821],[-121.367097088014,45.7356231855614],[-121.367107924394,45.7356290209129],[-121.36715543063,45.7356587115821],[-121.367199966009,45.7356824651054],[-121.367262316526,45.7356794959141],[-121.367327637089,45.735697309805],[-121.367348421319,45.7357418469746],[-121.367366235165,45.7358041975732],[-121.367366234804,45.7358784248923],[-121.36737217364,45.7359378073889],[-121.367387019237,45.7359853118555],[-121.367391037204,45.7360214744007],[-121.367437575362,45.7360813075661],[-121.367434803859,45.7360862112212],[-121.367441100053,45.7360864596261],[-121.367690111603,45.7360962893023],[-121.367799983686,45.7361878489926],[-121.36781011463,45.736190550901],[-121.367870424055,45.7362183864271],[-121.367986404,45.7362230246836],[-121.368065270395,45.7362230245889],[-121.368111663284,45.7362508600761],[-121.36814413742,45.7362972526674],[-121.368158055217,45.7363622009256],[-121.368144137631,45.7364410682662],[-121.368055992821,45.7365338516343],[-121.367995682737,45.7365941624292],[-121.367944652184,45.7366173575611],[-121.367828671206,45.7366173582866],[-121.367763723272,45.7365988011399],[-121.367657021497,45.7365988010769],[-121.367624545372,45.736594162367],[-121.367559597573,45.7365988011982],[-121.367476091975,45.7366173582986],[-121.367420420434,45.7366730276403],[-121.367503926682,45.7367379768806],[-121.367605989369,45.7367704506625],[-121.367633825158,45.7368029256985],[-121.367684855995,45.7369049883427],[-121.367647741747,45.7369792163134],[-121.367499287921,45.7371091128444],[-121.367392586324,45.7371787017081],[-121.367295163541,45.7372297328386],[-121.367211657101,45.7372668458842],[-121.367155986871,45.7372854028071],[-121.367058563159,45.7373039595565],[-121.366900829995,45.7373410742008],[-121.366784849496,45.7373503519496],[-121.366719900713,45.7373364350375],[-121.366654952978,45.7373085991895],[-121.366636395514,45.7372390110791],[-121.366631756911,45.7371972582121],[-121.366613200119,45.7371369490824],[-121.366576086181,45.7370951962556],[-121.366548251473,45.7370719999546],[-121.366515775797,45.7370766390125],[-121.366455467082,45.7371230309951],[-121.366422991572,45.7372111763142],[-121.366413713916,45.737276125173],[-121.36636732199,45.7373549913877],[-121.3662745386,45.7374013832556],[-121.366228145704,45.7374060229925],[-121.366167835856,45.7373781865985],[-121.366116805068,45.7373689094428],[-121.366033299459,45.737415300614],[-121.36590340044,45.7374848892731],[-121.365833812546,45.7375034462605],[-121.365773504233,45.7375034457077],[-121.365676080013,45.7375034460187],[-121.365592575363,45.7374895275886],[-121.365555461574,45.7374802503995],[-121.365509068957,45.7374524147828],[-121.365453398382,45.7374106615776],[-121.365430202122,45.7373549906096],[-121.365430202465,45.7373177621996],[-121.365420833588,45.7373165606268],[-121.365181175538,45.7373436922564],[-121.365165768052,45.7373549910231],[-121.365142572607,45.7374524145614],[-121.365124014649,45.737498806647],[-121.365156489001,45.7375776733478],[-121.365258552221,45.737619426407],[-121.365351336257,45.7376890140193],[-121.365360614617,45.7377678808303],[-121.365383810046,45.7379024181361],[-121.365355974847,45.7379952019794],[-121.365267829387,45.7380601507425],[-121.365137931839,45.7381158214339],[-121.365077622522,45.7381714907486],[-121.36502659103,45.7382410803325],[-121.365008035444,45.7383245847258],[-121.365008034529,45.7383848948972],[-121.36500803514,45.7384684011758],[-121.364989478592,45.7385472674123],[-121.364970921526,45.7386307726744],[-121.364975560491,45.7386957216902],[-121.364966282131,45.7388117016134],[-121.364905972048,45.7388905678053],[-121.364859579887,45.7388998469333],[-121.364785352391,45.7388534551515],[-121.364725043531,45.7387838666841],[-121.364706486068,45.7387328353233],[-121.364664733338,45.7386678859945],[-121.364622980485,45.7386168546594],[-121.364555995519,45.7386197677555],[-121.364547882474,45.7386359917324],[-121.364482645609,45.7387447230812],[-121.364475395486,45.7388534548205],[-121.364431903485,45.7389549367801],[-121.36433766905,45.7390854147061],[-121.36424343539,45.7391651511868],[-121.364112958312,45.739266633918],[-121.364040470285,45.7393028781422],[-121.363830255899,45.7393608677002],[-121.363685280592,45.7393753650966],[-121.363576550491,45.739317374812],[-121.363518560461,45.7392521357389],[-121.363446072371,45.739194146115],[-121.363373585203,45.739157903405],[-121.363301096666,45.7390781658338],[-121.36327210244,45.7390056787867],[-121.363206863004,45.7389331908002],[-121.363090882792,45.7388244600855],[-121.362996649064,45.7387737183494],[-121.362808180786,45.7386722364305],[-121.362757440453,45.7386432410804],[-121.362634210744,45.7385924992584],[-121.362576220774,45.7385635043148],[-121.362402251631,45.738498266267],[-121.362308017152,45.7384112802313],[-121.362293520052,45.7384040319122],[-121.362184788094,45.7383460420643],[-121.362126797447,45.7383242952646],[-121.361967325385,45.7382735541746],[-121.361822350243,45.7381938184215],[-121.361771609503,45.7381575742408],[-121.361691873326,45.7380560909424],[-121.36164113126,45.7379836038641],[-121.361532399668,45.7379618571152],[-121.361510654352,45.7379546091338],[-121.361409171252,45.7379111157822],[-121.361322186354,45.7378241312121],[-121.361300439881,45.7377806376527],[-121.36116996236,45.7377298973702],[-121.361068478722,45.7376574101686],[-121.360995992608,45.7376066682837],[-121.360945250617,45.7375269316065],[-121.360951521191,45.737520153938],[-121.360930173298,45.7374988072162],[-121.360879142022,45.7374524154068],[-121.360809553585,45.7374060227907],[-121.360763161845,45.7373503519267],[-121.360726047697,45.7372900419405],[-121.360642541392,45.7371926189745],[-121.360572954271,45.7371415880924],[-121.360526561813,45.7371137531502],[-121.36041058139,45.7370627214256],[-121.360322437134,45.737034885631],[-121.36022965356,45.7369884936189],[-121.360146146778,45.7369281843864],[-121.360016249901,45.7368446790134],[-121.359942022437,45.736765811692],[-121.359812124724,45.736710142105],[-121.359770372561,45.736659110785],[-121.359719340801,45.7366173583817],[-121.359640474072,45.7365570479012],[-121.359589443575,45.7364967384013],[-121.359547689776,45.7364689030693],[-121.35946418356,45.7364132332791],[-121.359352842871,45.7363250881921],[-121.359329646447,45.7362833348855],[-121.359278616415,45.7361534369621],[-121.35925078122,45.73606065328],[-121.359199750563,45.73598642558],[-121.359120883619,45.7359214765911],[-121.359079129921,45.7358147747151],[-121.359111605148,45.7357173515745],[-121.359185832645,45.7356570419644],[-121.359227585625,45.7355642578905],[-121.359211312656,45.735531713771],[-121.359158909438,45.7355155893388],[-121.359078628606,45.7354326317992],[-121.359033640792,45.7353230985724],[-121.358958933521,45.7352664252024],[-121.358643636313,45.7352026566611],[-121.358634774621,45.7357742887198],[-121.358599290199,45.7366850430823],[-121.358250363419,45.7374302061384],[-121.358044154473,45.7376394929181],[-121.358044114206,45.7376412610064],[-121.358432220557,45.7380478479451],[-121.358903491382,45.7384267132009],[-121.359036352374,45.7385633710087],[-121.359250087261,45.7385824169977],[-121.359306165987,45.7387170057361],[-121.359395892354,45.7388142093664],[-121.359376776217,45.7389421365782],[-121.359605776421,45.7392214059515],[-121.359485648642,45.7400807818356],[-121.359282356634,45.739997616655],[-121.358829565763,45.7396002698288],[-121.358487663587,45.7391844429339],[-121.3578408213,45.7390550748453],[-121.357360309078,45.7396649550085],[-121.357332586453,45.7401454661793],[-121.357868542208,45.740284076427],[-121.358176928791,45.740556879664],[-121.358270580046,45.7405489089757],[-121.358450032071,45.7405713412632],[-121.358423861448,45.7406722822718],[-121.358368558445,45.7408586753487],[-121.358432220651,45.7413467457321],[-121.357748414386,45.7415685197515],[-121.357147775527,45.7416239639671],[-121.356713466781,45.7416609260136],[-121.356815113108,45.7409956021208],[-121.356399286682,45.740644458562],[-121.356038901489,45.7408847154379],[-121.355761684573,45.7419196630779],[-121.355604592519,45.7421414380468],[-121.354726735398,45.7420859941428],[-121.354394073457,45.7424833398916],[-121.353996727554,45.7426773928895],[-121.35349773442,45.7427328370771],[-121.352906335491,45.7425387843795],[-121.352268732758,45.7424556185632],[-121.351714297369,45.742049032104],[-121.35171120514,45.742011930105],[-121.351514330563,45.7420667735627],[-121.351443361637,45.7415936549953],[-121.351496587693,45.741221072615],[-121.351939668803,45.7410311813998],[-121.352019236966,45.7408569929358],[-121.352051839573,45.7407973529622],[-121.35195770868,45.7406714033379],[-121.352162606484,45.7405947316904],[-121.352398102522,45.7401639477816],[-121.352409946946,45.7400603010583],[-121.352093664976,45.7397387907171],[-121.35224884736,45.7395344032804],[-121.352635832131,45.7395038521683],[-121.353035704128,45.7388333002126],[-121.353765711894,45.7378537951169],[-121.354865345631,45.7371607501856],[-121.35498702578,45.7366779490214],[-121.354662050365,45.7361904860083],[-121.354850474568,45.7359078523038],[-121.354625089076,45.7358208610118],[-121.355475224086,45.7348321163853],[-121.355635014541,45.7343460853866],[-121.355615903382,45.7343225619485],[-121.355592039,45.7342509694158],[-121.35559999338,45.7341396038359],[-121.355629510599,45.734073191123],[-121.355390850656,45.7337748663315],[-121.354601724392,45.7345404373686],[-121.353483641616,45.7350779763451],[-121.353204119959,45.7364110756839],[-121.352699317194,45.7374699339999],[-121.352786208922,45.7375950577158],[-121.352779953594,45.7376167108624],[-121.352880934376,45.737732765906],[-121.352816591357,45.7379257982727],[-121.352695582977,45.7379087553248],[-121.352666080272,45.7380108864254],[-121.352451089182,45.7379906038716],[-121.352322553777,45.7382602136426],[-121.351651327482,45.73816727398],[-121.35169581546,45.7384913966215],[-121.3518159436,45.7389811498283],[-121.351780535382,45.7390732108282],[-121.351858996416,45.7391975429999],[-121.351809793615,45.7394057148233],[-121.351662179386,45.739401930357],[-121.351655885929,45.7393972986087],[-121.35163113122,45.7394616610714],[-121.350882641466,45.7391936838915],[-121.350715075381,45.7391310578173],[-121.350623926495,45.7395933123643],[-121.350608633436,45.7395960654119],[-121.350679349358,45.7397296393256],[-121.350402130124,45.7402286322495],[-121.349952593641,45.7403719618953],[-121.34984767188,45.740264542194],[-121.34977561667,45.7403162326691],[-121.34930841185,45.7403398893758],[-121.349006797387,45.7400382754071],[-121.348937967404,45.7398442996296],[-121.348864286564,45.7399100469616],[-121.348473767336,45.7399803413361],[-121.347613704472,45.7392707877902],[-121.347270650431,45.7389632195797],[-121.34721034263,45.7392483111291],[-121.34735088096,45.7393818218182],[-121.347546043324,45.7398371999507],[-121.347309482865,45.7400974149358],[-121.347622925435,45.7404759106217],[-121.347859483794,45.7410909661307],[-121.348122465439,45.7415104827139],[-121.348293060672,45.7415180990969],[-121.348314595099,45.7417047279925],[-121.348465730555,45.7418636990623],[-121.34905557455,45.7417573338234],[-121.349120932257,45.7416664446412],[-121.349319525322,45.7415898786983],[-121.34951333297,45.7416114127824],[-121.34962818147,45.7417765086971],[-121.349384179119,45.7418360689476],[-121.349160561751,45.7420963442097],[-121.34873475538,45.7425339786681],[-121.349042281848,45.7426226890101],[-121.349373465563,45.7427587112957],[-121.349367551758,45.7432081738584],[-121.350029918814,45.7435452709301],[-121.350130456593,45.7441721538762],[-121.349893896932,45.744390971981],[-121.349261099855,45.7442076380571],[-121.348628303456,45.7436872073857],[-121.348237980589,45.7430603236805],[-121.347463247381,45.7428001094194],[-121.34690141814,45.7426995707348],[-121.346593890951,45.742906560243],[-121.346528836425,45.7433796803687],[-121.346463782868,45.7436812929812],[-121.346227222105,45.7439296811662],[-121.346380987575,45.7442608638231],[-121.347043353783,45.7446511866303],[-121.347362710266,45.7449350587718],[-121.347906794522,45.7447635526893],[-121.348616475109,45.7449764573284],[-121.349030453998,45.7452839842266],[-121.349414863525,45.745177532428],[-121.349651423285,45.7453490376766],[-121.349367551707,45.7454377479873],[-121.349065938629,45.7456802217326],[-121.349125077492,45.7458339854433],[-121.349680993094,45.7460587166529],[-121.349361638214,45.746366244003],[-121.348799809491,45.746579148251],[-121.348646045305,45.7467565676805],[-121.348350345725,45.7466974276984],[-121.347445504641,45.7470049546407],[-121.347504644527,45.7474780742827],[-121.348338517885,45.7474130212761],[-121.349130991674,45.7472592573463],[-121.34936755317,45.7475135582431],[-121.349042282443,45.7477619455577],[-121.349012712361,45.748110871213],[-121.348969272222,45.7481451665654],[-121.348909893074,45.7481920450959],[-121.34894247339,45.7482583697509],[-121.348810099652,45.7482708297006],[-121.348731161361,45.7483331498536],[-121.348563248788,45.748465711444],[-121.348338518273,45.7487673239821],[-121.347368622404,45.7489979703905],[-121.346700342905,45.7491576466295],[-121.346250878861,45.7494001211912],[-121.345653566191,45.7499323803716],[-121.345334210985,45.7499087241209],[-121.345683135306,45.7492522708557],[-121.345807330554,45.7487377537222],[-121.345878297828,45.7479097963532],[-121.345233673631,45.7483415166333],[-121.344807865984,45.7487081842544],[-121.344399801483,45.7490452822793],[-121.343684207448,45.7492995829064],[-121.344133670159,45.7486194743964],[-121.344039047486,45.7476140962282],[-121.343849798371,45.74682753606],[-121.343719691396,45.7464194695865],[-121.343228831081,45.7460350608923],[-121.34321108857,45.7452603280462],[-121.343260592687,45.7451217157685],[-121.343128869431,45.7449795918224],[-121.343300516684,45.7446853390948],[-121.34300681501,45.7444242704304],[-121.340776195573,45.7454417452976],[-121.340151268472,45.7451550807539],[-121.34025409345,45.7453667796666],[-121.340790788167,45.7462484910579],[-121.341136907036,45.746323144259],[-121.341003873417,45.7467045083721],[-121.341123449632,45.7469753854316],[-121.341102092996,45.7469893127913],[-121.341230371596,45.7471175916214],[-121.341154431968,45.7472811546228],[-121.340861192294,45.7471464230273],[-121.340579363209,45.7473302250981],[-121.340922375422,45.7477087200813],[-121.341206246519,45.7480221611852],[-121.341697107569,45.7480990432765],[-121.342329903474,45.7485071086591],[-121.342477753962,45.7487436684168],[-121.342312162669,45.7493232386813],[-121.342347646192,45.7497845297631],[-121.342187969159,45.7502339939258],[-121.34183904298,45.7500624875538],[-121.34075086847,45.7498259284087],[-121.340230438438,45.7497490455605],[-121.339822371522,45.7496011972972],[-121.33950893085,45.7494829174264],[-121.339118608257,45.7494415191444],[-121.338686886335,45.7493291533758],[-121.338314304653,45.7492581852028],[-121.338438498472,45.7489683998924]]],[[[-121.298072381048,45.715855134094],[-121.297618263917,45.7157853873149],[-121.297356803211,45.7158319571117],[-121.297199392808,45.7159828461171],[-121.296887807802,45.7159703886066],[-121.296669034108,45.7160784321325],[-121.296309404724,45.7162675641104],[-121.29609596721,45.7163327617953],[-121.296037135417,45.7164491386933],[-121.296489527052,45.7166006678838],[-121.296559831209,45.7165793258091],[-121.297289799364,45.7167339462391],[-121.298002010011,45.71690041348],[-121.298509421111,45.7170818201591],[-121.298881099833,45.7171623103759],[-121.29891546018,45.7170957610151],[-121.299120894088,45.7167921260037],[-121.299539765869,45.7167287914057],[-121.299817235409,45.7166933981914],[-121.29979322265,45.7165145702599],[-121.29962514083,45.7163711340422],[-121.299115557465,45.7162444631527],[-121.298787397648,45.7161755390575],[-121.298573960241,45.7159445491552],[-121.298072381048,45.715855134094]]],[[[-121.318466853557,45.7274108364125],[-121.318517221111,45.7274034528207],[-121.318557326333,45.7274051989311],[-121.318589236987,45.7273867011534],[-121.318639661981,45.7273841257175],[-121.318686836417,45.7273763377125],[-121.318726881013,45.7273662278258],[-121.318768216614,45.727368128786],[-121.318796168831,45.7273880063978],[-121.318829804503,45.7273709938844],[-121.318862321608,45.7273539964006],[-121.318904286974,45.7273522126238],[-121.318957471561,45.7273431565334],[-121.319001564711,45.7273411304102],[-121.319043068143,45.7273229591018],[-121.319089154775,45.7273100028238],[-121.319131441049,45.7272982066185],[-121.319181250118,45.7272854860003],[-121.31921940597,45.7272720574289],[-121.319242931875,45.7272470922713],[-121.319261822754,45.7272170526212],[-121.319275025381,45.7271846601474],[-121.319287968219,45.727154672482],[-121.319314997045,45.7271228641872],[-121.319332052078,45.7270925859911],[-121.319345483786,45.7270564102134],[-121.319359175389,45.7270281500226],[-121.319374664632,45.7269925301665],[-121.319387099427,45.7269640093562],[-121.319404714775,45.7269337285918],[-121.31942459199,45.7269040472593],[-121.319442246553,45.7268725006435],[-121.319454835559,45.7268427354737],[-121.319465914234,45.7268101083062],[-121.319480867691,45.726782492226],[-121.319494485365,45.726752750287],[-121.319510699135,45.7267191914691],[-121.319531058824,45.7266872165932],[-121.319550859851,45.7266544999233],[-121.319572220622,45.7266283525301],[-121.319582256947,45.726599452577],[-121.319643186666,45.7265897414391],[-121.319695213555,45.7265917912485],[-121.319750560017,45.7265902832186],[-121.319803228181,45.7265878338764],[-121.319846365267,45.7265912694928],[-121.319897311854,45.7265973312087],[-121.319941913278,45.7265977487345],[-121.319994071675,45.7265997850406],[-121.320042742167,45.7266037934183],[-121.320095656655,45.7266055158672],[-121.320146783851,45.7266056836579],[-121.320199335309,45.7266058408687],[-121.320247785947,45.7266023085968],[-121.320298715556,45.7266025940253],[-121.320350074329,45.726600910051],[-121.320406201054,45.726599824517],[-121.320453114882,45.7265979131182],[-121.320502148616,45.7265949923708],[-121.320545771985,45.7265984987794],[-121.320606229562,45.7265944579345],[-121.320648030937,45.7265917359153],[-121.320678761452,45.7265684524396],[-121.320689277069,45.7265388492673],[-121.320690583946,45.726509567948],[-121.320682444475,45.7264774312816],[-121.320683893316,45.7264427704288],[-121.320686346706,45.7264055942003],[-121.320684008045,45.7263739406578],[-121.320691744759,45.7263451220076],[-121.320682555124,45.7263073758592],[-121.320624120453,45.7263085086031],[-121.320566091093,45.7263132692269],[-121.320519604303,45.726300042086],[-121.320498070061,45.7262739460527],[-121.320492808901,45.7262404556593],[-121.320490089481,45.7262116902932],[-121.320505771955,45.7261728076049],[-121.32051979743,45.7261398987304],[-121.320547881526,45.7261140039268],[-121.320581701105,45.7260922699416],[-121.320612438474,45.7260743231993],[-121.320652402307,45.7260580323504],[-121.320655015316,45.7260263354973],[-121.320646183722,45.7259919960374],[-121.320642689383,45.72595773955],[-121.320639526267,45.7259198929841],[-121.320619504834,45.7258897625219],[-121.320628231619,45.7258586956116],[-121.320638284281,45.7258290559311],[-121.321319165628,45.7259274272588],[-121.32142081153,45.7259421127696],[-121.321599342048,45.725967905458],[-121.321617088885,45.7257943549119],[-121.321617694007,45.7257884403302],[-121.321618339193,45.7257821320991],[-121.321702970257,45.7257006972552],[-121.321642002837,45.7256141086139],[-121.321670570506,45.7255969703854],[-121.321634616158,45.7255715420615],[-121.321625823014,45.7255415641626],[-121.321605183727,45.7255048037515],[-121.321596777048,45.7254862932391],[-121.321583351458,45.7254546721125],[-121.321573746867,45.7254211098391],[-121.321559839955,45.7253929874762],[-121.321538128417,45.7253577900485],[-121.321557905107,45.7253285758064],[-121.321576610443,45.7252985312386],[-121.321588030945,45.7252708287579],[-121.321584800002,45.7252390442053],[-121.321578358697,45.7252034033082],[-121.321586209874,45.7251730588263],[-121.321585691632,45.7251433825356],[-121.321590356387,45.7251125006824],[-121.321542977599,45.7251019197053],[-121.32150683192,45.725115794437],[-121.321462311393,45.7251224533962],[-121.321416488987,45.7251238375963],[-121.321376923204,45.7251227538798],[-121.321333560707,45.7251258042563],[-121.321281502289,45.7251361741324],[-121.321228752174,45.7251398623718],[-121.321181996596,45.7251476854876],[-121.321138262189,45.7251661065138],[-121.321132232856,45.7251983022205],[-121.321109898004,45.725223033257],[-121.321066488304,45.725224439279],[-121.32103727087,45.7252037344398],[-121.32099306672,45.7252023186835],[-121.32094502204,45.7252076988178],[-121.320896228395,45.7252193739328],[-121.320851073633,45.7252097119492],[-121.320809601501,45.7252076576195],[-121.320761977647,45.7252142607815],[-121.320712223739,45.7252175823921],[-121.320661511757,45.7252151374372],[-121.320613719846,45.7252180855124],[-121.320568673894,45.7252252035431],[-121.320521656954,45.7252250198699],[-121.320476517506,45.7252232949325],[-121.320437587045,45.7252107468205],[-121.320393758545,45.7252017729229],[-121.320348378344,45.7251940615147],[-121.320308325932,45.7251940341749],[-121.320263803608,45.725197831263],[-121.320220131936,45.7252009882806],[-121.320172899002,45.7252067238613],[-121.320119674362,45.7252118753521],[-121.320063976637,45.7252053424152],[-121.320030818811,45.7251901869065],[-121.319988834198,45.725169266113],[-121.320018179446,45.7251463908764],[-121.320066585239,45.7251368544398],[-121.320106161587,45.725132184508],[-121.320136609834,45.7251055225946],[-121.320106722936,45.725078056116],[-121.320080127081,45.7250442942183],[-121.320065719657,45.7250141625156],[-121.320060419006,45.7249812295685],[-121.320052953279,45.7249539434277],[-121.32004077605,45.7249274385715],[-121.32001161571,45.7248992752848],[-121.319984434616,45.7248641636258],[-121.319965636635,45.7248333273683],[-121.31995584123,45.7248015785242],[-121.319933386962,45.7247709630079],[-121.319914416743,45.7247411584084],[-121.319896093707,45.7247159573709],[-121.319882276818,45.7246839234443],[-121.319863856942,45.7246595958618],[-121.31984830311,45.724625145749],[-121.319820951957,45.7246039414974],[-121.31977070655,45.7246004850107],[-121.319720596068,45.7246140421374],[-121.319690098953,45.7246407077234],[-121.319653164271,45.724654661171],[-121.319611726283,45.7246467698416],[-121.319611155889,45.7246160819734],[-121.319599898657,45.7245840631672],[-121.319629831457,45.7245657592151],[-121.319662642183,45.7245499206287],[-121.319693591832,45.724529033067],[-121.319743640545,45.7245379322226],[-121.319793692854,45.7245336838334],[-121.319839690782,45.7245272884802],[-121.319888913578,45.7245289747243],[-121.319933908888,45.7245287157821],[-121.319983876958,45.7245397486534],[-121.320034985724,45.724534296079],[-121.320079290527,45.7245320791345],[-121.320127688356,45.7245274624317],[-121.320172936149,45.7245283835229],[-121.320225507924,45.7245276265332],[-121.320274443675,45.7245260707754],[-121.32032425851,45.7245305999133],[-121.32036426294,45.7245305401339],[-121.320410365037,45.72453751598],[-121.320458575574,45.7245406902391],[-121.320512774991,45.7245357941467],[-121.320565938663,45.7245306388759],[-121.320621615249,45.7245301388759],[-121.320663149442,45.7245283904178],[-121.320714857753,45.7245211542802],[-121.320754017612,45.7245248335111],[-121.320803870108,45.7245209030725],[-121.320846280087,45.7245182754366],[-121.320891177823,45.7245187419533],[-121.32093933479,45.7245216028915],[-121.320988946452,45.7245221494665],[-121.321035354717,45.7245273158849],[-121.321084742442,45.7245239707493],[-121.32113179581,45.7245279800975],[-121.321185158128,45.7245276447255],[-121.321231890907,45.724531159673],[-121.321284130886,45.7245269787875],[-121.321334690256,45.7245209000968],[-121.321377323698,45.724519906506],[-121.321425904014,45.7245160579091],[-121.321469770752,45.7245142624288],[-121.321522096124,45.7245079161791],[-121.321508908491,45.7244809726889],[-121.321475696268,45.7244632155464],[-121.3214272892,45.7244486707256],[-121.321384475433,45.7244284889304],[-121.32134037168,45.7244195383523],[-121.3212975397,45.7244067864777],[-121.321248912248,45.7244038899727],[-121.321209707114,45.7243855532237],[-121.321165430139,45.7243646720742],[-121.321142737461,45.7243353062114],[-121.321129158017,45.7243018888896],[-121.321144554109,45.7242634375353],[-121.321177780134,45.7242371059982],[-121.321224921102,45.7242220131417],[-121.321280190496,45.7242122314355],[-121.321332219209,45.7242015802952],[-121.321373869722,45.7241928945146],[-121.321413688847,45.724181724566],[-121.321441417239,45.7241541861488],[-121.321466056421,45.7241254835183],[-121.32149096857,45.7240995508623],[-121.321499215436,45.7240693778119],[-121.321491367729,45.7240359475522],[-121.321463160325,45.7240125997024],[-121.321429283959,45.7239971604109],[-121.321390808504,45.723972748055],[-121.321357390754,45.7239562002736],[-121.321319520421,45.7239350551031],[-121.321279285704,45.7239156636437],[-121.321244946943,45.7238997053515],[-121.321209846747,45.7238852282023],[-121.321166422566,45.7238731696413],[-121.321122562748,45.7238569939611],[-121.321076889465,45.7238391534488],[-121.321035111641,45.7238250758391],[-121.320991614321,45.7238120728446],[-121.3209422266,45.723801500788],[-121.320900181703,45.7237868602485],[-121.320858590851,45.7237712632747],[-121.320806952246,45.7237638470791],[-121.320765518471,45.7237450255671],[-121.320736314317,45.7237201759379],[-121.320734729965,45.7236865523801],[-121.320769124923,45.7236565441864],[-121.320812384276,45.7236394025389],[-121.32086642669,45.7236346551851],[-121.320912438329,45.7236336916288],[-121.320962027512,45.7236464556729],[-121.321004395583,45.7236600433379],[-121.321058543108,45.7236772640725],[-121.321100297601,45.7236804079689],[-121.321131151086,45.723698252065],[-121.321179585598,45.7237088973381],[-121.321203752279,45.7237309635504],[-121.321242496378,45.7237547651591],[-121.321298894428,45.7237402376694],[-121.321353240306,45.7237297807901],[-121.321405691668,45.7237284706342],[-121.32145109069,45.7237230784283],[-121.321476703773,45.7236920588794],[-121.32149560442,45.7236619973856],[-121.321495608639,45.7236283944828],[-121.321494687778,45.7235963729403],[-121.321509380662,45.7235671388955],[-121.321502522686,45.7235307429886],[-121.321500907605,45.7234971432915],[-121.321498746966,45.7234642529467],[-121.321493803297,45.7234308329566],[-121.321483757814,45.7233966431249],[-121.321473197686,45.7233681369824],[-121.321455474354,45.7233378361062],[-121.32144897166,45.7233021942886],[-121.321449668469,45.7232728841783],[-121.321441765986,45.7232448473303],[-121.321428984466,45.7232184282437],[-121.3214220661,45.7231841799512],[-121.321403678468,45.7231513481583],[-121.321385551464,45.7231192114597],[-121.3213588165,45.7230918132238],[-121.321327534915,45.7230616722003],[-121.321303917883,45.7230289876565],[-121.321279241969,45.7230068986769],[-121.321263252927,45.7229752506248],[-121.321283671085,45.7229436453139],[-121.321319771357,45.7229158411267],[-121.321348851557,45.7228882424864],[-121.321389075468,45.7228639579173],[-121.321423122352,45.7228417652686],[-121.321453671409,45.7228160072648],[-121.321467569735,45.7227852782008],[-121.32147326463,45.7227580532337],[-121.321475387598,45.7227278927941],[-121.321453670782,45.7227018293458],[-121.321403322413,45.7227151190921],[-121.321365262153,45.7227437531851],[-121.321317505332,45.7227382664495],[-121.321266114803,45.7227341808294],[-121.321224985125,45.7227320803768],[-121.321178270547,45.7227290373379],[-121.321135652885,45.7227268474758],[-121.321093555461,45.722728910958],[-121.3210496227,45.722742863706],[-121.321003031184,45.7227382868549],[-121.320958494612,45.7227302748554],[-121.320912732166,45.722741516593],[-121.320872483903,45.7227655378113],[-121.320845239643,45.7227934018444],[-121.320812718522,45.7228142882225],[-121.320771340199,45.7228303036141],[-121.320722933302,45.7228494244679],[-121.320674676587,45.7228349751427],[-121.320647357464,45.7228147355473],[-121.3206023844,45.7228096674785],[-121.320562991971,45.7228289667104],[-121.320519952582,45.7228411889205],[-121.320475188191,45.7228439501314],[-121.320425066161,45.7228479187672],[-121.320374865302,45.7228542597527],[-121.320329548544,45.722863572622],[-121.320288278199,45.7228800097673],[-121.320252723815,45.7228970035043],[-121.320229388292,45.7229281273846],[-121.320226179649,45.7229610017996],[-121.320222536684,45.7229964899818],[-121.320198229668,45.7230252107356],[-121.320149783278,45.7230151589275],[-121.320105659752,45.722996323717],[-121.320074492116,45.7229730363917],[-121.320038647686,45.7229495074541],[-121.319996164877,45.7229331715738],[-121.31995207204,45.7229132737516],[-121.319907095009,45.7229005798086],[-121.319867845204,45.7228822392359],[-121.319826394219,45.7228850669332],[-121.319771038643,45.7228948439688],[-121.319714375191,45.7229010526921],[-121.319665736137,45.7229020176162],[-121.319614620679,45.7229058992744],[-121.319569339525,45.7229114481996],[-121.31952313294,45.72292077376],[-121.319495855409,45.7229445802868],[-121.319463213531,45.7229656598227],[-121.319441658324,45.7229902814009],[-121.319418437789,45.7230256102161],[-121.319396596224,45.7230561789513],[-121.319360657322,45.7230805816738],[-121.319322876814,45.723100230927],[-121.319282438755,45.7231076268744],[-121.319237670428,45.7231223776084],[-121.319199342764,45.723129762277],[-121.319156770714,45.723149092541],[-121.319137278385,45.7231835490718],[-121.319110044174,45.7232077008766],[-121.319076425756,45.7232334787885],[-121.319035395808,45.7232522475446],[-121.318992843381,45.7232641505135],[-121.31894002822,45.7232737017085],[-121.318893914356,45.7232759824934],[-121.318843600259,45.7232700169422],[-121.318799791332,45.7232473001802],[-121.318756417078,45.7232274007728],[-121.31870851835,45.7232288226297],[-121.318660872982,45.7232467693029],[-121.318609225296,45.7232481611351],[-121.318562143686,45.7232456057712],[-121.318510112553,45.7232400765412],[-121.318463090174,45.7232548180906],[-121.318413042003,45.7232617896225],[-121.318361298356,45.7232521619581],[-121.318308491048,45.7232451342641],[-121.318264904665,45.7232269993185],[-121.318277127913,45.7231929705617],[-121.318291809974,45.7231590968172],[-121.318291742854,45.723122325452],[-121.31826674402,45.7230927081345],[-121.318220041813,45.7230889484978],[-121.318168843573,45.7230878724077],[-121.318130455879,45.7230777725326],[-121.318090237665,45.7230738148901],[-121.318057559319,45.7230987863658],[-121.318027305811,45.7231250869655],[-121.318021040248,45.723163603056],[-121.318015851292,45.7231913825539],[-121.318020714037,45.7232251597406],[-121.317996581489,45.7232571031078],[-121.317990715703,45.7232880364449],[-121.31798382773,45.7233221131358],[-121.31797836504,45.7233531883212],[-121.317968106649,45.7233892225726],[-121.317975346144,45.7234183543057],[-121.31797775347,45.7234487371073],[-121.317988397143,45.7234854464018],[-121.317948856841,45.7235050449822],[-121.317905305386,45.7235011119953],[-121.31786773988,45.7235132302],[-121.317823705149,45.7235276212469],[-121.317774662197,45.7235336307082],[-121.317735325225,45.7235358803223],[-121.317709705228,45.7235051268264],[-121.317700237302,45.7234668002642],[-121.317705425043,45.723435300702],[-121.317727180166,45.723404736419],[-121.317764394857,45.7233704862417],[-121.317795795359,45.7233407462691],[-121.317819227255,45.7233164370692],[-121.317831793577,45.723279380118],[-121.317793039989,45.7232599345327],[-121.317742336947,45.7232354245645],[-121.317694446586,45.7232166202518],[-121.317694176616,45.723181567766],[-121.317682603261,45.7231546449025],[-121.317674758824,45.7231257652648],[-121.317654862871,45.7230931239711],[-121.317648673787,45.7230635540434],[-121.317640444402,45.7230357263358],[-121.317599913859,45.723011014201],[-121.317557865627,45.722990798136],[-121.317518402602,45.722970936967],[-121.317488694628,45.7229415714425],[-121.317478925486,45.722910245803],[-121.317477025161,45.7228742431087],[-121.317494292695,45.7228417972856],[-121.31751574422,45.7228075589107],[-121.317532558578,45.7227732990301],[-121.317540826493,45.7227349987768],[-121.317548669853,45.7226996247543],[-121.317551027157,45.7226629710053],[-121.31755300349,45.7226350253927],[-121.317576008188,45.7226059772867],[-121.317590508928,45.7225735717014],[-121.317603426895,45.7225339610014],[-121.317614601774,45.7224977494586],[-121.317588298985,45.7224748175356],[-121.317556209319,45.7224499695881],[-121.317505989017,45.7224245602336],[-121.317458212828,45.7224138339873],[-121.317409343064,45.7224076874589],[-121.317370789316,45.7223989008089],[-121.317328905238,45.7223844053325],[-121.317317666876,45.7223548537068],[-121.317339502508,45.7223272069626],[-121.317370089259,45.7223063236784],[-121.317413413374,45.7223056414726],[-121.317457116909,45.7223119243176],[-121.317506501046,45.7223208812755],[-121.317556432475,45.7223291586067],[-121.317598094281,45.7223442096802],[-121.317638962158,45.7223531329488],[-121.317697167624,45.7223655347778],[-121.317747249817,45.7223716603361],[-121.317797948107,45.7223754133142],[-121.317846170912,45.722371733792],[-121.317858505131,45.7223411162418],[-121.317862237268,45.7223054881298],[-121.317858108151,45.7222757019234],[-121.317841986902,45.7222478012051],[-121.317841979721,45.7222122530358],[-121.317838090182,45.7221813785502],[-121.317836664407,45.7221414179604],[-121.317834681854,45.7221059640103],[-121.317829016822,45.7220699382758],[-121.317828434177,45.7220369936849],[-121.317819107759,45.7219975107945],[-121.317812915997,45.7219613098848],[-121.317812268917,45.721923919711],[-121.317807787009,45.7218926170578],[-121.317809195212,45.7218625730664],[-121.317806212918,45.7218340539679],[-121.317796537303,45.7217989277568],[-121.317775275379,45.7217622744698],[-121.317742720157,45.72173552323],[-121.317712260854,45.7217160062531],[-121.317686748141,45.7216927070494],[-121.317670623913,45.7216673535087],[-121.317653730838,45.7216355503133],[-121.317643813897,45.7215972522245],[-121.317619486108,45.7215639785836],[-121.317590771211,45.721530620515],[-121.317562147241,45.7214991143588],[-121.317552218657,45.7214631329157],[-121.317541782587,45.7214283897177],[-121.31752268948,45.7213907296267],[-121.317519169944,45.7213500640203],[-121.317517432122,45.7213165668555],[-121.317515403909,45.7212873489311],[-121.317498248344,45.7212544509376],[-121.317488833462,45.7212201944221],[-121.317469346473,45.7211844430056],[-121.317454416751,45.7211532528566],[-121.317425860202,45.7211213075144],[-121.317400453405,45.7210976605704],[-121.317357975077,45.7210702913909],[-121.317318442695,45.7210533859126],[-121.317286140277,45.7210278650832],[-121.317244435787,45.7210059257906],[-121.317189975984,45.7210012395604],[-121.317144056655,45.7209796863769],[-121.317104543827,45.7209518216421],[-121.317068203319,45.7209338983014],[-121.317018450994,45.7209264613748],[-121.316978089757,45.7209268063509],[-121.316924139389,45.7209215055396],[-121.31687447067,45.720921297488],[-121.316834222223,45.7209234919558],[-121.316778667998,45.7209229028033],[-121.316729545685,45.720915412929],[-121.316680666083,45.7209073298522],[-121.316640104897,45.7209087275652],[-121.316585283853,45.7209037944989],[-121.316538763827,45.7209053275734],[-121.316512852635,45.7209287709962],[-121.316510007189,45.7209604382535],[-121.316506500482,45.7209915746132],[-121.316509254121,45.7210282379754],[-121.3165272551,45.7210585950304],[-121.316537167587,45.7210973125954],[-121.316532108358,45.7211249058292],[-121.316537033774,45.721157888337],[-121.316519834129,45.7211870046997],[-121.316513652564,45.7212200467236],[-121.316509736338,45.721250099641],[-121.316497291794,45.7212792833854],[-121.316490458215,45.7213154211004],[-121.316480982163,45.721354054514],[-121.316466893573,45.7213808152882],[-121.316482413234,45.7214101888828],[-121.316480309857,45.7214466249388],[-121.316451136851,45.7214791831626],[-121.316440939435,45.721512269499],[-121.316417225019,45.7215459882771],[-121.316383161494,45.721565188201],[-121.31635835671,45.7215939656139],[-121.316350871256,45.721621514073],[-121.316364418438,45.721654393252],[-121.316368944887,45.7216846993229],[-121.316365827466,45.7217237891882],[-121.316374216951,45.721757381716],[-121.316375896662,45.7217853055962],[-121.316376924342,45.7218240677229],[-121.316381937884,45.721856981326],[-121.316385632254,45.7218935118384],[-121.316388054509,45.7219330766969],[-121.316387520022,45.7219605755003],[-121.316393501246,45.7219898526099],[-121.31639105018,45.7220313996346],[-121.316387779956,45.7220596213868],[-121.316394805154,45.7220920038854],[-121.316392666586,45.7221264430226],[-121.316389905954,45.7221556245786],[-121.316390553741,45.722191505323],[-121.31639625819,45.7222253759998],[-121.316395594047,45.7222653166033],[-121.31639600034,45.7222976870457],[-121.31639708525,45.7223258622811],[-121.31640011651,45.7223603416171],[-121.316395929918,45.7223989602749],[-121.316403344101,45.7224348642474],[-121.316398815053,45.7224728621971],[-121.31639400511,45.7225082331505],[-121.31639759317,45.7225360708451],[-121.316399278887,45.722573718457],[-121.316400350722,45.7226051518157],[-121.316404790635,45.7226409498399],[-121.316403576523,45.7226811028558],[-121.31640765869,45.7227099460296],[-121.316410074971,45.7227490265472],[-121.316421107077,45.7227882952668],[-121.316413055525,45.7228188551746],[-121.316410189463,45.7228537687321],[-121.316397897076,45.7228926297429],[-121.316392652752,45.7229277863709],[-121.316389882712,45.7229723772844],[-121.316390687768,45.7230032801575],[-121.316389936101,45.7230372365837],[-121.316391620904,45.7230729471907],[-121.316397670773,45.7231131163665],[-121.316403846774,45.7231426294638],[-121.316402635554,45.7231763126895],[-121.316399518175,45.7232044061771],[-121.316393998712,45.7232367432739],[-121.316394845219,45.7232695171386],[-121.316408368489,45.7233013662507],[-121.316410572074,45.7233361493118],[-121.316397367893,45.7233663038343],[-121.316355913679,45.7233768340733],[-121.316316445508,45.7233881991513],[-121.316254957595,45.7233934043508],[-121.316196347864,45.7234028985598],[-121.316154187943,45.7234187360394],[-121.316132405859,45.7234415732743],[-121.316127815231,45.723470620729],[-121.316082625746,45.7234766844727],[-121.316045311326,45.7234551632079],[-121.316006042604,45.7234712619792],[-121.315967241119,45.723486094902],[-121.315918924759,45.7235012744698],[-121.315866176919,45.7235127937268],[-121.31582454416,45.7235255803598],[-121.315783203565,45.723554940097],[-121.31574872062,45.723578896005],[-121.315731934846,45.7236114332733],[-121.315723761222,45.7236395817944],[-121.315704010675,45.7236639979545],[-121.315658893724,45.7236761066877],[-121.315622937836,45.7236871128796],[-121.315606267036,45.7236551596541],[-121.315584665048,45.7236213371304],[-121.315555060269,45.723596341652],[-121.315516573981,45.7235769577421],[-121.315487194373,45.7235565713145],[-121.315451370416,45.723543441751],[-121.315401844284,45.7235294800255],[-121.315384534541,45.7235030123775],[-121.315162894234,45.72347951734],[-121.315119543973,45.7234582586725],[-121.315081519123,45.7234502477278],[-121.31507958235,45.7234154226726],[-121.315058467107,45.723383119375],[-121.315036248062,45.723355258824],[-121.314998164594,45.7233436016319],[-121.3149587123,45.7233296020074],[-121.31491790329,45.7233310188553],[-121.314880287713,45.7233224783292],[-121.314837596078,45.7233085973878],[-121.314795929355,45.7233031113673],[-121.314756881703,45.7232892904598],[-121.31471043812,45.7232876160059],[-121.314669138773,45.7233005511515],[-121.31464734326,45.7232754078373],[-121.314608202714,45.7232882614038],[-121.314566210321,45.7232941593021],[-121.314533334539,45.7233181187578],[-121.314498517403,45.7233309991808],[-121.314469269613,45.7233617421098],[-121.314429717704,45.7233889936459],[-121.314441879709,45.7234253044384],[-121.314451630736,45.7234541026231],[-121.314458804848,45.7234852192085],[-121.314494874004,45.723500099772],[-121.314544264381,45.72351079077],[-121.314596337294,45.7235278291431],[-121.314628958323,45.7235500692049],[-121.314659186829,45.7235747356944],[-121.314697108556,45.7235829288759],[-121.314716752437,45.7236086884955],[-121.314682606126,45.7236330999924],[-121.314636385734,45.7236290372693],[-121.314597998895,45.7236532682583],[-121.314571143776,45.7236764074748],[-121.314542944842,45.7237052154083],[-121.314494654353,45.7237187466947],[-121.314448454491,45.7237253205328],[-121.314412686382,45.7237419087572],[-121.314393699599,45.7237762441252],[-121.314374050593,45.7238040134794],[-121.314335865064,45.7238105237276],[-121.314299769036,45.7238280134652],[-121.314268980436,45.7238533186743],[-121.314234124687,45.7238664441699],[-121.314218471751,45.7238924768004],[-121.314262778984,45.7239097337419],[-121.314308375599,45.7239121969554],[-121.314356871586,45.7239185832166],[-121.314385383471,45.7239408941168],[-121.314423586915,45.7239580132132],[-121.314442081534,45.7239886559947],[-121.314490072404,45.7240070095089],[-121.314541888322,45.7240071008662],[-121.314582545265,45.7240078511193],[-121.314617030729,45.7239837515878],[-121.314658625299,45.7239731097407],[-121.314690700467,45.723995519946],[-121.314726954722,45.7240084463757],[-121.314774508677,45.7240196673312],[-121.31482271605,45.7240042913215],[-121.314857519919,45.7239866077383],[-121.314901728016,45.7239697370522],[-121.314944777834,45.7239715962831],[-121.314984403961,45.7239670953769],[-121.315036912798,45.7239540572548],[-121.315081822486,45.7239785549682],[-121.315118636087,45.7239928405561],[-121.315150107464,45.72401127594],[-121.315202494879,45.7240197993462],[-121.315248146537,45.7240145807496],[-121.315291510065,45.7240062212836],[-121.315309119673,45.7240349858891],[-121.315339144689,45.7240699866993],[-121.315394630721,45.7240851722624],[-121.315435163485,45.7240915513275],[-121.315475732262,45.7240987418881],[-121.315523767346,45.724108200955],[-121.315556051277,45.7241309479276],[-121.315529823926,45.7241522757488],[-121.315493495349,45.7241798569139],[-121.315479394237,45.7242069080985],[-121.315499424048,45.7242356228587],[-121.315459165199,45.7242700560204],[-121.315426274295,45.7242894250607],[-121.315387153463,45.7242961765905],[-121.31533465798,45.7243078649391],[-121.315301888775,45.7243268171978],[-121.315266400805,45.7243536591156],[-121.315229397563,45.7243637505471],[-121.315192386028,45.7243869390162],[-121.315211595657,45.7244167290335],[-121.315213724814,45.7244492193915],[-121.315240819245,45.7244768070821],[-121.315236339062,45.7245090010311],[-121.315270310812,45.7245233157575],[-121.315316970767,45.7245236412426],[-121.315360333465,45.7245100648321],[-121.315391716179,45.7245365906256],[-121.315431430757,45.7245545075454],[-121.31547836643,45.7245666083738],[-121.315525828264,45.7245739464795],[-121.315568410997,45.7245837499582],[-121.315614145751,45.7245762516195],[-121.315655972019,45.724575865722],[-121.315697467483,45.7245772075992],[-121.315741898367,45.7245759761925],[-121.315792477242,45.7245791036371],[-121.315840613833,45.7245819088203],[-121.315876245917,45.7245668572944],[-121.315908638149,45.7245397085182],[-121.315935637985,45.7245090562944],[-121.31595820799,45.7244802019323],[-121.315998375512,45.7244592784613],[-121.316044163898,45.7244425071405],[-121.316084601924,45.7244422572342],[-121.316131850641,45.7244358179087],[-121.31617549871,45.7244304406913],[-121.316221754821,45.7244173890549],[-121.316259727783,45.7244017508569],[-121.316274326072,45.724373967034],[-121.316268117789,45.7243414210652],[-121.316277225138,45.7243046463334],[-121.316278917342,45.7242700143125],[-121.316286321472,45.7242378733247],[-121.316286808467,45.7242073396371],[-121.316262526962,45.7241650322259],[-121.316230653853,45.7241395516433],[-121.316171456741,45.7241296934009],[-121.316127732387,45.7241212387486],[-121.316100036778,45.7241002193432],[-121.316078546122,45.7240719133928],[-121.316077431563,45.7240361346863],[-121.316088601431,45.7240086432742],[-121.3161384464,45.7240184293944],[-121.316178205618,45.7240137311167],[-121.316221340973,45.724004278828],[-121.316261622272,45.7240011084652],[-121.316293405526,45.723969190038],[-121.316319073728,45.7239467421907],[-121.316345742964,45.7239198473598],[-121.316375251409,45.7239391274563],[-121.316414159746,45.7239633444652],[-121.316432884075,45.7239886878941],[-121.316432144929,45.7240172232729],[-121.316433900055,45.7240529898155],[-121.316420712141,45.7240884568932],[-121.316423548804,45.7241231709735],[-121.316433325538,45.7241523059965],[-121.316435342915,45.7241883689322],[-121.316426628337,45.7242157111498],[-121.316426145349,45.7242483808045],[-121.31642614726,45.7242832178161],[-121.316428646937,45.7243153328761],[-121.316413029585,45.7243433330205],[-121.316415607025,45.7243786337359],[-121.316404215181,45.7244139004618],[-121.316410428677,45.7244541026429],[-121.316414557249,45.7244817898799],[-121.316422663019,45.7245130334794],[-121.316434098881,45.7245425961948],[-121.316435360601,45.7245720305477],[-121.31644391482,45.724599940531],[-121.316465501741,45.7248007585709],[-121.316463310084,45.7248371320996],[-121.316465156766,45.7248774229254],[-121.316465605251,45.724908817381],[-121.316466525875,45.7249422052883],[-121.316471961922,45.7249719729924],[-121.316471696811,45.7250089824753],[-121.316460288172,45.7250450185303],[-121.316441214497,45.7250697832221],[-121.316423223934,45.725045070775],[-121.316459726297,45.725160679567],[-121.316464464412,45.7251901093514],[-121.316459053277,45.7252278593626],[-121.31647064912,45.7252645063155],[-121.31648004035,45.7252986086291],[-121.316487314718,45.7253304961291],[-121.316499450395,45.7253660295266],[-121.316496591585,45.7254035633328],[-121.316498689617,45.7254420765863],[-121.316511130445,45.7254692940731],[-121.316499425493,45.7255017164122],[-121.316501687301,45.7255356344333],[-121.316507272526,45.7255659569851],[-121.316505427864,45.7255962132313],[-121.316517601499,45.7256289029091],[-121.316510121204,45.7256574172307],[-121.316466833125,45.7256544182695],[-121.316421167564,45.7256463725627],[-121.31636431445,45.7256566065175],[-121.316312804643,45.7256647526985],[-121.316262977091,45.7256745654139],[-121.316223664986,45.7256935114917],[-121.316194691444,45.7257201211932],[-121.316166988226,45.7257493607674],[-121.31616171338,45.7257847050372],[-121.316162222606,45.7258142435051],[-121.316160126952,45.7258456607573],[-121.316166675998,45.7258813242491],[-121.316161808085,45.7259161272641],[-121.316135581715,45.7259478782428],[-121.316091000753,45.7259585999101],[-121.316047733562,45.7259664012442],[-121.316011984226,45.7259812206699],[-121.315975851827,45.7260013017467],[-121.315931074374,45.7260194560746],[-121.315931653499,45.7260529073519],[-121.315948526939,45.7260817816063],[-121.315947395781,45.7261130447575],[-121.315958366969,45.7261451137051],[-121.315969917798,45.7261789346664],[-121.315993457866,45.7262080044138],[-121.316038055917,45.7262117726397],[-121.316084413202,45.7262123381715],[-121.316129217804,45.7262123983475],[-121.316174588088,45.726218951073],[-121.316214676832,45.7262208300773],[-121.316254511614,45.7262137548573],[-121.316298952809,45.726222273129],[-121.316338623788,45.7262345905427],[-121.316377551548,45.7262287458301],[-121.316401072749,45.7262039215977],[-121.316439240561,45.7262111349278],[-121.316479110532,45.7262324416956],[-121.316495032539,45.726259373858],[-121.316506689859,45.7262952224298],[-121.316508599826,45.7263293026769],[-121.316487191404,45.726358831324],[-121.316495607091,45.7263887518481],[-121.316463036336,45.7264192914804],[-121.316431753066,45.7264391453446],[-121.316419535781,45.7264652145049],[-121.316397050512,45.7264891764249],[-121.316388043788,45.726517759144],[-121.316426963516,45.7265313057727],[-121.316473477433,45.72653492205],[-121.316478490798,45.7265658446283],[-121.316492382099,45.7265929565786],[-121.316501144871,45.726620308868],[-121.316515392236,45.7266470768295],[-121.316521261526,45.7266800102141],[-121.316508308842,45.7267077139032],[-121.316512048403,45.7267419381256],[-121.316507995875,45.726776468741],[-121.316507595902,45.7268085563497],[-121.316502271631,45.7268400313265],[-121.316505879569,45.7268692266223],[-121.316505850949,45.72690396776],[-121.316507121207,45.7269373113046],[-121.316518772185,45.7269661471998],[-121.316519844123,45.7269959117752],[-121.316487862117,45.727026434887],[-121.316455606714,45.7270465525544],[-121.316473821193,45.7270783330713],[-121.3164934062,45.7271062040056],[-121.316789991593,45.7272434809831],[-121.316830773844,45.7272461710675],[-121.316881769601,45.7272518028112],[-121.316920866502,45.7272573762095],[-121.316950584913,45.7272288745219],[-121.316989155659,45.7272369891902],[-121.317028972864,45.727246991692],[-121.317066682705,45.7272623753528],[-121.317107937059,45.7272701856883],[-121.317147550674,45.7272727198277],[-121.317177402266,45.7272953611851],[-121.317211195191,45.7273124926638],[-121.317252716806,45.7273288217071],[-121.317287059884,45.7273434266234],[-121.317336765486,45.7273540643424],[-121.317362849815,45.7273778796712],[-121.317347026417,45.7274112711156],[-121.317392982987,45.7274290641769],[-121.317437195307,45.7274479800362],[-121.317480923066,45.727457483732],[-121.317488939353,45.7274859194509],[-121.317528518382,45.7275001387771],[-121.317569906256,45.7274905432306],[-121.317622549099,45.7274828056104],[-121.317673209487,45.7274833519697],[-121.317718027782,45.7274990831368],[-121.317776912966,45.7275070016883],[-121.31781362901,45.7275256629829],[-121.317840389995,45.7275559291893],[-121.317882719183,45.7275666038488],[-121.317919476592,45.7275820920118],[-121.31796591069,45.727587671394],[-121.318006329562,45.7275873215138],[-121.318061801898,45.7275984362744],[-121.318099217704,45.7276091618138],[-121.318143319224,45.7276114457614],[-121.318175804375,45.7276306305969],[-121.318178109404,45.7276739758191],[-121.318202560723,45.7277027164873],[-121.318223395071,45.7277287342362],[-121.31827015074,45.7277201805643],[-121.318281803835,45.7276939210871],[-121.318313794343,45.727554599596],[-121.318346942386,45.7275318761949],[-121.318372625819,45.7275068511735],[-121.318380635748,45.7274785236537],[-121.31838907152,45.7274357083027],[-121.318420089035,45.7274152415341],[-121.318466853557,45.7274108364125]]],[[[-121.301218333164,45.7268866667944],[-121.301263332388,45.7268783333854],[-121.301306666186,45.7268799985611],[-121.301348333911,45.7268833338071],[-121.301395000392,45.7268733329773],[-121.301435327939,45.7268505052282],[-121.301436670862,45.7268499986479],[-121.301438968529,45.7268491147276],[-121.301480000021,45.7268333334128],[-121.301524999507,45.7268183329584],[-121.301566666848,45.7267966672965],[-121.301608333006,45.7267799997861],[-121.301638333113,45.7267500004201],[-121.301631666808,45.7267083325682],[-121.301653332241,45.7266800004399],[-121.3016833332,45.7266516662357],[-121.30169333289,45.7266250004207],[-121.301696666763,45.7265866666709],[-121.301719999869,45.7265600001848],[-121.301718333788,45.7265299998067],[-121.301753333498,45.726508333947],[-121.301791665718,45.7264916663039],[-121.301830000025,45.7264766674408],[-121.301855000347,45.726453334435],[-121.30180333336,45.7264600000904],[-121.301764999435,45.7264733328889],[-121.301760000043,45.7264416663939],[-121.301748333801,45.7264133337067],[-121.301739999975,45.726385000161],[-121.301723333184,45.726351666943],[-121.301699999822,45.7263099997003],[-121.301691666734,45.7262733331535],[-121.301685000496,45.7262366661875],[-121.30168166719,45.7262083331817],[-121.301698333193,45.7261800014138],[-121.301705000386,45.7261483337652],[-121.301721666738,45.7260916672501],[-121.301741667479,45.7260533337831],[-121.301758333457,45.7260250002053],[-121.301783333126,45.7259983332805],[-121.301853332912,45.7259233328397],[-121.30189000089,45.7259100004454],[-121.301893332886,45.7258733336194],[-121.301913332873,45.7258483331038],[-121.301944999359,45.7258283331951],[-121.301968333591,45.725794999725],[-121.301984999348,45.7257666670099],[-121.30202166673,45.7257499997405],[-121.302063332831,45.7257349999229],[-121.302096667056,45.7257049995906],[-121.302114999545,45.7256766664301],[-121.302149999323,45.7256516674238],[-121.302165000246,45.7256199994129],[-121.302199999966,45.7255950003902],[-121.302238333408,45.7255583335717],[-121.302276666087,45.7255416666706],[-121.30231166627,45.7255199997438],[-121.302358333897,45.7254933334178],[-121.302398333287,45.7254766669458],[-121.302446666104,45.7254683331104],[-121.302488333747,45.725445000151],[-121.302519999635,45.7254200000873],[-121.302536667595,45.7253916664228],[-121.302568333261,45.7253616663567],[-121.302596666958,45.7253299993085],[-121.302608333127,45.7253016669093],[-121.302631667091,45.7252783332685],[-121.302656666183,45.7252566661269],[-121.302685000486,45.7252333329749],[-121.302736666986,45.725188333089],[-121.302751667397,45.7251449998581],[-121.30277833351,45.7251216670964],[-121.30279666677,45.7250933329356],[-121.302828333231,45.7250699997557],[-121.302878333079,45.7250466671478],[-121.302918333254,45.7250300014044],[-121.302958333488,45.7250133329477],[-121.303006666926,45.725011666732],[-121.303048332799,45.7249999995742],[-121.303088332554,45.7249849998269],[-121.303130000282,45.7249883344245],[-121.303178334173,45.7249966672146],[-121.303226666204,45.7250016669326],[-121.303265000089,45.7249883327405],[-121.303303333213,45.7249783333482],[-121.303349999955,45.7249699995835],[-121.303396667013,45.7249599997424],[-121.30343666625,45.7249716667566],[-121.303484999896,45.7249750003274],[-121.303529999127,45.7249949998768],[-121.303546667038,45.7250199998448],[-121.303576666821,45.7250383328535],[-121.303585000088,45.7250666671625],[-121.303593334028,45.7250983327044],[-121.303578334081,45.7251300000193],[-121.303615000238,45.7251400000094],[-121.303609999724,45.7251783333725],[-121.303643332535,45.7251999993843],[-121.303665000907,45.7252250006926],[-121.303673332665,45.7252550001335],[-121.303648332702,45.7252766665845],[-121.303633332471,45.725303333916],[-121.303634999938,45.72533166643],[-121.303660000565,45.7253699998184],[-121.303656666846,45.7254083336343],[-121.303680000462,45.725441666577],[-121.303706667124,45.7254716655859],[-121.30373833288,45.7255016668227],[-121.303783334185,45.7255266662863],[-121.303818333156,45.7255399996777],[-121.303851666207,45.725561667431],[-121.30388166695,45.7255900003426],[-121.303884999559,45.7255566655901],[-121.303921666591,45.7255316655963],[-121.303946666246,45.7255049999965],[-121.303961666405,45.7254716665765],[-121.303968333144,45.7254416666483],[-121.303938333066,45.7254166667922],[-121.303931667356,45.7253833329849],[-121.303909999088,45.7253500014206],[-121.303905000243,45.7253166662608],[-121.303921667108,45.7252900002398],[-121.303970000206,45.72527833274],[-121.303951665871,45.7252500002689],[-121.303958333558,45.7252216664161],[-121.303963333116,45.7251933338954],[-121.303969999818,45.7251633339652],[-121.304008333021,45.7251400004424],[-121.304043333242,45.7251199999464],[-121.304098333318,45.7251083332753],[-121.304135000267,45.7250883331959],[-121.304174999454,45.7250816669694],[-121.30420999987,45.7250666673108],[-121.304246666119,45.7250500002089],[-121.304286666556,45.7250366670141],[-121.304331667363,45.7250300002799],[-121.30436999935,45.7250183344509],[-121.304398333515,45.7249983329949],[-121.304406666409,45.7249700004329],[-121.304426666211,45.7249450003717],[-121.304456667051,45.7249183332926],[-121.304431666416,45.7248916670097],[-121.304428332754,45.7248583331876],[-121.304411666726,45.7248283333899],[-121.304401665884,45.7247950014018],[-121.304378334085,45.7247583329061],[-121.304358333892,45.7247316670322],[-121.304343333449,45.7247016667479],[-121.304336665958,45.7246699998961],[-121.304358333731,45.7246450003055],[-121.304371665982,45.7246150002929],[-121.304401666667,45.7245883332247],[-121.304400000759,45.7245566668178],[-121.304390000357,45.7245283330197],[-121.304371666701,45.7245033336469],[-121.304381666336,45.724468332777],[-121.304408332411,45.7244466665943],[-121.304445000112,45.7244333333731],[-121.304481667501,45.7244216661975],[-121.304520000299,45.7244033333809],[-121.304550000083,45.7244216661358],[-121.304551666035,45.7243916666451],[-121.304545000063,45.7243583328643],[-121.304550000548,45.7243299994279],[-121.304561665833,45.72429999985],[-121.304551666619,45.7242650000342],[-121.304565000569,45.7242316669984],[-121.30458833327,45.7242083329359],[-121.304633332702,45.7241983330377],[-121.30467166678,45.7242066670829],[-121.304698333628,45.7242283337584],[-121.304738333048,45.7242516672556],[-121.304771666789,45.7242816668656],[-121.304789999928,45.7243100000917],[-121.304821666633,45.7243416671097],[-121.304846667218,45.7243683333089],[-121.304876666472,45.7243899998942],[-121.304916666954,45.7243800004025],[-121.304958333643,45.7244016673007],[-121.304984999516,45.7244299999422],[-121.305009999604,45.7244600000219],[-121.305041666738,45.7244833330741],[-121.305094999598,45.7244983332766],[-121.305131666831,45.724523332755],[-121.305171666038,45.7245500000199],[-121.305200000308,45.7245700000543],[-121.305253332773,45.7245733332425],[-121.305351665915,45.7246050000699],[-121.305343333177,45.7246500014246],[-121.305358333904,45.7246816667435],[-121.305400000834,45.7246966674349],[-121.305373333711,45.7246516661531],[-121.305405000687,45.7246250001415],[-121.305420000701,45.7245783344279],[-121.305420000446,45.7245500005697],[-121.305383333076,45.7245400002403],[-121.305428333077,45.7245050001072],[-121.305451666799,45.7244816667846],[-121.305453332859,45.7244483333588],[-121.30546666747,45.7244083332805],[-121.305488333482,45.7243750004384],[-121.305501666791,45.7243349994362],[-121.305516665962,45.7242999997298],[-121.305538333477,45.7242649999379],[-121.305564999999,45.7242299995943],[-121.305590000011,45.7242083336216],[-121.305621666473,45.7241750005921],[-121.305638333038,45.7241433334256],[-121.305649999823,45.7241083337719],[-121.305659999034,45.7240783327686],[-121.305664999187,45.7240483332154],[-121.305684999349,45.7240233338361],[-121.305706667128,45.7239933331011],[-121.305713333995,45.7239633339666],[-121.305726666922,45.7239316668409],[-121.30575000013,45.723901665599],[-121.305776666937,45.7238550000732],[-121.30580333275,45.7238299996347],[-121.305815000544,45.7238033338886],[-121.305828333628,45.7237700006905],[-121.305809999795,45.7237283328207],[-121.30580833282,45.723698333377],[-121.305808333613,45.7236700004306],[-121.305808332685,45.7236366665718],[-121.305808333297,45.7236016666733],[-121.305816666073,45.7235683340141],[-121.305813333673,45.7235383332691],[-121.305821667182,45.7235083336446],[-121.305828332947,45.7234766666224],[-121.305825000335,45.723439999825],[-121.305825000396,45.7234083329419],[-121.305836667365,45.7233783332549],[-121.305843333358,45.7233450001723],[-121.305849999089,45.7233133331475],[-121.305850000136,45.7232833332408],[-121.305851666438,45.7232466667819],[-121.305854999396,45.7232183337527],[-121.305855000252,45.7231816668932],[-121.305854999288,45.7231483330311],[-121.305849999455,45.7231066667189],[-121.305844999401,45.7230666655651],[-121.305853333417,45.7230249999068],[-121.305856666703,45.7229866669069],[-121.305848333633,45.7229516667081],[-121.305851666382,45.7229166667248],[-121.3058466665,45.7228833334224],[-121.305843333779,45.7228550014329],[-121.305853333767,45.7228183325683],[-121.305851666566,45.7227816670676],[-121.305851667351,45.7227533332169],[-121.305848332653,45.7227216663725],[-121.305853333594,45.7226933328789],[-121.30585333341,45.7226549999384],[-121.305853333507,45.7226150000392],[-121.305849999094,45.7225816662358],[-121.305841667338,45.7225466669538],[-121.305834999968,45.7225183332058],[-121.305850000167,45.7224883334489],[-121.305858333014,45.7224533338192],[-121.305856666619,45.7224199995533],[-121.305866666431,45.7223833333828],[-121.305869999125,45.722348333395],[-121.305866667283,45.7223149996288],[-121.305861666684,45.7222783332879],[-121.305860000262,45.7222449999209],[-121.305854999419,45.7222099996383],[-121.305844998979,45.7221716668808],[-121.30582833269,45.7221433333358],[-121.305826667293,45.7221116669454],[-121.305813333438,45.7220816663591],[-121.305809999821,45.7220516655888],[-121.305800000906,45.7220199997998],[-121.30580333305,45.7219883337292],[-121.305801667133,45.7219600003553],[-121.305790000294,45.7219283332271],[-121.305773334102,45.7218999996743],[-121.305758333839,45.7218683344023],[-121.305751666147,45.7218349997532],[-121.305750000079,45.7217999994246],[-121.305745000132,45.7217600000597],[-121.305741666282,45.7217316662452],[-121.305733333448,45.7216966660342],[-121.30572166575,45.7216549998083],[-121.305723333518,45.7216250003146],[-121.305720000333,45.721584999569],[-121.30572666664,45.7215566655767],[-121.305730000126,45.7215166674117],[-121.305743333167,45.7214883332994],[-121.30575833387,45.7214616665828],[-121.305769999973,45.7214266668922],[-121.305780000676,45.7213916667995],[-121.305790000548,45.721361666682],[-121.305788332895,45.7213283332907],[-121.305781666964,45.7212999995553],[-121.305773333852,45.7212666672037],[-121.305774999852,45.7212316667924],[-121.30577833298,45.721201666796],[-121.305766667119,45.7211649996872],[-121.305766666146,45.7211316667143],[-121.305756665865,45.7211016669593],[-121.305751666662,45.7210733327417],[-121.305729999951,45.7210416666854],[-121.305706667348,45.7210133332416],[-121.305676666511,45.7209866668493],[-121.305651667014,45.7209599999327],[-121.305620000481,45.7209433330961],[-121.30560666697,45.720913333385],[-121.305580000568,45.7208883338899],[-121.305558333214,45.7208616668794],[-121.305521666146,45.7208333335981],[-121.305498333181,45.7208083331314],[-121.305464999219,45.7207816667384],[-121.305424999939,45.7207549995573],[-121.305403332444,45.7207299985775],[-121.305373333856,45.7207066669636],[-121.305326666737,45.7206799998286],[-121.305278333833,45.7206633331393],[-121.305226666796,45.7206516655517],[-121.305049145056,45.7203028925784],[-121.304791556647,45.7201557505698],[-121.304693203815,45.719848388634],[-121.304520523433,45.719681903209],[-121.304507090071,45.7196689513515],[-121.304398146296,45.7195639139723],[-121.304387264252,45.7194155916001],[-121.304383437511,45.7193634403828],[-121.304375874643,45.7192603481102],[-121.304401647227,45.7190694943538],[-121.304416698377,45.7189580429333],[-121.304417910403,45.7189490717438],[-121.304591197465,45.7186678615169],[-121.304837407779,45.7180159202947],[-121.30426134433,45.7179276322187],[-121.303572256608,45.7177935645627],[-121.303507704415,45.717813780366],[-121.303415262703,45.7178427294686],[-121.302935308891,45.7179930310714],[-121.302658985679,45.7183919613158],[-121.302373297191,45.7187222216448],[-121.302183412276,45.7187578924123],[-121.301826112581,45.7182882764174],[-121.301451956473,45.7181378698017],[-121.301060471992,45.7179751781228],[-121.300464349297,45.7176927303419],[-121.299792227101,45.7173471311535],[-121.299451108951,45.7174476917931],[-121.299091541767,45.7174953250939],[-121.298518715956,45.7175535438543],[-121.298499765721,45.7178710999297],[-121.298514926194,45.7183686012702],[-121.298701202463,45.7186874402915],[-121.299174426085,45.7189936594234],[-121.299545212422,45.7191971330282],[-121.299874159836,45.7192857740557],[-121.300106442749,45.7192021693737],[-121.300430609638,45.7191670871156],[-121.300493312741,45.71947195924],[-121.300548332806,45.7196183338695],[-121.300568332884,45.7196466655969],[-121.300591667439,45.7196700001381],[-121.300603333922,45.7196999999426],[-121.300643333213,45.719740000027],[-121.300658334303,45.7197749999235],[-121.300676666962,45.7198016659624],[-121.300705000279,45.7198300001332],[-121.300733332778,45.719851666431],[-121.300743332742,45.7198866666194],[-121.300751666524,45.7199199993577],[-121.300748333345,45.7199500001147],[-121.300759999989,45.7199849998942],[-121.300749999002,45.7200250004428],[-121.300748332902,45.7200533338349],[-121.30074166648,45.7200833327064],[-121.300761667164,45.7201100001436],[-121.300764999752,45.7201433331838],[-121.300776667251,45.7201699999568],[-121.300758332954,45.7201949998731],[-121.300763333484,45.7202333334145],[-121.300771666485,45.7202750000542],[-121.300768332888,45.7203066668671],[-121.300771666751,45.7203349999353],[-121.300761667369,45.7203683344537],[-121.300776667434,45.7204033334156],[-121.300790000369,45.7204350006499],[-121.300803333799,45.720470000016],[-121.300813333881,45.7205000002069],[-121.300838333496,45.720531666378],[-121.30084333362,45.7205616668918],[-121.300835000052,45.720593334031],[-121.30083166695,45.7206283329777],[-121.300806666784,45.7206649996872],[-121.30079666648,45.7206916672407],[-121.300786667076,45.7207199999695],[-121.300776666822,45.7207566666005],[-121.300776667439,45.7208050004404],[-121.30078666761,45.7208399997225],[-121.30077500018,45.7208683337373],[-121.300744999858,45.7208999998628],[-121.30074666709,45.7209383333152],[-121.300749999254,45.720968333319],[-121.300754999832,45.7210066668567],[-121.300758333326,45.721046666858],[-121.300743333819,45.7210799998909],[-121.300728332562,45.7211099998695],[-121.300713333424,45.7211416668407],[-121.300691667173,45.7211799996806],[-121.30067833339,45.7212066662319],[-121.300661666645,45.7212316666359],[-121.300656666656,45.7212616668877],[-121.300673333532,45.7212916663654],[-121.300675000697,45.7213199998376],[-121.300695000516,45.7213466663679],[-121.300713333226,45.7213750002577],[-121.300748333239,45.7214016667206],[-121.30075999926,45.7214300004307],[-121.300801666072,45.7214516661605],[-121.300794999887,45.7214849998581],[-121.300801665947,45.721523332965],[-121.300799999419,45.7215633332851],[-121.300801665792,45.7215950006682],[-121.300801666802,45.7216266666783],[-121.300803333204,45.7216583331614],[-121.300821666949,45.7216883331106],[-121.300824999686,45.7217316661199],[-121.300819999732,45.7217616663769],[-121.300843333133,45.7217883338666],[-121.300845000468,45.7218266664134],[-121.300851666518,45.7218550004382],[-121.300858333887,45.7218833335819],[-121.300858333184,45.721916667428],[-121.300863333448,45.7219466670362],[-121.300868332433,45.721976666625],[-121.300868332592,45.7220066665577],[-121.300853334161,45.7220399996161],[-121.30084166695,45.7220716666612],[-121.300839999568,45.7221100000028],[-121.300841666857,45.7221383325705],[-121.300845000457,45.7221783325635],[-121.300851666998,45.7222099996194],[-121.300861666935,45.7222366667699],[-121.300869999839,45.7222699985735],[-121.300873332929,45.7223016673439],[-121.300868333397,45.7223299997437],[-121.300875000421,45.72236499983],[-121.3008883335,45.7224083330834],[-121.300881665951,45.7224416667606],[-121.30087166673,45.7224833333933],[-121.300871666479,45.7225200002682],[-121.300865000218,45.7225533330629],[-121.300866666641,45.7225850004408],[-121.300848333345,45.7226233333784],[-121.300798333623,45.7226716668467],[-121.300779999354,45.7227033337079],[-121.300773333056,45.7227416655836],[-121.300784999339,45.7227750001765],[-121.300781667276,45.7228050000374],[-121.300783333262,45.7228333325834],[-121.300791666995,45.7228683331647],[-121.300803333322,45.722896666868],[-121.30079999959,45.7229333327541],[-121.30080166643,45.7229683331622],[-121.300811666918,45.722998333347],[-121.300826665908,45.723030000146],[-121.300829999513,45.7230650001463],[-121.300825000349,45.7231016655588],[-121.300833333243,45.7231300000731],[-121.300839999874,45.7231616671261],[-121.300851666309,45.7231899999246],[-121.300865000334,45.7232200001891],[-121.300848333068,45.7232500005923],[-121.300848333224,45.7232799996188],[-121.300855000734,45.7233133336457],[-121.300848333473,45.7233450003581],[-121.300848333217,45.7233816663277],[-121.300846667018,45.7234099997045],[-121.300855000012,45.7234433333045],[-121.300865000177,45.7234750004398],[-121.300866666215,45.7235033329822],[-121.300876666848,45.723538333148],[-121.300843334177,45.7235750001066],[-121.300834999747,45.7236183332546],[-121.300829999665,45.7236583325752],[-121.300823333179,45.7236866662712],[-121.30081833345,45.7237149995599],[-121.300824999702,45.7237483335674],[-121.300840000227,45.7237799985835],[-121.300853333516,45.7238133327602],[-121.30086166654,45.723846667258],[-121.300878332994,45.7238816666733],[-121.300874999586,45.7239116674116],[-121.300860000166,45.7239416674218],[-121.300853334134,45.7239733332495],[-121.300863333551,45.7240083333956],[-121.300876666506,45.7240383327387],[-121.300910000515,45.7240583344096],[-121.300923333132,45.7240949997908],[-121.300926666386,45.7241266667525],[-121.300934999496,45.7241550003577],[-121.30094499902,45.7241899995971],[-121.300970000269,45.7242216666437],[-121.300981666521,45.7242516672835],[-121.300995000421,45.7242783336013],[-121.30099666611,45.7243083330952],[-121.300994999972,45.7243366655707],[-121.300999999607,45.7243699999762],[-121.300994999502,45.7244050002125],[-121.300993333362,45.7244383335741],[-121.300976667184,45.7244833330657],[-121.300978333239,45.7245116674023],[-121.300981666627,45.7245483325484],[-121.300991667504,45.724588333588],[-121.300996666325,45.7246200001179],[-121.300993333838,45.7246516660318],[-121.30098999918,45.7246866667374],[-121.300998333744,45.7247250003294],[-121.301011666473,45.7247516666257],[-121.301033333982,45.7247850014336],[-121.301016666403,45.7248200000354],[-121.301001666831,45.7248550000438],[-121.300996666675,45.7248900002767],[-121.300991666941,45.7249283344395],[-121.301001666163,45.7249549997549],[-121.300988333747,45.7249883332952],[-121.300993333453,45.7250216667984],[-121.300996665619,45.7250683327948],[-121.30099499985,45.7251000000964],[-121.3009949996,45.72513166697],[-121.300996666159,45.7251633334347],[-121.300993333173,45.7251916663146],[-121.300990000157,45.7252200000938],[-121.30096833364,45.7252433330008],[-121.300988334062,45.725268333409],[-121.300996666101,45.7253016669741],[-121.300991667604,45.7253299993813],[-121.300958333804,45.7253466664042],[-121.30095426669,45.7253710675809],[-121.30094666679,45.7253850003941],[-121.300930000604,45.7254133338534],[-121.300954999778,45.7254349999946],[-121.300948333169,45.7254683327737],[-121.300950000108,45.7254983331811],[-121.300978333338,45.7255183333454],[-121.300961667203,45.7255616667661],[-121.300953333735,45.7255899999668],[-121.300971667502,45.7256199998723],[-121.301001666368,45.7256449995899],[-121.301023333828,45.7256799995556],[-121.301044999939,45.7257050004263],[-121.301053334206,45.7257350000944],[-121.301073332302,45.7257650004363],[-121.301096667067,45.7257933330377],[-121.301126667337,45.7258183336427],[-121.301134999531,45.725851667197],[-121.301166667102,45.7258750004259],[-121.301131666764,45.7259050000073],[-121.301096667138,45.7259216665945],[-121.301070000351,45.7259483337747],[-121.301095000284,45.7259783338031],[-121.301063332617,45.7260016655816],[-121.301028333344,45.7260266669617],[-121.300989999434,45.7260199995603],[-121.301006666092,45.7260516668239],[-121.301011665885,45.7260799994366],[-121.300998333133,45.7261083338822],[-121.301021666315,45.7261433334206],[-121.301040000291,45.7261733333154],[-121.301060000673,45.7262050006531],[-121.301068332546,45.726250000237],[-121.301078333307,45.7262766655627],[-121.301065000538,45.7263050000149],[-121.301038334006,45.7263350002133],[-121.301040000147,45.7263633336417],[-121.301040000333,45.7263983344386],[-121.301051666702,45.7264350002085],[-121.301018333537,45.7264516672558],[-121.301010000007,45.7264900004253],[-121.301033334176,45.7265216669506],[-121.301041665977,45.7265516665788],[-121.301056666845,45.7265799994336],[-121.301060000681,45.7266100003258],[-121.301063333263,45.726640000299],[-121.301070000417,45.7266766673128],[-121.301084999682,45.7267116661855],[-121.301109999924,45.7267416671114],[-121.301108333318,45.7267766674168],[-121.301123333417,45.7268033332887],[-121.301149999756,45.7268366668071],[-121.301174999295,45.7268699998305],[-121.301218333164,45.7268866667944]]],[[[-121.34628977339,45.7134422366944],[-121.346237911612,45.7134301374927],[-121.346157724814,45.7134114832335],[-121.346139899486,45.7134073250462],[-121.345673521911,45.7134823045616],[-121.345591441097,45.7134734541408],[-121.345508185776,45.7134693112135],[-121.345427936017,45.7134688148185],[-121.345349807667,45.7134656155299],[-121.345289484815,45.7134625877306],[-121.345207153618,45.713448250966],[-121.345153932723,45.7134386752316],[-121.345102379291,45.7134541766998],[-121.345047601162,45.7134476476558],[-121.344943659293,45.7134283378182],[-121.344818191517,45.713409495428],[-121.344694719095,45.7133806926328],[-121.344578090412,45.7133452589295],[-121.344456273334,45.7132957418237],[-121.34433956078,45.7132412346807],[-121.344220163268,45.7131920296218],[-121.344092437632,45.7131379098276],[-121.343955181563,45.7130914356778],[-121.343807894733,45.7130569725146],[-121.343653109406,45.7130329575633],[-121.343492025566,45.7130215639092],[-121.343320528069,45.7130079136773],[-121.343154692325,45.7130040644746],[-121.342982621038,45.7130021362684],[-121.342819981934,45.7130042870411],[-121.342649105159,45.7130098031956],[-121.342485914309,45.7130207051502],[-121.342329247952,45.7130341219007],[-121.342173990279,45.7130542528425],[-121.342012571222,45.7130770061033],[-121.341858173674,45.7131056666409],[-121.34170978175,45.7131388290975],[-121.341558236469,45.7131753416101],[-121.341415668401,45.7132213127999],[-121.341279485523,45.7132697671745],[-121.341151729182,45.7133253158556],[-121.341021372999,45.713381049854],[-121.340896123572,45.7134409595863],[-121.340779136154,45.7135031026083],[-121.340665202424,45.7135640783534],[-121.340554637968,45.7136265079736],[-121.340444869728,45.7136869895618],[-121.340336698024,45.7137477849711],[-121.340230011401,45.7138106189566],[-121.340123821781,45.7138709362158],[-121.340022996819,45.7139289335056],[-121.339920619792,45.7139854905084],[-121.339821906091,45.7140404724052],[-121.339729023049,45.7140969674103],[-121.339639115029,45.714155302163],[-121.339543444212,45.7142092992497],[-121.339448818098,45.7142704860503],[-121.339362938808,45.7143227504515],[-121.339280345629,45.7143717331393],[-121.339213265986,45.7144148558408],[-121.339152727012,45.7144560007056],[-121.339107354493,45.7144900366568],[-121.339054639756,45.7145231323397],[-121.338994631057,45.7145804549224],[-121.338938260734,45.7146425990543],[-121.338887394427,45.7147078303996],[-121.338847401004,45.7147708814221],[-121.338817823401,45.7148320884194],[-121.338796922094,45.7148872838927],[-121.338775345776,45.7149508601695],[-121.338754838229,45.7150204258737],[-121.338740913515,45.7150884599572],[-121.33873362138,45.7151584437881],[-121.338725191783,45.7152289151236],[-121.33871679678,45.7153022501422],[-121.338691089889,45.7153712244577],[-121.33866433835,45.7154395040053],[-121.33861502917,45.715513071087],[-121.338552740062,45.7155859803942],[-121.338483815686,45.7156529911758],[-121.338404851537,45.7157205453309],[-121.338311373994,45.7157674778834],[-121.338214216804,45.7158322064769],[-121.338118779223,45.7158705658153],[-121.338010833611,45.7159063038327],[-121.337906711741,45.7159373620251],[-121.337805887595,45.715973550012],[-121.337705364508,45.7159630601073],[-121.337613139767,45.7159651202116],[-121.337515167813,45.7159703801123],[-121.337418195962,45.7159664411817],[-121.3373316512,45.7159605072432],[-121.33724494598,45.715964833711],[-121.337156051026,45.7159531003601],[-121.337065340272,45.7159460965706],[-121.3369674078,45.7159388957523],[-121.336880574583,45.7159368402532],[-121.336807398054,45.7159347171226],[-121.33676137988,45.7159327896025],[-121.336714466661,45.7159301514614],[-121.336659612886,45.7158280981122],[-121.336263894378,45.7157928946197],[-121.335411430015,45.7157264672252],[-121.334793167481,45.7157449295422],[-121.334216129987,45.7157621571671],[-121.334185191528,45.7156617916347],[-121.334168456283,45.7145035188317],[-121.335592211934,45.7143938230756],[-121.336554471995,45.7143732551987],[-121.336534835019,45.7131803030581],[-121.336571717536,45.711606747603],[-121.336572383396,45.7115735701175],[-121.336236539821,45.7115515246733],[-121.336026225748,45.7114691802111],[-121.335798551205,45.7113799838615],[-121.335616735339,45.7113088000282],[-121.335590181285,45.7108080409398],[-121.335590178928,45.7108079905005],[-121.335302128385,45.7109261966592],[-121.33468547851,45.7109940949692],[-121.332716146551,45.7110089410917],[-121.331937306269,45.7109968053133],[-121.331908160672,45.7108930107231],[-121.331636965917,45.7107915710168],[-121.331363768056,45.7107610428319],[-121.331091939726,45.7107081280828],[-121.33056541986,45.7107548044091],[-121.330099088213,45.7109583230444],[-121.32982220239,45.7110376948484],[-121.329563847124,45.7109060275499],[-121.328499391894,45.7109291237782],[-121.327164313812,45.7109144260313],[-121.325961541284,45.7109522206899],[-121.324671566163,45.7110593041424],[-121.322541861624,45.7111999813601],[-121.321378178721,45.7113700550734],[-121.320421974618,45.7114981339179],[-121.32014904456,45.711628068741],[-121.319340561915,45.711691219274],[-121.319235701285,45.7117752873449],[-121.319220166693,45.71204014581],[-121.319106315056,45.7125494410637],[-121.319061005913,45.7127239009941],[-121.3187619596,45.7126852412864],[-121.317997678586,45.7125707018773],[-121.317177940845,45.7122436393319],[-121.316654291412,45.7125142746729],[-121.315780758159,45.7128848774951],[-121.313927622114,45.7124480736976],[-121.310957802892,45.7118779344832],[-121.309747129755,45.7117053372405],[-121.309692897514,45.7118423851493],[-121.309761785783,45.7120840533701],[-121.309799774727,45.7122160375676],[-121.309775179423,45.7123963665146],[-121.309607928742,45.7125303242001],[-121.309264307286,45.7127148500804],[-121.309414340565,45.7128694154681],[-121.309992764596,45.7129909321593],[-121.310263316382,45.7131558016309],[-121.310551084887,45.7132090404445],[-121.311054774682,45.7134278494301],[-121.311391734622,45.713467349073],[-121.311868889167,45.7135583707547],[-121.312077951286,45.7135978699734],[-121.312511813374,45.7134316320021],[-121.312693820919,45.7132564587844],[-121.312755308803,45.7134745657912],[-121.312846313674,45.7136651952052],[-121.313156217059,45.7136754988263],[-121.315458484305,45.7145523119776],[-121.316081522709,45.7149329585455],[-121.315419543914,45.7158392507004],[-121.314848425302,45.7165733360903],[-121.314884766178,45.7182950240309],[-121.315416945309,45.7188931422012],[-121.316169784736,45.718974702928],[-121.317649500938,45.719518440676],[-121.318077840475,45.7195093781399],[-121.318908558524,45.7192284481665],[-121.319554527311,45.7184128357529],[-121.318736788688,45.7178237750769],[-121.318347390183,45.7175065859357],[-121.318449473363,45.7171339977254],[-121.31839799797,45.7169043995983],[-121.318604740027,45.7169519867729],[-121.318925075687,45.7170376441761],[-121.318938707481,45.7170392300441],[-121.319215876957,45.7169710220521],[-121.31939308473,45.7169155036955],[-121.31952031005,45.7168441219067],[-121.319695246468,45.7168108108484],[-121.320381846736,45.7174661451092],[-121.321261794235,45.7181573943908],[-121.321963708058,45.71890565402],[-121.322700021851,45.7196220886345],[-121.32305575447,45.7199962436408],[-121.323476623686,45.7205633405582],[-121.32372263067,45.7210105639948],[-121.32434415839,45.7210620311208],[-121.32472782857,45.7209143804456],[-121.325068102887,45.7208476490821],[-121.325233865919,45.7210339685703],[-121.325597079705,45.7211567542328],[-121.325923973291,45.7211994620554],[-121.326262335138,45.7213636202162],[-121.326508371928,45.7215559205788],[-121.326529201926,45.7218003475484],[-121.326423301195,45.7220785017499],[-121.326186256055,45.7222293113796],[-121.326070864659,45.7225019769368],[-121.326233354763,45.7228196084267],[-121.32655859083,45.7228409616509],[-121.327276221189,45.7230176772845],[-121.328176261743,45.7228903842578],[-121.328544814268,45.7225274596102],[-121.3288280159,45.7222809939559],[-121.329503331081,45.7218417000998],[-121.329611956548,45.7217766975412],[-121.330175793225,45.7213707908401],[-121.330352938331,45.7208693646344],[-121.330876669374,45.7206039326175],[-121.331547938224,45.7198125862805],[-121.331772948237,45.7195471489193],[-121.332377955774,45.7189724737749],[-121.332796821912,45.7185223626808],[-121.333149855318,45.7182840062432],[-121.333898597427,45.7184275620378],[-121.334753110422,45.7186984207328],[-121.335657287565,45.7185868454403],[-121.336289679871,45.7181650891709],[-121.336610594716,45.7174599572241],[-121.337187653484,45.7169893388667],[-121.337935895518,45.7165005759358],[-121.33770677952,45.7171211415115],[-121.33908588175,45.7164463861775],[-121.338999878804,45.716887192294],[-121.340712927066,45.7164871753765],[-121.343142426796,45.7165110381982],[-121.345463644076,45.7165690026383],[-121.346317396812,45.7165085466678],[-121.347061878269,45.716419690315],[-121.347590816542,45.7164073841789],[-121.348698920908,45.7163815960334],[-121.348735221789,45.7160373267378],[-121.348716464538,45.715635478476],[-121.348592735542,45.7151561495786],[-121.348385189068,45.7148440267912],[-121.348137730327,45.7142532170545],[-121.347463205962,45.7139076459599],[-121.347012193065,45.7136233848518],[-121.346652978729,45.7135397781141],[-121.34628977339,45.7134422366944]]]]},"properties":{"OBJECTID":42303,"poly_SourceOID":30878,"poly_IncidentName":"Burdoin","poly_FeatureCategory":"Wildfire Daily Fire Perimeter","poly_MapMethod":"Mixed Methods","poly_GISAcres":10675.209333323473,"poly_DeleteThis":"No","poly_FeatureAccess":"Public","poly_FeatureStatus":"Approved","poly_IsVisible":"Yes","poly_CreateDate":1753802908000,"poly_DateCurrent":1753929582000,"poly_PolygonDateTime":1753421880000,"poly_IRWINID":"{FC4C74C4-D490-45E6-AAEA-4C3EDBD55218}","poly_FORID":null,"poly_Acres_AutoCalc":10675.168266963306,"poly_SourceGlobalID":"{40C3E994-7D7F-478B-98AD-44423B6B14FD}","poly_Source":"2025 NIFS","attr_SourceOID":38440271,"attr_ABCDMisc":null,"attr_ADSPermissionState":"DEFAULT","attr_CalculatedAcres":null,"attr_ContainmentDateTime":1767211200000,"attr_ControlDateTime":1767211200000,"attr_CreatedBySystem":"wildcade","attr_IncidentSize":10675,"attr_DiscoveryAcres":1258,"attr_DispatchCenterID":"WACWC","attr_EstimatedCostToDate":19195106,"attr_FinalAcres":null,"attr_FFReportApprovedByTitle":null,"attr_FFReportApprovedByUnit":null,"attr_FFReportApprovedDate":null,"attr_FireBehaviorGeneral":"Minimal","attr_FireBehaviorGeneral1":"Smoldering","attr_FireBehaviorGeneral2":"Creeping","attr_FireBehaviorGeneral3":"Backing","attr_FireCause":"Human","attr_FireCauseGeneral":null,"attr_FireCauseSpecific":null,"attr_FireCode":"S5RU","attr_FireDepartmentID":null,"attr_FireDiscoveryDateTime":1752874140000,"attr_FireMgmtComplexity":null,"attr_FireOutDateTime":1767211200000,"attr_FireStrategyConfinePercent":0,"attr_FireStrategyFullSuppPrcnt":100,"attr_FireStrategyMonitorPercent":0,"attr_FireStrategyPointZonePrcnt":0,"attr_FSJobCode":"PN","attr_FSOverrideCode":"1532","attr_GACC":"NWCC","attr_ICS209ReportDateTime":1756151437000,"attr_ICS209RptForTimePeriodFrom":1754269200000,"attr_ICS209RptForTimePeriodTo":1756150200000,"attr_ICS209ReportStatus":"F","attr_IncidentManagementOrg":"Type 5 IC","attr_IncidentName":"BURDOIN","attr_IncidentShortDescription":"5 Miles W from Lyle, WA","attr_IncidentTypeCategory":"WF","attr_IncidentTypeKind":"FI","attr_InitialLatitude":45.775303,"attr_InitialLongitude":-121.27009,"attr_InitialResponseAcres":null,"attr_InitialResponseDateTime":null,"attr_IrwinID":"{FC4C74C4-D490-45E6-AAEA-4C3EDBD55218}","attr_IsFireCauseInvestigated":null,"attr_IsFireCodeRequested":0,"attr_IsFSAssisted":1,"attr_IsMultiJurisdictional":null,"attr_IsQuarantined":0,"attr_IsReimbursable":null,"attr_IsTrespass":null,"attr_IsUnifiedCommand":0,"attr_IsValid":1,"attr_LocalIncidentIdentifier":"000447","attr_ModifiedBySystem":"wildcade","attr_PercentContained":95,"attr_PercentPerimToBeContained":100,"attr_POOCity":"Lyle","attr_POOCounty":"Klickitat","attr_POODispatchCenterID":"WACWC","attr_POOFips":"53039","attr_POOJurisdictionalAgency":null,"attr_POOJurisdictionalUnit":null,"attr_POOJurisdictUnitParentUnit":null,"attr_POOLandownerCategory":"Private","attr_POOLandownerKind":"Private","attr_POOLegalDescPrincipalMerid":null,"attr_POOLegalDescQtr":null,"attr_POOLegalDescQtrQtr":null,"attr_POOLegalDescRange":null,"attr_POOLegalDescSection":null,"attr_POOLegalDescTownship":null,"attr_POOPredictiveServiceAreaID":"NW05","attr_POOProtectingAgency":"DNR","attr_POOProtectingUnit":"WASES","attr_POOState":"US-WA","attr_PredominantFuelGroup":null,"attr_PredominantFuelModel":null,"attr_PrimaryFuelModel":"Timber (Grass and Understory)","attr_SecondaryFuelModel":"Short Grass (1 foot)","attr_TotalIncidentPersonnel":7,"attr_UniqueFireIdentifier":"2025-WASES-000447","attr_FORID":null,"attr_WFDSSDecisionStatus":"No Decision","attr_EstimatedFinalCost":null,"attr_OrganizationalAssessment":null,"attr_StratDecisionPublishDate":null,"attr_CreatedOnDateTime_dt":1752878764357,"attr_ModifiedOnDateTime_dt":1767645435653,"attr_Source":"IRWIN","attr_IsCpxChild":0,"attr_CpxName":null,"attr_CpxID":null,"attr_SourceGlobalID":"{6CF17547-5A8E-4EB2-861F-6F87ECBB79BE}","GlobalID":"0883f11a-9483-428b-aa59-f9ad5b1fad10","Shape__Area":0.0049926287060770846,"Shape__Length":1.2236837023143203,"attr_IncidentComplexityLevel":"Type 2 Incident"}}]}