{"type":"FeatureCollection","features":[{"type":"Feature","id":40658,"geometry":{"type":"MultiPolygon","coordinates":[[[[-121.278781504683,45.6665126147538],[-121.278783889484,45.6664348813386],[-121.278900344898,45.6664448222764],[-121.278903669396,45.6665267364422],[-121.278781504683,45.6665126147538]]],[[[-121.286149634137,45.6694840609108],[-121.286279620147,45.669327986269],[-121.286403283715,45.6693790050266],[-121.286316030434,45.6694479307863],[-121.28623911058,45.6695064737721],[-121.286149634137,45.6694840609108]]],[[[-121.299124850326,45.679886197424],[-121.299161824259,45.6798559455115],[-121.299306595152,45.679928331882],[-121.299324695206,45.6801454889187],[-121.299207065379,45.6804983689545],[-121.298962762636,45.6805888514541],[-121.298897157125,45.6805267004577],[-121.298938506404,45.6803955254166],[-121.298947156499,45.680345350365],[-121.298950363647,45.6803267388647],[-121.299083192887,45.680231858949],[-121.299185188064,45.68014172646],[-121.2991875602,45.6800492200877],[-121.299182815594,45.6799828059232],[-121.299124850326,45.679886197424]]],[[[-121.306011427406,45.6940036794911],[-121.305900667885,45.693962393334],[-121.305812491923,45.6939906465573],[-121.305532085346,45.6938154628812],[-121.30525845135,45.6936418361311],[-121.305156554373,45.6935771799705],[-121.304712012128,45.6932951031197],[-121.30408659664,45.6929035191179],[-121.303175919976,45.6921317225872],[-121.302976083481,45.6919623582421],[-121.301751314886,45.6909243173932],[-121.301908501052,45.6908557436725],[-121.301199485389,45.6902743954726],[-121.301228690856,45.6902510816415],[-121.301249220871,45.6902346927188],[-121.301939671364,45.6908443605812],[-121.301974444335,45.6908869822366],[-121.302001770378,45.6909105489282],[-121.302021120032,45.6909558240928],[-121.302052280569,45.6909829705001],[-121.302093419134,45.6910096968013],[-121.302127755807,45.6910246899477],[-121.302160985063,45.691065775538],[-121.30218402298,45.6910883854814],[-121.302214409262,45.6911157872614],[-121.302233974633,45.6911493549723],[-121.302269302931,45.6911827013708],[-121.302306136309,45.691204664401],[-121.302349300253,45.6912162429632],[-121.302363449768,45.6912421886368],[-121.302405356094,45.6912629121985],[-121.302438994924,45.6912845542832],[-121.302458318158,45.6913179598685],[-121.302492739041,45.6913328956494],[-121.302518011949,45.6913714076252],[-121.302546750376,45.6913989159723],[-121.302569481142,45.6914357476258],[-121.302578174067,45.6914645889846],[-121.302619141507,45.6914668571534],[-121.302649512862,45.6914899385823],[-121.3026903714,45.6915078648695],[-121.302714411591,45.6915335501937],[-121.302731732084,45.6915616900414],[-121.302753367615,45.691599324492],[-121.302782949194,45.6916260595613],[-121.302824213213,45.6916769928401],[-121.302853412001,45.6916965302534],[-121.302876962841,45.6917307444074],[-121.30291904269,45.6917416005363],[-121.302935908368,45.6917721870405],[-121.302971523842,45.6917591771574],[-121.30301575989,45.6917772574201],[-121.303040853251,45.6917984504754],[-121.303085962993,45.6918146470588],[-121.303105852501,45.6918475619131],[-121.303140634496,45.6918818951527],[-121.303179090113,45.6919167358151],[-121.303216816656,45.6919472593279],[-121.303256713799,45.6919727017624],[-121.303262577185,45.6920005880948],[-121.303286149856,45.6920265922956],[-121.303320990206,45.6920137810582],[-121.303326541382,45.6920439457564],[-121.303354215255,45.6920633819372],[-121.303393266715,45.6921017101576],[-121.303426115803,45.6921346755327],[-121.303469660193,45.6921493451239],[-121.303481275869,45.6921800449246],[-121.303516919362,45.6922203281206],[-121.30354136627,45.6922472349637],[-121.303569030239,45.6922756015326],[-121.303713013765,45.6923824494701],[-121.303748874314,45.6924126095358],[-121.303779461644,45.6924321515828],[-121.303814756233,45.6924524881437],[-121.303853587379,45.6924726168898],[-121.303876361752,45.6924963070317],[-121.30389275322,45.6925356272816],[-121.303927013805,45.6925525178745],[-121.30393305172,45.6925837714259],[-121.303978453026,45.6925902687521],[-121.304003523462,45.692625756104],[-121.304041395099,45.6926501532261],[-121.304064793153,45.6926804293136],[-121.304092071625,45.6927098393472],[-121.304132936712,45.692711237689],[-121.304129151463,45.6927405901211],[-121.304141187306,45.6927754156637],[-121.304178977442,45.6927658633188],[-121.304210120141,45.6927911306952],[-121.304245894741,45.6928184112719],[-121.304272984316,45.6928478891362],[-121.304302974365,45.6928741756572],[-121.304339135812,45.6929044180428],[-121.3043836322,45.6929358834545],[-121.304415480411,45.6929531071591],[-121.304442075831,45.6929762464283],[-121.304464692471,45.6930116704523],[-121.304505623875,45.6930367094859],[-121.304554511454,45.6930464413434],[-121.304580587096,45.6930839072882],[-121.304623218842,45.6930978719581],[-121.304660053078,45.693116071708],[-121.304706560366,45.6931380898859],[-121.304734941284,45.6931628461699],[-121.304765556649,45.6931950788546],[-121.304798394838,45.6932222075886],[-121.304835593457,45.6932448789608],[-121.30486851646,45.6932665945297],[-121.304898236404,45.6932956547094],[-121.304933970351,45.6933207176042],[-121.304975153114,45.6933437799154],[-121.30502153342,45.693366702133],[-121.305058566962,45.6933986657129],[-121.305087996109,45.6934272087178],[-121.305121273699,45.6934518637788],[-121.305149094078,45.6934313107005],[-121.305159183843,45.6934638939692],[-121.305198003635,45.6934742300686],[-121.305220052745,45.6935018035086],[-121.305248773918,45.6935247912265],[-121.305293339575,45.6935356357147],[-121.305338148985,45.6935529788026],[-121.305368393534,45.6935714296565],[-121.305410790387,45.6935970970796],[-121.305442918606,45.6936242781945],[-121.305481329219,45.6936371964371],[-121.305542434087,45.693653051776],[-121.305566388267,45.6936837168956],[-121.305620790345,45.6937136922014],[-121.305661687709,45.6937248595736],[-121.305684894539,45.6937498221466],[-121.305723032677,45.6937643589345],[-121.305737176122,45.6937921926747],[-121.305764085111,45.6938198720382],[-121.30579546916,45.6938463312199],[-121.305822395953,45.6938751863474],[-121.30588842002,45.6938990509375],[-121.30592724435,45.6939100471398],[-121.305979502022,45.6939253927053],[-121.306010000953,45.6939508844489],[-121.30605333026,45.6939722320879],[-121.306030053266,45.693989932675],[-121.306011427406,45.6940036794911]]],[[[-121.202046079467,45.6446932357454],[-121.202609451009,45.6445932202121],[-121.202801730605,45.644686778471],[-121.203196122537,45.6446724211749],[-121.203337086127,45.6447141476756],[-121.203474790947,45.6450113845011],[-121.203373836101,45.6456999684272],[-121.203379840196,45.6459158520503],[-121.203304069306,45.6461504659257],[-121.203297645117,45.6463746934],[-121.203483509382,45.6465504991302],[-121.203530268101,45.6469032444923],[-121.203440203891,45.6473534462652],[-121.203356720202,45.6475737496456],[-121.203434342851,45.6476997688679],[-121.203338510379,45.6482095117572],[-121.203227581983,45.6483953563144],[-121.202986574596,45.6485850571812],[-121.202878412344,45.6486744008732],[-121.202897486052,45.64885922418],[-121.202613521111,45.649130662443],[-121.202737670211,45.649333990007],[-121.202726374286,45.6495865294788],[-121.202582324028,45.6496526535575],[-121.202346190255,45.6496720628942],[-121.202274567136,45.6499038795296],[-121.202136038926,45.6497770140177],[-121.202062241673,45.6493756415264],[-121.202057784889,45.6491058466001],[-121.201853732986,45.6489979355421],[-121.201850407291,45.648925683693],[-121.201794730063,45.64791718657],[-121.201715420931,45.6473037489927],[-121.201780490809,45.6465919683939],[-121.201795533088,45.6459249078825],[-121.201810568233,45.6455417903712],[-121.201707700065,45.6451627004588],[-121.201787283743,45.6449366505884],[-121.202046079467,45.6446932357454]]],[[[-121.220518469085,45.6638666278332],[-121.219731471625,45.6632470888949],[-121.219520113297,45.6632450202796],[-121.219343542429,45.6632316838303],[-121.219310230911,45.6632543756341],[-121.219267250415,45.6632567944481],[-121.219225724062,45.6632596523662],[-121.219188757924,45.6632799670765],[-121.219183803413,45.6633136301814],[-121.219138723075,45.6633073743192],[-121.219099641041,45.6632910220301],[-121.219051763343,45.6632968762133],[-121.219003402925,45.6632997310344],[-121.218966935388,45.6632884693574],[-121.218926471211,45.6632993234995],[-121.218884254161,45.6633043133329],[-121.218837328081,45.6633007812892],[-121.21879628243,45.6632948703037],[-121.218755812987,45.6633037639675],[-121.218707327993,45.6633166835009],[-121.218678190657,45.6633359153371],[-121.218638399991,45.6633558108517],[-121.218636547863,45.6633872191293],[-121.218637713444,45.6634149084101],[-121.218672654676,45.6634303307829],[-121.218702465858,45.6634556138802],[-121.218742954998,45.6634682265978],[-121.218705042683,45.6634789669295],[-121.218696141857,45.6635089015722],[-121.218742680504,45.6635183875811],[-121.218795201556,45.6635191691166],[-121.218838175415,45.6635271969608],[-121.21884572943,45.6635548515171],[-121.218838266487,45.6635871030723],[-121.218869449355,45.663604462125],[-121.218871647313,45.6636329197059],[-121.218857041742,45.6636628587917],[-121.218823955356,45.6636858378707],[-121.218838091008,45.6637194818241],[-121.218856735615,45.6637491151128],[-121.218880830956,45.6637794598873],[-121.218869123613,45.6638085471545],[-121.218856717179,45.6638345707278],[-121.218840836167,45.6638648235363],[-121.218803772418,45.6638898999366],[-121.218768454658,45.6639104266105],[-121.218743029523,45.6639393452508],[-121.218712962563,45.6639685209005],[-121.218688862038,45.6639974754827],[-121.218672225019,45.6640284400705],[-121.218641054496,45.6640516565496],[-121.218615530193,45.6640768555003],[-121.218576341908,45.6640995129682],[-121.218545471279,45.6641220896914],[-121.218513999434,45.6641497525109],[-121.218489003204,45.664174089876],[-121.218466319546,45.6642043150896],[-121.218443061532,45.6642306751044],[-121.218424672823,45.6642620525657],[-121.218390344825,45.6642840836452],[-121.218342412351,45.6642889104061],[-121.218305157498,45.664279685783],[-121.218267066655,45.6642707163932],[-121.218243618857,45.6642487590486],[-121.218202774925,45.6642362329097],[-121.218164849116,45.6642140548526],[-121.218143527408,45.6641905414591],[-121.218133627557,45.6641602768266],[-121.218111881943,45.664133020568],[-121.218083775486,45.6641097548039],[-121.218058655098,45.664084546259],[-121.218017025416,45.6640654894394],[-121.217983107808,45.6640456331663],[-121.21798234828,45.6640164227049],[-121.21798648383,45.6639845254082],[-121.217972755622,45.6639528564065],[-121.21797321306,45.6639214252148],[-121.217965840225,45.6638891315363],[-121.217920749949,45.6638961998518],[-121.217887625143,45.6638802281004],[-121.217845662961,45.6638666983268],[-121.217805634031,45.6638691839772],[-121.217760180632,45.663875532896],[-121.21773399161,45.6638539251391],[-121.217712795012,45.6638273510109],[-121.217694038801,45.6638013800159],[-121.21767125724,45.6637718987603],[-121.21763448782,45.6637444519835],[-121.217609728963,45.6637157925654],[-121.217578463455,45.663685807269],[-121.217547638983,45.6636583636184],[-121.217513902589,45.6636285122064],[-121.217489543709,45.6636054770471],[-121.217464146548,45.6635767603281],[-121.217440478852,45.6635523488775],[-121.217418595848,45.663529261645],[-121.217409440117,45.6634950363928],[-121.217425810386,45.6634661006409],[-121.217443378511,45.6634360887005],[-121.217436661849,45.6634040113879],[-121.217433368452,45.6633683178899],[-121.217397246514,45.6633416246161],[-121.217367802978,45.6633700943416],[-121.217345690363,45.6633932396954],[-121.217305871153,45.6633802993992],[-121.217267908199,45.6633681457544],[-121.217240135604,45.6633447391821],[-121.217195402839,45.6633266106733],[-121.217166425597,45.6632972437372],[-121.217136974762,45.663277444428],[-121.217110464461,45.6632556531559],[-121.2170935598,45.6632295411619],[-121.217073258946,45.6632053033501],[-121.217053975528,45.6631718886391],[-121.217033216804,45.6631398352111],[-121.217025266826,45.6631108091159],[-121.2170046818,45.6630842508995],[-121.216993550481,45.663055495299],[-121.216969154581,45.6630238878893],[-121.216943134845,45.6629967574389],[-121.216924995684,45.662968356036],[-121.216907026531,45.6629411375974],[-121.216893254451,45.6629094840177],[-121.216877174472,45.6628821928275],[-121.21685581293,45.6628493189269],[-121.216835083293,45.6628200984438],[-121.216822724458,45.6627905424053],[-121.216802218052,45.6627609039867],[-121.21678521422,45.6627265980592],[-121.216769069121,45.6626947898442],[-121.216752786366,45.6626670734163],[-121.216738656609,45.6626382155799],[-121.216721937167,45.6626128329492],[-121.216708014749,45.6625861979038],[-121.21668865467,45.662553291024],[-121.216675474472,45.6625250508601],[-121.216657113943,45.6624950268011],[-121.216640653086,45.6624626833749],[-121.216628708973,45.6624337536646],[-121.216609874559,45.662402970449],[-121.216591193505,45.6623736824969],[-121.216581523158,45.6623443438955],[-121.216567727505,45.6623152032819],[-121.216552555705,45.6622861124741],[-121.216541349608,45.6622539986864],[-121.216520103349,45.6622250952969],[-121.216502580285,45.6621931686115],[-121.216487329447,45.6621605055576],[-121.216468583098,45.6621258566533],[-121.216450698837,45.6620966573684],[-121.216435058871,45.6620702514208],[-121.216420185632,45.6620357560503],[-121.216404583772,45.662001789662],[-121.216390162163,45.6619685268151],[-121.216371479514,45.6619367187638],[-121.216357521459,45.6619038939301],[-121.216341034132,45.6618742425252],[-121.216328765184,45.6618441397509],[-121.216313347352,45.6618103116752],[-121.216291670065,45.661776959145],[-121.216276567313,45.6617420512917],[-121.216257979535,45.6617078539271],[-121.216239851757,45.661674635321],[-121.216224617034,45.661642728776],[-121.21620892532,45.6616104948328],[-121.216193435571,45.6615797450613],[-121.216176759391,45.6615502666269],[-121.216162478763,45.6615218189925],[-121.21614724382,45.6614910226698],[-121.216131948695,45.6614614728016],[-121.216115274103,45.6614279906683],[-121.216101974561,45.6613969206877],[-121.216083197073,45.6613628243167],[-121.21606345466,45.6613271755575],[-121.216040235497,45.6612899087969],[-121.216023958427,45.6612574309845],[-121.216006106013,45.6612276574139],[-121.215992727046,45.6611948352816],[-121.215972791087,45.6611618760009],[-121.215954904272,45.6611316014967],[-121.215941104676,45.661099618653],[-121.215925633496,45.6610699267757],[-121.215907622361,45.6610383178634],[-121.215890641727,45.6610066189748],[-121.215871499168,45.6609746148062],[-121.215857507875,45.6609458855498],[-121.21584349406,45.6609194713655],[-121.215827831158,45.6608844651974],[-121.215806113352,45.6608533755641],[-121.215792350091,45.6608163568362],[-121.215773012558,45.6607833155828],[-121.215754125928,45.6607498001247],[-121.215736618902,45.6607179577754],[-121.215718863099,45.6606879829286],[-121.215701828339,45.6606565578479],[-121.215682453094,45.6606247062155],[-121.215662007314,45.6605937455314],[-121.215645315347,45.6605627457049],[-121.215622839224,45.660528746528],[-121.215604650121,45.6604985862715],[-121.215436788069,45.6602194002948],[-121.215400073296,45.6599964936008],[-121.214941470929,45.6596526622975],[-121.214491732,45.6591377116222],[-121.213434366595,45.6582252094203],[-121.212718759939,45.6576505736253],[-121.212714064883,45.6576498059674],[-121.21194963486,45.6567839985729],[-121.210946629729,45.6558091887959],[-121.210440473427,45.6552907154001],[-121.210000034896,45.6548481902417],[-121.20995559207,45.6548035347323],[-121.20994020493,45.654771530125],[-121.209459344821,45.6541554183801],[-121.209036612384,45.6539179925663],[-121.208747071536,45.6535184235525],[-121.208498064035,45.6532867897591],[-121.20817956485,45.6530783203941],[-121.207803162125,45.6528988028325],[-121.207548363952,45.6526324238044],[-121.207496828866,45.6524483699754],[-121.207084426927,45.6523686265266],[-121.205522331265,45.6517671803906],[-121.205639729049,45.6514100321106],[-121.205770325132,45.6509860358423],[-121.205358638002,45.6505899339146],[-121.205239009163,45.6502373464931],[-121.205368240715,45.6500577814629],[-121.205132234197,45.649829734469],[-121.20552308805,45.6493778284407],[-121.205844125138,45.6493941455396],[-121.206000309003,45.6492583283687],[-121.207036171502,45.6487365891488],[-121.207100560901,45.6486546874745],[-121.207133163441,45.6483042166077],[-121.206897833907,45.6480525136808],[-121.207200276113,45.6477334205044],[-121.207474747653,45.6476031961658],[-121.207489190802,45.6472958390484],[-121.206987048221,45.6474977933276],[-121.205534637298,45.6479900583954],[-121.20559744285,45.6481604878689],[-121.205379013088,45.6483033195544],[-121.204886685978,45.6483595155592],[-121.204490645083,45.6487955882015],[-121.203993085881,45.649126620724],[-121.203875754508,45.6484089375537],[-121.203940782958,45.6468262544586],[-121.204056118206,45.6456899159788],[-121.204164236834,45.6450147776814],[-121.20379594987,45.6443179288188],[-121.2023550369,45.6437331368231],[-121.202333792896,45.6430993553866],[-121.202920187856,45.6425704737491],[-121.202576430653,45.641505239433],[-121.20236715267,45.6412145755572],[-121.202387310803,45.6412112201231],[-121.202695466097,45.641190965961],[-121.203632314894,45.6411293845931],[-121.204061502527,45.6411194656358],[-121.204550990856,45.6410376270598],[-121.20498149957,45.6409042345292],[-121.204921198834,45.641179502365],[-121.204775771155,45.6414522902856],[-121.204594873691,45.6415911632175],[-121.204623250648,45.6418093922632],[-121.205002781003,45.6419284259313],[-121.205580944621,45.6425707053673],[-121.206368132731,45.6430810256661],[-121.205935396276,45.6433835616431],[-121.205591335571,45.6432918088234],[-121.205105393163,45.6433562846263],[-121.204867745837,45.643683616765],[-121.204665564936,45.6437456114249],[-121.204399539071,45.6436637787814],[-121.204328598555,45.6439687904312],[-121.204587530119,45.6443705124316],[-121.205667779325,45.644598137748],[-121.205728077666,45.644724603812],[-121.205472692822,45.6448585096874],[-121.205476239601,45.6451238400906],[-121.205238591234,45.6454486831086],[-121.207304366063,45.6453244504489],[-121.207545562615,45.645083917922],[-121.207676803845,45.6447169177514],[-121.207659068444,45.6443548749005],[-121.207795947412,45.6442380393756],[-121.208017600987,45.6440365669772],[-121.208320377961,45.6437086336713],[-121.208648683071,45.6433530443421],[-121.208545821507,45.6430629079189],[-121.208776376751,45.6430232310879],[-121.209952875802,45.646644951761],[-121.210582633975,45.6485834040583],[-121.210952555122,45.6487988211173],[-121.211062477013,45.6487895945379],[-121.211177338591,45.6487809595446],[-121.211289824195,45.6487590177757],[-121.211398079081,45.6487285678633],[-121.211494621253,45.6486876921276],[-121.211586419822,45.6486392677911],[-121.211666181811,45.6485833832875],[-121.21172556811,45.648521317446],[-121.21177436691,45.648451956322],[-121.211806695652,45.6483791684617],[-121.211828078846,45.6483057093855],[-121.211829195926,45.6482326344552],[-121.211821440456,45.6481588793109],[-121.211813867248,45.6480863763507],[-121.211805622145,45.6480157632647],[-121.211795372427,45.6479470481567],[-121.211785765544,45.6478767870334],[-121.211777929235,45.6478101823588],[-121.211772259933,45.6477507675843],[-121.211770011495,45.6476972404039],[-121.211768954611,45.6476500309393],[-121.211768997084,45.6476084262815],[-121.211774690393,45.6475495038291],[-121.211789055231,45.6475128873465],[-121.211981648261,45.6473333728215],[-121.212202152391,45.6472865429875],[-121.212453361022,45.6472806894151],[-121.212473346851,45.6491020135176],[-121.212474339876,45.6491926379061],[-121.212478481133,45.6495699444943],[-121.212508328125,45.6500645182611],[-121.212570557197,45.6500144269689],[-121.212634521607,45.6499798648518],[-121.212685626709,45.6499763921576],[-121.212755935663,45.6499969435105],[-121.212932109267,45.6500484344276],[-121.212975517845,45.6500505947729],[-121.213020467198,45.6500424017628],[-121.213108789917,45.6500278301073],[-121.213158792811,45.6500084885548],[-121.213204051047,45.649972727406],[-121.213225554175,45.6499284143835],[-121.213229034566,45.6498842984353],[-121.213221901826,45.6498417181721],[-121.213211793317,45.6497968914695],[-121.213198268273,45.6497534855273],[-121.213182216135,45.6497127779112],[-121.213171132735,45.6496745808006],[-121.213161588982,45.6496377490642],[-121.213153422838,45.6496011113684],[-121.213149101203,45.6495660157447],[-121.21314915775,45.649537539601],[-121.213158584212,45.6494904300763],[-121.213169681453,45.6494577624021],[-121.213206866806,45.6494237931559],[-121.21324510599,45.6494127663635],[-121.213324351986,45.6494098165002],[-121.213397238921,45.6494025111557],[-121.213436143157,45.6493950529936],[-121.213477650154,45.649387381019],[-121.213517755209,45.6493795178392],[-121.213581110527,45.6493624690416],[-121.213637866144,45.6493505303053],[-121.213694998144,45.6493336669362],[-121.213708846905,45.6493293736628],[-121.21376145225,45.6493130659883],[-121.213819112878,45.6492877312687],[-121.213830505925,45.6492809247713],[-121.213863332646,45.6492613079629],[-121.213888576975,45.6492225807698],[-121.213888967002,45.6491743665549],[-121.213873493475,45.6491159959888],[-121.213862417835,45.6490824881669],[-121.21385446856,45.6490476450034],[-121.213846835938,45.6490118534132],[-121.213842578082,45.6489770696107],[-121.21383930892,45.6489408078532],[-121.213838894894,45.6488965446604],[-121.213839196229,45.6488490372493],[-121.213840232263,45.648805951029],[-121.21384205473,45.6487653540074],[-121.213841987662,45.6487277618418],[-121.213842022105,45.6486911146514],[-121.213841464705,45.6486545331492],[-121.213841321875,45.6486198322108],[-121.213841720402,45.6485875122018],[-121.213841267853,45.6485563876982],[-121.213841366879,45.6485267092632],[-121.213840053788,45.6484961199352],[-121.213838315164,45.6484651454265],[-121.213836670403,45.6484335675393],[-121.213833364081,45.6484016524955],[-121.21383082594,45.6483682707379],[-121.213828362744,45.6483351395418],[-121.213827370046,45.6483258416938],[-121.213824735269,45.6483012210007],[-121.213819541221,45.6482640721555],[-121.213814429522,45.648225080201],[-121.213809857607,45.6481834784937],[-121.213804948174,45.6481401055147],[-121.213803094088,45.6480955712718],[-121.213801743358,45.6480509736778],[-121.21380293658,45.6480057685608],[-121.213805475511,45.6479631553993],[-121.213811080791,45.6479237885871],[-121.213817383578,45.6478860513941],[-121.213830910324,45.6478505329197],[-121.21384814503,45.6478164169722],[-121.213863470969,45.6477810629639],[-121.213878010456,45.6477434257855],[-121.213892100893,45.6477040252115],[-121.213904469685,45.6476621312403],[-121.21391875038,45.6476212143882],[-121.213935565168,45.6475776567229],[-121.213954369814,45.6475327769391],[-121.213964243639,45.6474866515403],[-121.21398435665,45.6474409423332],[-121.214001166747,45.6473938074326],[-121.214027962278,45.6473477308597],[-121.214057427185,45.6473016505918],[-121.21407808397,45.6472517013082],[-121.214100031531,45.6472015723003],[-121.214133525927,45.6471524228059],[-121.214160542547,45.6470997805564],[-121.214187092026,45.6470502280564],[-121.214214850908,45.6470024172073],[-121.214238895468,45.6469513477679],[-121.214266759358,45.6469010476622],[-121.214294332305,45.6468533566855],[-121.21432225117,45.6468071859006],[-121.214349954784,45.6467645549841],[-121.214376928979,45.6467209316315],[-121.214404299201,45.6466817297332],[-121.214431028273,45.6466434800359],[-121.214456121996,45.6466063847451],[-121.214483073034,45.6465716596465],[-121.214504565242,45.646539674192],[-121.214522700911,45.6465073133486],[-121.214543501884,45.6464743118324],[-121.214648174022,45.6463841866707],[-121.214555402269,45.646163683179],[-121.21416185131,45.6458605753332],[-121.214245229725,45.6455388174197],[-121.214815545134,45.645095802588],[-121.214758972804,45.6450152909385],[-121.214623410729,45.6449771944004],[-121.214227958903,45.6450344202529],[-121.21333550572,45.6450022597942],[-121.212567256741,45.6450183402033],[-121.212435975662,45.6451804845972],[-121.211874348458,45.6438834507528],[-121.212395392025,45.643893858302],[-121.212708018105,45.6438522265861],[-121.213128696142,45.64379475943],[-121.213436230416,45.6437680596192],[-121.214127823571,45.6438049258243],[-121.214998712777,45.6440859347032],[-121.215579304243,45.6442680685295],[-121.216537903717,45.6443206622704],[-121.216577688063,45.6443258952723],[-121.216625054953,45.6443086906942],[-121.216981269237,45.6443434829946],[-121.217037795866,45.6443634666409],[-121.21707483273,45.6443448019465],[-121.2171156767,45.6443349985771],[-121.217171661113,45.6443247272494],[-121.217224210038,45.6443174136071],[-121.217269655064,45.6443151287797],[-121.217327995214,45.6443080045313],[-121.21739025982,45.6443035067546],[-121.217417687431,45.6442829646617],[-121.217473313454,45.6442607175118],[-121.217525476271,45.6442568079134],[-121.21756772051,45.6442347291196],[-121.217612806183,45.644223067757],[-121.21766063421,45.6442180915225],[-121.217700308055,45.6442116762414],[-121.21772607399,45.6441845142801],[-121.217771716581,45.6441750375419],[-121.217835356658,45.6441553565386],[-121.21785466133,45.6441311654359],[-121.217887171288,45.6441159111616],[-121.217933196043,45.6441037589692],[-121.217963503409,45.6440843777049],[-121.218002698826,45.6440667602321],[-121.218016011396,45.644038107293],[-121.218058223576,45.644028607398],[-121.218102076982,45.6440043475276],[-121.218137560603,45.6439838862948],[-121.218167164398,45.6439653892112],[-121.218216587854,45.643939946188],[-121.21827224965,45.6439280226352],[-121.218282228899,45.6439170028958],[-121.218290821393,45.6439075139794],[-121.218300062963,45.6438973076069],[-121.218322456931,45.6438722571318],[-121.21836815686,45.6438603091937],[-121.218407333538,45.6438459414593],[-121.2184738979,45.6438402668783],[-121.218513818599,45.6438249813324],[-121.218553531792,45.6438202065932],[-121.218594078142,45.6438267945985],[-121.218650872511,45.6438251602256],[-121.21870475964,45.6438361171641],[-121.218748574774,45.6438542499553],[-121.218787055524,45.6438737470626],[-121.218825719058,45.6438876414222],[-121.218856743992,45.6439050204838],[-121.218910895173,45.6439239678557],[-121.218943821217,45.6439395052018],[-121.219019862277,45.6439703022466],[-121.219060232849,45.6439915636883],[-121.219088403953,45.6440110025678],[-121.219129659886,45.6440217031149],[-121.219177044191,45.6440326781945],[-121.219240577632,45.6440541148551],[-121.219278279129,45.6440740493505],[-121.219323531272,45.6440676397255],[-121.219370460873,45.6440662365725],[-121.21941052792,45.6440668819387],[-121.219466220078,45.6440856324426],[-121.219505509972,45.6440840314715],[-121.219544102368,45.6440976480199],[-121.219583422255,45.6441096361016],[-121.219619325425,45.6441263785651],[-121.219671769941,45.6441381536699],[-121.219711174482,45.6441441841893],[-121.219766689892,45.6441643787767],[-121.21981081723,45.6441670089974],[-121.219866336865,45.6441921546314],[-121.219918326137,45.644181049129],[-121.219955655674,45.6441556104754],[-121.22000106279,45.6441653926679],[-121.220063853969,45.6441781071332],[-121.220117866501,45.6441915557555],[-121.220165592373,45.6442138161322],[-121.22021208438,45.6442256204207],[-121.220270487919,45.6442394954104],[-121.220307437215,45.6442657070017],[-121.220370613094,45.6442593252291],[-121.220412629696,45.6442759407542],[-121.220459306774,45.6442787430782],[-121.220497352231,45.6442708631408],[-121.220552521773,45.6442886023695],[-121.220593163906,45.6442976741011],[-121.220635703823,45.6442975714592],[-121.220679956294,45.644288664464],[-121.220728902712,45.6442961968945],[-121.220787803375,45.644305091354],[-121.220837505694,45.6443213624941],[-121.220891762752,45.6443408958118],[-121.22092894789,45.6443222892576],[-121.220965658363,45.6443341094061],[-121.221030019698,45.6443356338508],[-121.221065318284,45.6443235105087],[-121.221129520198,45.6443211140321],[-121.221171365875,45.6443076709307],[-121.22121973329,45.6443149521049],[-121.221299411763,45.64431598525],[-121.221261758894,45.6443283714907],[-121.221290865489,45.6443493047985],[-121.221303322343,45.644377090346],[-121.221350472344,45.644395313179],[-121.221407094387,45.6443898151671],[-121.221477341859,45.644393259065],[-121.221510994849,45.6444191334094],[-121.221555134898,45.644422857846],[-121.221614646698,45.6444251226374],[-121.22167995047,45.6444300886152],[-121.221731967634,45.644456017018],[-121.221780265373,45.6444485125091],[-121.221833128317,45.6444357911833],[-121.221872334237,45.6444430305161],[-121.221927430432,45.6444479135532],[-121.221968379417,45.6444697705355],[-121.222011885158,45.6444785532997],[-121.222060398409,45.6444860896459],[-121.222090865659,45.644495408965],[-121.222102921988,45.6444990962891],[-121.222150170634,45.6445071541356],[-121.222189082939,45.6445152148125],[-121.222209586123,45.6445068442409],[-121.222236537858,45.6444958409045],[-121.222288229859,45.6445050238112],[-121.222344079274,45.6445081817536],[-121.222390035936,45.6445121231925],[-121.222436309267,45.6445008161237],[-121.222476691127,45.6444832779999],[-121.222517234846,45.6444839589497],[-121.222572572763,45.6444910264939],[-121.2226150589,45.6444851949931],[-121.222657220014,45.6444805513051],[-121.222706042788,45.6444808544802],[-121.222753871517,45.6444815713428],[-121.222818207462,45.6444634776203],[-121.22284472052,45.6444403253279],[-121.222891041513,45.6444363009604],[-121.222937237462,45.6444281404663],[-121.222977698571,45.6444335848474],[-121.223022828608,45.6444371766567],[-121.223075320578,45.6444304833375],[-121.22312220104,45.6444344448741],[-121.223181597095,45.6444241154012],[-121.223220989768,45.6444301763048],[-121.223240459884,45.6444044186813],[-121.223286231321,45.644394328988],[-121.223352165602,45.6443889245432],[-121.223398551954,45.6443925597276],[-121.223446336055,45.6443861553536],[-121.223491902814,45.6443905099388],[-121.223535109638,45.6443887592452],[-121.22358677597,45.6443795561012],[-121.223640242947,45.6443818662276],[-121.223661802035,45.6443885392727],[-121.223984462835,45.6444546504974],[-121.224032082871,45.6444598873874],[-121.224074446635,45.6444735133083],[-121.224105611544,45.644491772737],[-121.224152894345,45.6445060942679],[-121.22420669379,45.6444991305359],[-121.224253759947,45.6445118284848],[-121.224293745115,45.6445063411432],[-121.224349394936,45.6445060624605],[-121.224401431082,45.6445061713989],[-121.22445247963,45.6444980288594],[-121.224519958959,45.6445090897416],[-121.224584413792,45.6445159811428],[-121.224631484226,45.6445329867402],[-121.224692027333,45.6445354352227],[-121.224730087848,45.6445269483081],[-121.224767913598,45.6445432265391],[-121.224823234507,45.6445483038607],[-121.224856935842,45.6445639301184],[-121.224892970599,45.644576408215],[-121.224949506371,45.6445702837229],[-121.224980612565,45.6445885396844],[-121.225027236704,45.6445836335744],[-121.225077213449,45.6445869462513],[-121.225142351817,45.6445816905832],[-121.225180424342,45.6445891337688],[-121.225218833677,45.6446061073161],[-121.225259918781,45.6446078024377],[-121.225304656015,45.6446019785048],[-121.225347944856,45.6446046937106],[-121.225392670134,45.6446152329013],[-121.225436187278,45.6446136685237],[-121.225493716803,45.6446189207809],[-121.225547199917,45.6446178038299],[-121.225591714171,45.6446051775384],[-121.225624100577,45.6446260669519],[-121.225670463683,45.6446343448013],[-121.225711195797,45.6446588181919],[-121.22576086926,45.6446682864957],[-121.225805084108,45.6446773981501],[-121.225852246035,45.6446978575892],[-121.225895938764,45.6446993302835],[-121.225936833055,45.6447139660258],[-121.225984252988,45.644725784766],[-121.226024464359,45.644728676259],[-121.226076867098,45.6447540794147],[-121.22611632487,45.6447580372123],[-121.226163694034,45.644765213675],[-121.226206514332,45.6447939277823],[-121.226253071304,45.6448057616645],[-121.22629550902,45.6448326130074],[-121.226340316772,45.6448428490214],[-121.226377166475,45.6448539981272],[-121.226400910462,45.64488029065],[-121.226437384571,45.6449022350259],[-121.22646437383,45.6449256741985],[-121.22649540084,45.6449558001638],[-121.226522662877,45.6449867241418],[-121.226511405394,45.6450149703275],[-121.226536014866,45.6450365474516],[-121.226551120866,45.6450620091385],[-121.226578531993,45.6450846134301],[-121.226626423312,45.6451143386714],[-121.226675699698,45.6451272648503],[-121.226711916226,45.6451449389008],[-121.226750805082,45.6451632522393],[-121.22678864231,45.6451800560779],[-121.226836214937,45.6451873623641],[-121.226876429851,45.6451943670317],[-121.226911969079,45.6452173157448],[-121.226968248372,45.6452107564143],[-121.227018128413,45.6452163136497],[-121.227063414109,45.645214994104],[-121.227111402248,45.6451960773618],[-121.22715781011,45.6452216612247],[-121.227203698088,45.645230451557],[-121.227241282384,45.6452454960829],[-121.227291922267,45.6452438741697],[-121.227341210661,45.6452525506499],[-121.227391355681,45.6452835481641],[-121.227443264768,45.6453020754684],[-121.22748914951,45.6452935426354],[-121.227530742749,45.645292160385],[-121.227550676404,45.6452955048824],[-121.227585500857,45.6453013479925],[-121.227605180572,45.645286116785],[-121.227616204368,45.6452775855603],[-121.227653546446,45.6452652271011],[-121.22769199956,45.6452439518647],[-121.227732021678,45.6452363991809],[-121.227778116772,45.6452178241282],[-121.227812855858,45.6451871771388],[-121.227816732459,45.6451550179826],[-121.227810428738,45.6451120571892],[-121.227806588388,45.6450830419267],[-121.227833802637,45.6450612058209],[-121.22786664753,45.6450447068832],[-121.227882957436,45.6450192326521],[-121.227870524496,45.6449903544948],[-121.22791560122,45.6449604421321],[-121.227944009342,45.6449155515201],[-121.227966993926,45.6448892206251],[-121.228017198654,45.6448646692103],[-121.228057430091,45.6448488395468],[-121.228080884186,45.6448152126316],[-121.228120844981,45.6448329682278],[-121.228162645569,45.6448615035265],[-121.228189307233,45.6448904280965],[-121.228250436345,45.6449009316271],[-121.228300158209,45.6449069751456],[-121.228353846699,45.6449186297652],[-121.228396934016,45.6449127843274],[-121.228385869991,45.6448848567974],[-121.228422627332,45.644854698199],[-121.228457089168,45.6448267176845],[-121.228504165111,45.6448006488191],[-121.228552570336,45.6448115192896],[-121.228601197309,45.6448231864056],[-121.228654074775,45.6448348153459],[-121.228714901399,45.6448542555706],[-121.228752766757,45.6448721373611],[-121.228797253769,45.6448582081336],[-121.228851925038,45.6448588277202],[-121.228894358298,45.6448638439119],[-121.228936532464,45.6448641993871],[-121.228995904402,45.6448762267897],[-121.229019061335,45.644899620869],[-121.228976683176,45.6449173014477],[-121.228959164909,45.644943543619],[-121.22891472872,45.6449540923676],[-121.228872340769,45.6449518506168],[-121.228835881907,45.6449727413501],[-121.228786316436,45.6449805850592],[-121.228785389482,45.6450141708291],[-121.228803326248,45.645051293785],[-121.22881402677,45.645087272372],[-121.228804198701,45.6451182036246],[-121.228763698853,45.6451499205495],[-121.228738389314,45.6451716190542],[-121.228727402583,45.6451810372728],[-121.228703387493,45.6452068061105],[-121.228682549556,45.6452309401792],[-121.228643111077,45.6452489244287],[-121.22861508268,45.6452724977369],[-121.228598598333,45.6453020083668],[-121.228560039874,45.6453108784141],[-121.228507186991,45.6453263720295],[-121.228457099771,45.6453206808601],[-121.228438416989,45.6453466638768],[-121.228392619925,45.6453687129256],[-121.228375944175,45.6453970973721],[-121.22832047386,45.6454001767537],[-121.22830096685,45.6454346302746],[-121.228263708357,45.6454724619927],[-121.228230521584,45.6454756303173],[-121.228218632108,45.645476765946],[-121.228164241916,45.6454634223706],[-121.228126309499,45.6454774851207],[-121.228115529843,45.6454814812205],[-121.228056460651,45.6454832881754],[-121.228010484542,45.6455042837215],[-121.228025396667,45.6455326120072],[-121.228042840207,45.6455640276558],[-121.228083113261,45.6455835114657],[-121.228146693709,45.6456142487412],[-121.228188272905,45.6456184337696],[-121.228229682417,45.6456278642651],[-121.228252760589,45.6456532473408],[-121.228271365362,45.6456790991029],[-121.228302478829,45.6457008414215],[-121.228342798964,45.64570841445],[-121.228391790748,45.6457281785962],[-121.228428342367,45.645757262887],[-121.228438002385,45.6457631165852],[-121.228460512695,45.6457767565021],[-121.228492558735,45.6458028502751],[-121.22853949621,45.6458199181088],[-121.22857409236,45.6458410394698],[-121.228616255317,45.6458657980446],[-121.228643895013,45.6458870085706],[-121.22867526486,45.6459163202759],[-121.22870535942,45.6459367921364],[-121.228750870159,45.6459631466048],[-121.228801791877,45.6459692526202],[-121.228834453123,45.645984338981],[-121.228860064795,45.6460099985661],[-121.228896805257,45.6460245799628],[-121.228913621774,45.646049884933],[-121.228895236206,45.6460850621237],[-121.228942743898,45.6461022567027],[-121.228959978723,45.6461315204953],[-121.228974955482,45.64615872361],[-121.229019660907,45.646178893864],[-121.229046469987,45.6462097543855],[-121.229055873436,45.6462364676678],[-121.229033249108,45.6462645086643],[-121.229088616061,45.6462813681266],[-121.229101678432,45.6463126768392],[-121.229106839227,45.6463453195562],[-121.229119560988,45.6463727229358],[-121.229108444886,45.6464159064005],[-121.229080347296,45.6464520789066],[-121.229046123601,45.6464710591654],[-121.22903476866,45.6464992333046],[-121.229020598095,45.6465317687895],[-121.228987909633,45.6465522554842],[-121.228985133052,45.6465852355404],[-121.228950288138,45.6466194976542],[-121.22893310571,45.6466554905822],[-121.228946843716,45.6466969024666],[-121.228918912573,45.6467307382366],[-121.228922007895,45.6467605318299],[-121.228917376172,45.6467909619513],[-121.228975295041,45.6468191716394],[-121.229017145006,45.6468095108165],[-121.22905609149,45.6468184489208],[-121.229101525603,45.6468375691348],[-121.229152707837,45.646841999012],[-121.229130628333,45.6468413564932],[-121.22920754453,45.6468510756084],[-121.229258142611,45.6468591115267],[-121.229298990663,45.646856334246],[-121.229353894783,45.6468585779386],[-121.229389846192,45.6468421051244],[-121.229422867064,45.6468208200045],[-121.229465436784,45.6468109718942],[-121.229504241785,45.6468004328586],[-121.229543213351,45.6467836019829],[-121.229563764495,45.6467484588919],[-121.229616138588,45.6467354914968],[-121.229653920206,45.6467260933266],[-121.229688072232,45.64671117914],[-121.229736314389,45.6467022546633],[-121.229778442793,45.6466963616255],[-121.229821234919,45.6466796813806],[-121.229855460919,45.6466628161064],[-121.229893580212,45.6466488946973],[-121.229929593751,45.646626719848],[-121.229976273652,45.6466184231155],[-121.230010378875,45.6465987154565],[-121.230047169338,45.6465731734988],[-121.230087204143,45.6465506874112],[-121.230122183296,45.6465352640971],[-121.230151214042,45.6465133495617],[-121.230184811116,45.6464909062944],[-121.230210252491,45.6464613926679],[-121.230232092755,45.6464364018627],[-121.230268856492,45.6464158489049],[-121.230307392658,45.6463928430571],[-121.23033766919,45.646364686591],[-121.230345618698,45.6463206077519],[-121.230362005542,45.6462894240331],[-121.230384133765,45.6462649982184],[-121.230391978719,45.6462368512395],[-121.230406604431,45.6461943520172],[-121.230443845759,45.6461731401295],[-121.230463465031,45.6461390220525],[-121.230499894575,45.6461173248682],[-121.230496677819,45.6460868176859],[-121.230493902732,45.6460563419358],[-121.230513421324,45.6460217755191],[-121.230511883117,45.6459788868076],[-121.23053356427,45.6459397606403],[-121.230534991761,45.6458984890963],[-121.230539146285,45.6458680294773],[-121.230540912113,45.6458383621175],[-121.230535405002,45.6458015352456],[-121.230561585294,45.6457804562241],[-121.23055609202,45.645748967263],[-121.230592488228,45.6457217325172],[-121.230595061815,45.645682938821],[-121.2306305551,45.6456536970393],[-121.230641367123,45.6456194053655],[-121.230666376256,45.6455932799389],[-121.230667502237,45.6455638396947],[-121.230692203787,45.6455360202223],[-121.230711887452,45.6455068033237],[-121.230710470214,45.6454792206663],[-121.230723592431,45.6454488759967],[-121.230724543225,45.6454470787322],[-121.230775557178,45.6453151160158],[-121.230771702079,45.6452815195965],[-121.230783463182,45.6452381312722],[-121.230785474217,45.6451964628886],[-121.230799302781,45.6451562871253],[-121.23080517344,45.6451285590941],[-121.230799981924,45.6450938661676],[-121.230807872603,45.6450620732143],[-121.230810655723,45.6450301007157],[-121.230834344897,45.6449973283025],[-121.230828635821,45.6449585440097],[-121.230802276904,45.644932053668],[-121.230820973005,45.6449022616895],[-121.23083219221,45.6448647995473],[-121.230848015695,45.6448182872273],[-121.230838349091,45.6447759395828],[-121.230834458148,45.6447414391663],[-121.230816971722,45.6447146289123],[-121.230832184559,45.6446776141811],[-121.230803955829,45.6446515493786],[-121.230803589494,45.6446121702987],[-121.230796114844,45.644581121061],[-121.230745325805,45.6445486975607],[-121.230757262236,45.6445115548369],[-121.230723686814,45.6444783796654],[-121.230697757545,45.6444507511731],[-121.230682865913,45.6444147179263],[-121.230668433516,45.6443746411955],[-121.230649692938,45.6443451135073],[-121.230630766422,45.6443120502012],[-121.230638854778,45.644283605645],[-121.230631882182,45.6442564283253],[-121.230734323845,45.6442182374862],[-121.230385100578,45.643862385838],[-121.230371902858,45.64384893739],[-121.230436369916,45.6437426180704],[-121.230552824643,45.643550559877],[-121.23085900078,45.6434370461614],[-121.230866610496,45.6434191159242],[-121.230978958336,45.6431543850711],[-121.231002094193,45.6431093151401],[-121.231007978604,45.643097852016],[-121.231015634169,45.6430829346224],[-121.231009784046,45.6430686027173],[-121.231000522374,45.6430459148757],[-121.231000123218,45.6430168943762],[-121.231007255281,45.6429898386037],[-121.231015266699,45.6429520275482],[-121.231034585073,45.6429124058257],[-121.231053294091,45.6428628775477],[-121.231070942393,45.6428104264193],[-121.231083975299,45.6427634096001],[-121.231104299879,45.6427242467286],[-121.231119537845,45.6426911869002],[-121.231124449558,45.6426815139771],[-121.231140270896,45.642650356097],[-121.231168000487,45.6425995901191],[-121.231175366868,45.6425865549204],[-121.231184515796,45.6425703586842],[-121.23120988123,45.6425442335572],[-121.231235875899,45.6425157427415],[-121.231263927004,45.6424892985192],[-121.23126601459,45.6424873312962],[-121.231293698379,45.6424602460647],[-121.231326046271,45.642434297715],[-121.231358302931,45.6424057128614],[-121.231393319308,45.6423807195103],[-121.231423441197,45.6423528146656],[-121.231456621484,45.6423272749447],[-121.231473987764,45.6423174944817],[-121.231493145928,45.6423067041339],[-121.231519388848,45.6422829325029],[-121.231528984002,45.6422765313437],[-121.231570235276,45.6422490130568],[-121.231608361351,45.6422215502775],[-121.231643688616,45.6421906554724],[-121.231697275251,45.6421509264738],[-121.231727414179,45.6421243836076],[-121.231755061774,45.6420949853174],[-121.231779413542,45.6420655374476],[-121.231799406113,45.6420315948582],[-121.231824242108,45.6419997803985],[-121.23184149005,45.6419696985441],[-121.231861346513,45.6419438245393],[-121.231883836183,45.6419161274372],[-121.231905645281,45.641890895307],[-121.231946398801,45.6418429195655],[-121.231967136378,45.6418166432557],[-121.23198958478,45.6417889364917],[-121.232010697936,45.6417613325436],[-121.232033775872,45.6417335084687],[-121.232059861342,45.6417051581387],[-121.23208334621,45.6416748410955],[-121.232105592618,45.6416446730485],[-121.232123885891,45.6416143056944],[-121.23212591364,45.6415852376003],[-121.232144148065,45.6415602320142],[-121.232158362749,45.6415323095],[-121.232174723746,45.6415006892225],[-121.232186434624,45.6414658023731],[-121.23220077215,45.6414332194567],[-121.232215499256,45.641400610708],[-121.232231812072,45.6413661143302],[-121.232249318498,45.6413314764243],[-121.232269231443,45.6412966597109],[-121.232283762025,45.6412618154869],[-121.232299901851,45.6412243124291],[-121.232314389271,45.6411866820502],[-121.232328798122,45.6411504395217],[-121.232342974278,45.6411159717861],[-121.232351186654,45.6410807388171],[-121.232364151943,45.641046471193],[-121.232377864206,45.6410121413108],[-121.232394663032,45.6409788627742],[-121.232407099091,45.640943327156],[-121.23241864913,45.6409089244239],[-121.23242670199,45.6408856622628],[-121.232430044936,45.6408760107851],[-121.232439084707,45.6408423048429],[-121.232452332821,45.640808600455],[-121.232467303884,45.6407733125793],[-121.23250119136,45.6407254281568],[-121.232521592144,45.6406928927113],[-121.232545613906,45.6406615771067],[-121.232566552105,45.6406288430499],[-121.232587247159,45.6405920204014],[-121.232615691907,45.6405506650558],[-121.232640077818,45.640521264444],[-121.232650583022,45.6405085963628],[-121.232685969675,45.6404636427652],[-121.232711628132,45.6404250876563],[-121.232713629269,45.6404220817732],[-121.232721063288,45.6404000965563],[-121.232726691526,45.6403559455393],[-121.232728352471,45.6403427345055],[-121.232733616185,45.6403008827442],[-121.232727597098,45.6402449535781],[-121.23274778355,45.6401888414593],[-121.232771534472,45.6401311244179],[-121.232780043506,45.6401038151392],[-121.232787176059,45.6400809239871],[-121.232790697942,45.6400696185945],[-121.232813101298,45.6400134574891],[-121.232835696834,45.6399616174115],[-121.23286005358,45.6399091895816],[-121.232886214861,45.6398560513657],[-121.232910175924,45.6398061002195],[-121.232937309991,45.6397579520225],[-121.232963152012,45.6397074537518],[-121.232990234485,45.6396565689244],[-121.233016618891,45.6396078792707],[-121.233042218141,45.6395578674449],[-121.233070946046,45.6395131281493],[-121.2331084268,45.6394667055335],[-121.23313623291,45.6394372194919],[-121.233152134225,45.6394203581642],[-121.233202747672,45.6393718369852],[-121.233258158882,45.6393218758685],[-121.233319609909,45.6392683994758],[-121.233380032829,45.6392131615469],[-121.233426146544,45.6391543675995],[-121.233488470974,45.6390319286314],[-121.233489434434,45.6390299324195],[-121.233511474667,45.638967097514],[-121.233531329745,45.6389040954536],[-121.23355003142,45.6388478161044],[-121.233566656418,45.6387964613216],[-121.233585892785,45.6387474258328],[-121.233604691156,45.6387060964629],[-121.233615645106,45.6386659696958],[-121.233606597458,45.6386298010938],[-121.23359218392,45.6385994072187],[-121.233574431978,45.6385621784204],[-121.233561821753,45.6385294654631],[-121.23353744752,45.63849925907],[-121.233490677084,45.6384551772356],[-121.233471456737,45.6384298356893],[-121.233453570059,45.6383974257003],[-121.233440232788,45.63835877645],[-121.233431920065,45.6383167541608],[-121.233405864713,45.6382765912032],[-121.233402630453,45.6382359325483],[-121.233395220302,45.6381989142243],[-121.233382672823,45.6381580206177],[-121.233383020998,45.6381231165971],[-121.23336807545,45.6380835578994],[-121.233353764788,45.6380344294244],[-121.233373066896,45.6379661872657],[-121.233386447214,45.6379383264432],[-121.233398181968,45.6379082491291],[-121.233411834658,45.6378764989161],[-121.233417710954,45.6378432265247],[-121.233302774132,45.6375034170696],[-121.233273093163,45.6374761274513],[-121.233229297099,45.6374393271668],[-121.23319848107,45.6374113275649],[-121.233173519157,45.6373900148733],[-121.233147045183,45.6373665910133],[-121.233120660755,45.6373374038933],[-121.233101324654,45.6373011125316],[-121.23308553758,45.6372607025206],[-121.233074257524,45.6372231208808],[-121.233037885199,45.6371914581959],[-121.233035061324,45.6371539963329],[-121.233030455379,45.637120417117],[-121.233021834755,45.6370880245808],[-121.233012784865,45.637054049429],[-121.233003509904,45.6370184121068],[-121.232993521927,45.6369805632432],[-121.232977806295,45.636939707403],[-121.232962493537,45.6368975516433],[-121.232934817066,45.6368567095212],[-121.232897216475,45.6368167905688],[-121.232857541838,45.6367787695005],[-121.232822871043,45.636740894331],[-121.232817797279,45.6367325272315],[-121.232799581244,45.6367024863358],[-121.232788251642,45.6366620960477],[-121.232787506358,45.6366199498166],[-121.232793728076,45.6365775188377],[-121.232805438211,45.6365365326291],[-121.232816775253,45.6364959608254],[-121.232814305799,45.6364546891155],[-121.232824965009,45.6364158823018],[-121.232833949223,45.6363780846617],[-121.232843111438,45.6363103297824],[-121.232843256879,45.6363072455368],[-121.232850082906,45.6362707857923],[-121.232856213892,45.6362306046648],[-121.232861533476,45.6361877375591],[-121.232867659324,45.6361450372494],[-121.232874707383,45.6361008313326],[-121.232885018185,45.6360568263133],[-121.232897849477,45.6360141577848],[-121.232912707826,45.635974969267],[-121.232926846038,45.6359459115888],[-121.232941982371,45.6359190969539],[-121.232959603469,45.6358939357331],[-121.232983354193,45.6358469404356],[-121.23298529493,45.6358430315993],[-121.233003827697,45.6358056635759],[-121.233011826736,45.6357900375467],[-121.233030615403,45.6357533301078],[-121.233046705806,45.6357263115418],[-121.233062727378,45.6357011414265],[-121.233079652882,45.6356741392173],[-121.233114370848,45.6356283986747],[-121.233153056795,45.6355838604793],[-121.233186678966,45.6355510845271],[-121.233223898043,45.6355152449797],[-121.233272998196,45.6354733505479],[-121.233323211325,45.635434262541],[-121.233371193918,45.6353963698196],[-121.233417920882,45.635359989276],[-121.233458976963,45.6353264648718],[-121.233486888891,45.6353042504252],[-121.233512519687,45.6352825775041],[-121.233566303219,45.6352415928939],[-121.233604479281,45.6352092291304],[-121.233648649184,45.6351714834485],[-121.233695029876,45.6351251639616],[-121.233738631807,45.6350698241974],[-121.233772658403,45.635004112207],[-121.233799380053,45.6349363091731],[-121.233815021893,45.6348684919293],[-121.233823596505,45.6348023393886],[-121.233827381114,45.6347369042652],[-121.233824319438,45.6346710442134],[-121.233816451107,45.6346063029585],[-121.233806342864,45.6345410044234],[-121.233795238015,45.6344754944017],[-121.233783386729,45.634412195169],[-121.233770684944,45.6343505891391],[-121.233758701068,45.6342904685403],[-121.233747934544,45.634232883813],[-121.233740125277,45.6341764924643],[-121.233738522971,45.6341210842795],[-121.233739278974,45.6340905277594],[-121.233739871825,45.6340665941984],[-121.233745296853,45.6340170711037],[-121.233751872805,45.6339747385491],[-121.23375827241,45.6339380942271],[-121.233777955329,45.6337951933843],[-121.23384027547,45.6338058025944],[-121.23389223537,45.6337969564193],[-121.233938593202,45.6337872915197],[-121.233982445984,45.6337996395632],[-121.23402456205,45.6337968723933],[-121.234066993264,45.633804946655],[-121.234110837439,45.6338121887945],[-121.234157467849,45.6338105287053],[-121.234204446025,45.6338101935025],[-121.234238355886,45.6338239570072],[-121.234296777294,45.6338271137631],[-121.234337781018,45.633820389294],[-121.23438014084,45.6338510234663],[-121.234423112168,45.6338477397453],[-121.234455165504,45.6338240226114],[-121.234442365172,45.6337972786944],[-121.234516228778,45.6337813156514],[-121.234567301461,45.6337700859878],[-121.234595674205,45.6337469902295],[-121.234604497141,45.6337398090657],[-121.234653099767,45.6337366275684],[-121.234698827679,45.6337360076063],[-121.23474354644,45.6337171026553],[-121.234780614372,45.6337065789299],[-121.234812766113,45.6337222589148],[-121.234856450342,45.6337407851679],[-121.234905689633,45.6337326223169],[-121.23496233271,45.6337286839193],[-121.234966711563,45.6337325396109],[-121.234991421704,45.633754294405],[-121.235029885995,45.6337663636964],[-121.235017568413,45.6338062122797],[-121.235006220974,45.633839776522],[-121.23504964487,45.6338408056848],[-121.235115532511,45.6338133795426],[-121.235110511799,45.6337829483616],[-121.235121192924,45.6337509421094],[-121.235129838532,45.6337213311004],[-121.235154794869,45.6336998716622],[-121.235157520889,45.6336724994504],[-121.235162781693,45.6336419595957],[-121.235123632142,45.6336401028754],[-121.235122836897,45.6336384865753],[-121.235100754344,45.6335936032938],[-121.235095961721,45.6335626524369],[-121.235079548814,45.6335306139298],[-121.235076444052,45.6334935415702],[-121.235066706263,45.6334594781493],[-121.23505865026,45.6334300728117],[-121.23505835372,45.6333918626594],[-121.23509663316,45.633373086185],[-121.235144527374,45.6333777301981],[-121.235196070282,45.6333617809672],[-121.235208949603,45.6333581209694],[-121.235239207509,45.6333495229912],[-121.235279691845,45.6333164126564],[-121.235327531261,45.63330481249],[-121.235357069548,45.6332809372539],[-121.235408105554,45.6332662795124],[-121.235446752306,45.6332553938586],[-121.235493562881,45.6332359428316],[-121.235535355771,45.6332134291841],[-121.23557213173,45.6331954438569],[-121.235611665703,45.6331862521429],[-121.235658446644,45.6331901948634],[-121.235708350935,45.6332054247154],[-121.235754955995,45.6332093514084],[-121.235790125839,45.6332256698503],[-121.23583076407,45.6332258192138],[-121.235870623405,45.6332363742281],[-121.235913613351,45.6332454304022],[-121.235952925593,45.6332612431954],[-121.235990832549,45.633273163626],[-121.236027167719,45.6332869302588],[-121.236071103917,45.6332976709985],[-121.236111729375,45.6332963151131],[-121.23614735958,45.6333115139991],[-121.236190565174,45.6333267983787],[-121.23622541554,45.6333439932276],[-121.236255706604,45.6333722140311],[-121.236284305001,45.6333981403925],[-121.236307052416,45.6334312617337],[-121.236329893046,45.6334585307029],[-121.236358429189,45.6334848982999],[-121.236388108882,45.6335099271081],[-121.236422220277,45.6335243797016],[-121.236453572177,45.6335410683606],[-121.236489542804,45.6335717383877],[-121.236527992561,45.6336016109442],[-121.236537049266,45.633630182142],[-121.236538538389,45.6336658988587],[-121.236534409008,45.6337005154885],[-121.2365356168,45.6337341898102],[-121.236544919184,45.63376462098],[-121.236581071929,45.6337785289441],[-121.2366235404,45.6337795608371],[-121.236665152981,45.6338009110832],[-121.23667476879,45.6338356868168],[-121.236707039952,45.6338626624174],[-121.236723967721,45.6338888528735],[-121.236743773054,45.6339157179961],[-121.23677344988,45.6339374843358],[-121.236800877028,45.6339629428869],[-121.236825867331,45.633989492839],[-121.236862707033,45.633975680515],[-121.236898809692,45.6340031996604],[-121.236940432591,45.6340215266832],[-121.236964108073,45.6340464446952],[-121.23699018151,45.6340678296961],[-121.237020259905,45.6340890931992],[-121.237057679453,45.6341043561131],[-121.237083808942,45.6341344257367],[-121.23711575994,45.6341592043229],[-121.237131579149,45.6341858362641],[-121.237139786274,45.6342139314088],[-121.237154279686,45.6342438916634],[-121.237170012719,45.6342690980852],[-121.237193140824,45.6342961239411],[-121.237224957199,45.6343141815368],[-121.237259988065,45.6343393950391],[-121.237286349132,45.6343685031545],[-121.237292548357,45.6344018383079],[-121.237344811154,45.6344024249567],[-121.237384424671,45.6344050130845],[-121.23743099427,45.6343958673077],[-121.237472022699,45.6343994820679],[-121.237501609924,45.6344274307596],[-121.237511330746,45.6344684570068],[-121.237532303415,45.6344937959068],[-121.237581775435,45.6345037850152],[-121.237619022108,45.6345274477224],[-121.237637403832,45.6345553617363],[-121.237657531957,45.6345921584692],[-121.23767560214,45.6346174742497],[-121.237703478774,45.6346489317807],[-121.237727766899,45.6346695676034],[-121.237735173138,45.6346758594424],[-121.237769145365,45.6346976893191],[-121.237810254171,45.6346974481557],[-121.237864958522,45.6346969863031],[-121.237901544236,45.6347104826546],[-121.237943580847,45.6347348087399],[-121.237985533764,45.6347480957768],[-121.238025585611,45.6347628514334],[-121.238074238095,45.6347680104084],[-121.238119655195,45.6347780014699],[-121.238160335764,45.6347966785922],[-121.238190506215,45.6348226593398],[-121.238230254367,45.6348340248987],[-121.238272125492,45.6348543274633],[-121.238317656272,45.634863373925],[-121.238370442414,45.6348698355852],[-121.238407190731,45.6348803913686],[-121.238456100345,45.6348940914014],[-121.238497891034,45.634901709245],[-121.238543427155,45.6349101662689],[-121.238598204062,45.634902645316],[-121.238643615228,45.6348887567513],[-121.238701987709,45.6349046930415],[-121.238767778661,45.6348996639903],[-121.238793437279,45.6349314204733],[-121.23882183181,45.6349507021597],[-121.238850665974,45.6349755602255],[-121.238884219506,45.6349943972548],[-121.238927849638,45.6350232232203],[-121.238917948484,45.6350619970726],[-121.238942469036,45.6351085988824],[-121.238958335821,45.6351415516982],[-121.238960634487,45.6351769699413],[-121.238999344443,45.6351854554939],[-121.239035071265,45.6352203270536],[-121.239060326515,45.6352521094138],[-121.239107186748,45.6352784712734],[-121.239117466194,45.6353075608664],[-121.239147554145,45.6353300563713],[-121.239146739555,45.6352977615848],[-121.239194886797,45.6352976860192],[-121.239249897337,45.6352956551773],[-121.239294677209,45.6353062112336],[-121.239329454864,45.6352995909337],[-121.23933371139,45.6352987803882],[-121.23933189476,45.6353350028772],[-121.239332617215,45.6353649076896],[-121.239334778959,45.635396134994],[-121.239326767394,45.6354266339125],[-121.239321432003,45.6354569989605],[-121.239317835598,45.6354774642056],[-121.239309507789,45.6355154004006],[-121.239319213128,45.6355415173275],[-121.239331370722,45.6355742334987],[-121.239343610375,45.6356124419366],[-121.239331792745,45.63566625863],[-121.239336877878,45.6357139107316],[-121.239367522195,45.635744655787],[-121.239377861948,45.6357754292439],[-121.239390390525,45.6358151581724],[-121.239394987179,45.6358539268265],[-121.239427450307,45.635885776925],[-121.239447469744,45.6359152808934],[-121.239445269848,45.6359515156895],[-121.239457459457,45.6359964030396],[-121.239441405933,45.6360350574364],[-121.239406676365,45.6360619409351],[-121.239366531164,45.6360687850024],[-121.239310209399,45.6360861230008],[-121.239243988147,45.6360932019241],[-121.239203459269,45.636099134244],[-121.23913969987,45.6360936752681],[-121.239099817627,45.6360875337364],[-121.239064215888,45.6360757482136],[-121.239029550872,45.636056202086],[-121.23898178294,45.6360485052101],[-121.238935579327,45.6360473762844],[-121.23889419,45.6360462205446],[-121.238839899771,45.6360341741599],[-121.238794629581,45.6360309240464],[-121.238737033817,45.6360204396994],[-121.238684297788,45.636008970949],[-121.238630979217,45.63599907946],[-121.238592553546,45.6359906981594],[-121.238534200687,45.6359990802022],[-121.238494908462,45.6360001342937],[-121.238452130117,45.6360075749814],[-121.238397646981,45.6360278898055],[-121.238352120063,45.6360259205412],[-121.238301502924,45.6360353684156],[-121.238250294635,45.6360558316583],[-121.238195502509,45.6360776643626],[-121.238154528894,45.6360958362022],[-121.238132653676,45.6361306367447],[-121.238103265895,45.6361605766949],[-121.238084795106,45.6361878206097],[-121.238076317193,45.6362156160098],[-121.238071285448,45.636210584124],[-121.23802503197,45.6361985658544],[-121.237991572376,45.6361756819612],[-121.237940861172,45.6361759009538],[-121.237931967738,45.6362034029556],[-121.237909631366,45.6362380606062],[-121.237863931116,45.6362616163698],[-121.237821643175,45.6362816300028],[-121.237781257971,45.6362940937807],[-121.237738000224,45.6363137949958],[-121.237710537567,45.6363221321541],[-121.237665559323,45.6363428905598],[-121.237618298501,45.636357969913],[-121.237589895491,45.6363811124438],[-121.237583765069,45.6363842263182],[-121.237553422624,45.6363996407816],[-121.237529119069,45.6364243247721],[-121.237528238187,45.6364264455621],[-121.237524536687,45.6364353527111],[-121.237516502932,45.6364546897087],[-121.237458835935,45.6364623956968],[-121.237416870938,45.6364719937998],[-121.237377730237,45.6364783980861],[-121.237335074845,45.6364791517757],[-121.237296666333,45.6364844438682],[-121.237265857935,45.6364599613647],[-121.237220818812,45.6364441212213],[-121.237169956864,45.6364456076319],[-121.237144630867,45.6364542523972],[-121.23713031346,45.6364828816517],[-121.237113226577,45.636522899891],[-121.2370999778,45.6365531562991],[-121.237110650856,45.6365850029992],[-121.237097660646,45.6366188287605],[-121.237108412634,45.6366478228544],[-121.23712142418,45.6366952325514],[-121.237104237181,45.6367309408628],[-121.237063189288,45.6367347523681],[-121.237030685358,45.6367635915078],[-121.237005487464,45.6367868702552],[-121.236965948756,45.6368017819465],[-121.236966448246,45.6368501395704],[-121.236927411177,45.63686526852],[-121.236915170372,45.6368754818228],[-121.236899546378,45.6368885163499],[-121.236908817677,45.6369257854934],[-121.236942593015,45.6369478858424],[-121.236979602559,45.6369577251466],[-121.236976833867,45.6369890239912],[-121.236960101499,45.6370266979951],[-121.236918742505,45.6370501171698],[-121.236906948287,45.6370925312777],[-121.236869138226,45.6371122545381],[-121.236841830456,45.6371336400247],[-121.23682046058,45.6371739478858],[-121.236798544307,45.6372092432522],[-121.236827233162,45.6372315456998],[-121.236837233994,45.6372630808427],[-121.236849169995,45.6373005131501],[-121.236872363141,45.6373263239979],[-121.236903709853,45.6373515571685],[-121.236941516557,45.6373625332071],[-121.236971892027,45.6373805189467],[-121.236980352187,45.6374118208527],[-121.236960840226,45.6374467763064],[-121.236944997157,45.6374823942395],[-121.236935795414,45.6375180297335],[-121.236926569893,45.6375695498987],[-121.236951531379,45.6376112620072],[-121.236951522024,45.6376476178737],[-121.236912759601,45.6376519772528],[-121.236852392974,45.6376605987446],[-121.236837803552,45.6377107077209],[-121.236826670632,45.6377426710137],[-121.236854564198,45.6377753701987],[-121.23684292881,45.6378026455259],[-121.236834849454,45.6378376990183],[-121.236840333256,45.6378667343804],[-121.236856209459,45.6378955459629],[-121.236909080259,45.6379095230976],[-121.236928464048,45.6379399149825],[-121.236965702244,45.6379573500674],[-121.236968477941,45.6379986620299],[-121.236971557912,45.638028069708],[-121.23700399343,45.6380440405903],[-121.237045301532,45.6380574822649],[-121.23706441063,45.6380823353929],[-121.237087689339,45.6381065819401],[-121.237107544133,45.6381071208885],[-121.237147946909,45.6381301907106],[-121.237187027956,45.6381427844321],[-121.237222684776,45.6381584029678],[-121.237269324355,45.638173521344],[-121.237281902589,45.6382060811711],[-121.237305293685,45.6382291771268],[-121.237343978717,45.6382375788063],[-121.237397617029,45.6382469551265],[-121.237434672478,45.6382627123391],[-121.237497116263,45.6382712269853],[-121.237559082167,45.6382637566248],[-121.237604465539,45.6382594893671],[-121.237661361663,45.6382511403886],[-121.237698638056,45.6382613106774],[-121.237754112547,45.6382638347067],[-121.237802039346,45.6382570708178],[-121.237802116421,45.6382570802289],[-121.237859145554,45.6382640210198],[-121.23825586495,45.6385715125361],[-121.238584791437,45.6386019323973],[-121.238768494035,45.6386189211962],[-121.239326374907,45.6386705124715],[-121.239369676511,45.6386631230652],[-121.240221093542,45.6386551258812],[-121.241146453843,45.6386370237045],[-121.2422837044,45.6386274125767],[-121.243432558618,45.6387633891537],[-121.244752620142,45.6389210424393],[-121.245877446967,45.6393260296121],[-121.246835425378,45.6398923428822],[-121.24702484964,45.6399843528961],[-121.24712521873,45.6400331049544],[-121.247450517212,45.6401911111902],[-121.24748112895,45.64020597967],[-121.247520949033,45.6402253221088],[-121.247642109751,45.6401131775654],[-121.247652867398,45.6401032200495],[-121.247677404159,45.640080509184],[-121.24770769106,45.6400524757371],[-121.247768008764,45.6399966461801],[-121.247771680556,45.6399801218959],[-121.247782553788,45.639922170877],[-121.247785709924,45.6399053475809],[-121.247830219875,45.6396681224688],[-121.247944624433,45.6396967015491],[-121.248545132135,45.6398467080183],[-121.248847126031,45.639942890475],[-121.24925552089,45.6400230985637],[-121.249550292979,45.6400618109678],[-121.249709640838,45.6400667258242],[-121.249755076011,45.6400762453088],[-121.249845190186,45.6400951280201],[-121.249850127937,45.6401231765848],[-121.249853360023,45.6401591230042],[-121.249856601178,45.6401992134656],[-121.249855801577,45.6402431086291],[-121.249857312369,45.6402914659859],[-121.249853369439,45.6403407112139],[-121.249849771804,45.6403940164542],[-121.249846702948,45.6404453776136],[-121.249838183143,45.6405022745674],[-121.249832929183,45.6405604731813],[-121.249827301921,45.6406199490844],[-121.249820067899,45.6406769925448],[-121.24981932099,45.6406828715866],[-121.249814613337,45.640746089817],[-121.249816713003,45.6408087443986],[-121.249825505212,45.6408683231556],[-121.249845554133,45.64092752479],[-121.249872819089,45.6409837588055],[-121.249910145307,45.6410343887899],[-121.249951377435,45.6410797141926],[-121.24999375894,45.6411214000555],[-121.250038039076,45.6411601505539],[-121.250081644171,45.6411946335026],[-121.250085414197,45.6411976125992],[-121.250132092907,45.641233204077],[-121.250181829162,45.6412719195516],[-121.250231770352,45.6413114938209],[-121.250283987184,45.6413495041677],[-121.250335565836,45.6413877507091],[-121.25039219216,45.6414273045453],[-121.250449895011,45.6414653066369],[-121.250513296383,45.6414995383332],[-121.250573563671,45.6415332295688],[-121.250632185879,45.6415659749239],[-121.25068283599,45.6415988829442],[-121.250726280181,45.6416368089984],[-121.250760067819,45.6416776292855],[-121.250787981786,45.6417182209225],[-121.250811454308,45.6417591361497],[-121.250830034832,45.6417989725017],[-121.250845119504,45.6418372855616],[-121.250859225421,45.6418754924328],[-121.250869054085,45.6419117635581],[-121.250878344914,45.6419487902956],[-121.250886273989,45.6419883089868],[-121.250892655759,45.6420285825688],[-121.250896920634,45.6420652762603],[-121.250901125795,45.6421061450209],[-121.250903354997,45.6421477507292],[-121.250908654359,45.6421909859213],[-121.250915728779,45.6422338147485],[-121.250922958169,45.6422777069451],[-121.25098388586,45.6424992735009],[-121.251000257149,45.6425422927875],[-121.251017528757,45.6425847106817],[-121.251031078535,45.6426256904135],[-121.251036995816,45.642667315629],[-121.251038098318,45.6427071030256],[-121.251040721007,45.6427446439713],[-121.251045193139,45.6427800065314],[-121.251051323927,45.6428148878959],[-121.251059009242,45.6428481883793],[-121.251073332421,45.6428795181755],[-121.251093028832,45.6429086874596],[-121.251114428653,45.6429380518441],[-121.251136566955,45.6429670929857],[-121.251157131292,45.6429975009961],[-121.251165055331,45.6430345427583],[-121.251152926099,45.6430706245541],[-121.251126835485,45.6431007633422],[-121.251089758763,45.6431230479178],[-121.251047117819,45.643139145745],[-121.25100603965,45.6431534116036],[-121.250964883078,45.6431668799019],[-121.250927281878,45.6431766905218],[-121.250888432014,45.6431850785907],[-121.25084535222,45.6431985150981],[-121.250803178894,45.6432157596729],[-121.250734963214,45.6432483701752],[-121.250682985018,45.6432791049591],[-121.250635246968,45.6433156156976],[-121.250587655207,45.6433545960984],[-121.250537204515,45.6434030454303],[-121.250356234286,45.6435768378432],[-121.250306687116,45.6436541027813],[-121.250338857937,45.6436990416139],[-121.250420816407,45.6438135269067],[-121.250745768787,45.6442674390055],[-121.252356212539,45.6449126732019],[-121.253214930074,45.6455824204736],[-121.254690171481,45.6462263798356],[-121.25549625235,45.6476381355908],[-121.255938111978,45.6480766118105],[-121.256360772077,45.6484477002961],[-121.257422408962,45.6495079155854],[-121.258699265208,45.6502383542127],[-121.259823621086,45.6519503000671],[-121.260757052059,45.6526416617772],[-121.262000959899,45.6535984681236],[-121.259996247238,45.6553448704087],[-121.259866204227,45.6559106139974],[-121.259494739083,45.656355132979],[-121.25886761672,45.6569356274809],[-121.259000453389,45.6572838393573],[-121.259042651096,45.6573944549934],[-121.259859826182,45.6583265029686],[-121.259851402983,45.6583553681198],[-121.259831282583,45.6583895967727],[-121.259818628746,45.658423094087],[-121.25980053158,45.6584524565724],[-121.259772996118,45.6584799513262],[-121.259758688733,45.6585092937095],[-121.259730212769,45.6585409701044],[-121.259753398008,45.6585702932216],[-121.259794315425,45.6585897430201],[-121.259829847563,45.6586112044139],[-121.259874126787,45.658632029615],[-121.259920884955,45.6586512084372],[-121.259961494398,45.6586722013773],[-121.260011430782,45.658693912008],[-121.260062219649,45.6587113848527],[-121.260110160454,45.6587285855593],[-121.260160078381,45.6587422825392],[-121.2602116726,45.6587539856552],[-121.260470301217,45.6588197104908],[-121.260518793522,45.6588382390174],[-121.260564724574,45.6588527606636],[-121.260615580556,45.6588568379666],[-121.260666220459,45.6588600979163],[-121.260733871631,45.6588774879082],[-121.260782886608,45.6588929350255],[-121.260815223238,45.6589133282361],[-121.260845742736,45.6589372861964],[-121.260869725864,45.6589640172423],[-121.26089565836,45.6589894193403],[-121.260920757922,45.6590140252051],[-121.260943671004,45.6590407523928],[-121.260946473575,45.6590475773635],[-121.260954833537,45.6590679338242],[-121.260969198097,45.6591015831427],[-121.261357434101,45.6590452656006],[-121.261578429666,45.6590633663943],[-121.261777651526,45.6590351753638],[-121.261928133656,45.6590375880838],[-121.262068970712,45.6590360920738],[-121.262168215662,45.6590222257413],[-121.262271150863,45.6589991726626],[-121.26233094399,45.6589821612378],[-121.262434821974,45.6589526077755],[-121.26253924134,45.658965292933],[-121.262742917945,45.6589734788665],[-121.262745910316,45.6589735988273],[-121.262873293289,45.6589602980411],[-121.262967379974,45.658957944926],[-121.26314104764,45.6589539493182],[-121.263232987635,45.6589496504151],[-121.263464707175,45.6589746207986],[-121.263531933073,45.6589458406792],[-121.263667882453,45.6588876389578],[-121.263765125138,45.6589378877058],[-121.263800330787,45.6589560804879],[-121.263902556583,45.6590089039703],[-121.264010852576,45.6589910443901],[-121.264201638979,45.6590478683049],[-121.264565699088,45.659200823593],[-121.264666676024,45.6592529473917],[-121.264847566192,45.6593272307613],[-121.264901094531,45.6593411801507],[-121.264918716455,45.659321513448],[-121.265026908052,45.659200765579],[-121.265183925019,45.6590491758782],[-121.265373630499,45.6592218587096],[-121.265508662221,45.6593023879103],[-121.265643361201,45.6593578685285],[-121.265804766346,45.6594069132424],[-121.265930785197,45.6594812380289],[-121.265985449276,45.6595622923925],[-121.266067298097,45.6596298738637],[-121.266075748799,45.6596368506971],[-121.266210032421,45.6596610217054],[-121.266389382223,45.6597162101547],[-121.266497210311,45.6597656036979],[-121.266548556114,45.6598167812863],[-121.266678228524,45.6599460301652],[-121.266859582783,45.6601515029327],[-121.267035976214,45.6602756616344],[-121.267256261847,45.6604307145549],[-121.267316126677,45.6604677906169],[-121.267526420082,45.6605980297607],[-121.267679819314,45.6607160105566],[-121.267790629946,45.6608624942853],[-121.267807096168,45.6608842618203],[-121.267885678194,45.660967698284],[-121.26800640135,45.6610958778944],[-121.268195774439,45.6612324097362],[-121.268483465305,45.6613745579854],[-121.268735017167,45.6614856302526],[-121.26890586491,45.6615721832054],[-121.26908522325,45.6616273674611],[-121.269309485052,45.6617010432274],[-121.269524901474,45.6617810395671],[-121.269748745797,45.6618234046923],[-121.269910246373,45.6618787050832],[-121.270178658577,45.661914514357],[-121.270509082488,45.6619123404472],[-121.27074076917,45.6618732410722],[-121.27109747989,45.6618333179442],[-121.271400776102,45.6618062704831],[-121.271640283717,45.6618911461936],[-121.271661014645,45.6618984924447],[-121.271807585394,45.6620085144133],[-121.271859497925,45.6620474822681],[-121.272057896988,45.662190211234],[-121.272193280995,45.6622957800403],[-121.272381827808,45.6623696854668],[-121.272483286771,45.6624067724016],[-121.272555368298,45.6624331198305],[-121.272651085554,45.6624681076966],[-121.272956065923,45.6625662943937],[-121.273066426375,45.6628035385944],[-121.27321150173,45.6629654035249],[-121.273436699469,45.6631079531496],[-121.273589444315,45.6631758302383],[-121.273708150629,45.6633691821714],[-121.273852302004,45.6634621662583],[-121.274058968511,45.6635547369141],[-121.274350369509,45.6636438408158],[-121.274499040983,45.6637183502033],[-121.274559798949,45.663743858989],[-121.274631395233,45.6637728552856],[-121.274700116592,45.663796171811],[-121.274770358851,45.6638201782054],[-121.274848931319,45.663847990079],[-121.274928345087,45.6638750954599],[-121.275005158089,45.663908119183],[-121.275082537647,45.6639363265694],[-121.275159929652,45.6639690737468],[-121.275237592634,45.6640015455678],[-121.275304918044,45.6640281675092],[-121.275369568691,45.6640566416275],[-121.27543138714,45.6640815671254],[-121.275488525461,45.6641060755321],[-121.275545323948,45.6641322146323],[-121.275603175332,45.6641573543533],[-121.275660968183,45.6641800508278],[-121.275720326853,45.664205912868],[-121.275786293446,45.6642366938851],[-121.27584898425,45.6642665275849],[-121.275910366439,45.6642978004574],[-121.275983861771,45.66432992782],[-121.276057259491,45.6643648025901],[-121.276132909862,45.6644054322068],[-121.27615112562,45.6644137984062],[-121.276204144716,45.6644381457281],[-121.276274820841,45.6644695754287],[-121.276345011611,45.6644947913263],[-121.276413437401,45.6645162464116],[-121.276489659789,45.6645443597733],[-121.27656903381,45.6645677233217],[-121.276643000244,45.6645916310178],[-121.276697773592,45.6646049297701],[-121.276715257497,45.6646078314148],[-121.276765502022,45.6646153849546],[-121.276874625853,45.6646334585979],[-121.276939010521,45.6646333697031],[-121.276990144127,45.6646699984896],[-121.277072758469,45.6646643633198],[-121.277335723381,45.6646726217578],[-121.277677832273,45.6646949499546],[-121.277896389666,45.664754041324],[-121.278090076536,45.6648256343409],[-121.27820850029,45.6649561794468],[-121.278389031101,45.6650576172213],[-121.278687067501,45.6653196313565],[-121.278786479574,45.6654713500293],[-121.278991750991,45.6655645753318],[-121.279204454625,45.6656149922376],[-121.279447885574,45.6656615793068],[-121.279729341953,45.6656658189742],[-121.280077708989,45.6656839418723],[-121.280426076244,45.6657020637337],[-121.280658189036,45.6657184341841],[-121.280919976411,45.6657652952911],[-121.281130380885,45.6659409470832],[-121.2813185102,45.6660443728818],[-121.281457239901,45.6660791304233],[-121.281538056278,45.6659528542916],[-121.281732152169,45.6659260825717],[-121.281859320246,45.666013091742],[-121.281926764971,45.6661184739435],[-121.281937888002,45.6661207542016],[-121.282144979036,45.6662615005603],[-121.282431688476,45.6660755257683],[-121.282531219323,45.6658221769861],[-121.282476930514,45.6655416817116],[-121.282359302127,45.6653426246511],[-121.281888796027,45.6652068992662],[-121.281671639177,45.6652521414666],[-121.281104086148,45.6655827754001],[-121.281121673943,45.6655456333214],[-121.281127553256,45.6655119468463],[-121.28113154194,45.6654730240894],[-121.281131645732,45.6654705546],[-121.281133235164,45.6654326015369],[-121.281133775926,45.6653950045551],[-121.281133149155,45.6653551507972],[-121.281128732677,45.6653113869985],[-121.281125269135,45.6652705192981],[-121.28112086981,45.6652234795475],[-121.281119454852,45.6651731998341],[-121.281122916773,45.6651361213849],[-121.281127903517,45.6650872519918],[-121.2811298547,45.665037187342],[-121.281134507873,45.6649808525973],[-121.281137228899,45.6649299325846],[-121.281140621765,45.6648747173823],[-121.281140182447,45.6648221054054],[-121.281142351881,45.6647709155561],[-121.281144490224,45.6647215955054],[-121.281147362479,45.6646727438035],[-121.2811547326,45.6646218368517],[-121.28115798009,45.6645695277649],[-121.281163838022,45.6645170645058],[-121.281169069756,45.6644633719227],[-121.281171468355,45.6644082695021],[-121.281168765095,45.6643500485389],[-121.281162359146,45.6642911100163],[-121.281152953858,45.6642281563098],[-121.281136251358,45.6641658738787],[-121.281115219683,45.6641106974267],[-121.281093377248,45.6640606394192],[-121.281074329756,45.6640086085964],[-121.281052105604,45.6639565134862],[-121.281327806761,45.6638134748168],[-121.281544964115,45.6638225233774],[-121.281915940368,45.6639039570726],[-121.282151193621,45.6639944386303],[-121.282513122849,45.6640849234538],[-121.282856953638,45.6641211138074],[-121.283101255937,45.6641844535402],[-121.283336509028,45.6643654145807],[-121.283273171645,45.6645463791177],[-121.283128400977,45.6647092445036],[-121.283183523449,45.6648982355659],[-121.283254848841,45.6648827495596],[-121.283434627,45.6650383659599],[-121.283433337783,45.6650805402935],[-121.283589858925,45.6651345128063],[-121.283580810875,45.6652611883317],[-121.283698438255,45.665505491406],[-121.283752726541,45.6657859843639],[-121.28370748591,45.6661026710635],[-121.283571762947,45.6663198284812],[-121.283788919984,45.6664103099283],[-121.283924642775,45.6663107799931],[-121.284150846225,45.6661207695541],[-121.284340859979,45.6660031414005],[-121.284630402839,45.6660121888507],[-121.284956138439,45.6661298161891],[-121.285091861836,45.6663831653958],[-121.285073765511,45.6666365174178],[-121.285290921582,45.6666546119534],[-121.285372356027,45.6664736484156],[-121.285399501034,45.6662926827605],[-121.285508081074,45.666075526215],[-121.285634753821,45.6659850439395],[-121.285888104647,45.665975998655],[-121.286195742912,45.6659126616681],[-121.286552966283,45.6658413585865],[-121.286836716967,45.6658992666256],[-121.28695832586,45.6661135290302],[-121.287016233844,45.6662583004665],[-121.287201541965,45.6664493979335],[-121.287433175078,45.6665420524991],[-121.28762427451,45.6666578687064],[-121.287850116728,45.6668721307527],[-121.288035422907,45.6669126671597],[-121.288267058827,45.6668142195145],[-121.28841761917,45.6666752420602],[-121.288487787283,45.6665472900416],[-121.288491358819,45.6665473145767],[-121.288581036878,45.6665333779203],[-121.288645657077,45.6665368330623],[-121.288691176989,45.6665448145871],[-121.288751288792,45.6665405562531],[-121.288801295071,45.666558667014],[-121.288857037102,45.6665647721029],[-121.288914338801,45.6665765348154],[-121.28900531841,45.6665791994669],[-121.289091459096,45.666587487439],[-121.289134987178,45.6665937565749],[-121.289187093812,45.6666040660478],[-121.289264651451,45.6666272605124],[-121.289306681391,45.6666317960491],[-121.289350398166,45.6666574363373],[-121.289394696602,45.6666746784161],[-121.28943973,45.6666893684511],[-121.289492442313,45.6666991995593],[-121.289536962,45.6667096455009],[-121.289588668283,45.6667379048617],[-121.289663732627,45.666724406006],[-121.289741511104,45.6667289702206],[-121.289780459923,45.6667347994538],[-121.289819650134,45.6667259555141],[-121.28985990575,45.6667249921113],[-121.289922528628,45.6667118280277],[-121.289999686339,45.6667031372672],[-121.290068038125,45.6666880576651],[-121.290085748691,45.6666841899878],[-121.290089813271,45.6665507278153],[-121.290182547101,45.6665009519461],[-121.290283426694,45.6666247529266],[-121.290306312091,45.6666152505103],[-121.290371889018,45.666593883405],[-121.290434435107,45.6665722488148],[-121.290493373722,45.6665464809939],[-121.290530874241,45.6665315095139],[-121.290587901027,45.6665008079574],[-121.290626072148,45.6664800099093],[-121.290663697071,45.6664527070497],[-121.290698431882,45.6664317369428],[-121.290741083282,45.6663998700868],[-121.290770559795,45.666364729078],[-121.290789800935,45.6663272225737],[-121.290811706325,45.6662975858118],[-121.290834427152,45.6662685544397],[-121.290872163783,45.6662331479835],[-121.290884928086,45.6662434354062],[-121.290914517004,45.6662652397148],[-121.290972356988,45.6663011315539],[-121.291009530816,45.6663288019824],[-121.291037185841,45.666349285956],[-121.291050870195,45.6663205360149],[-121.291058091547,45.6662886519644],[-121.291095908007,45.6662769908894],[-121.291098037488,45.6662492115143],[-121.291122659111,45.6662200313868],[-121.29116295586,45.6662360924302],[-121.29120315815,45.6662436923441],[-121.29124793073,45.666257041986],[-121.291271699337,45.6662880094726],[-121.291305154927,45.6663065594022],[-121.291307498118,45.6663403545937],[-121.291321995414,45.6663704715174],[-121.29136343991,45.6663645322739],[-121.291399265032,45.666381915436],[-121.291404211154,45.66641416083],[-121.291414150099,45.6664499398208],[-121.291403025037,45.6664812393728],[-121.291424474349,45.6665194363581],[-121.291465344965,45.6665173894958],[-121.291512734459,45.6665257108752],[-121.291549894146,45.6665459775306],[-121.291559599064,45.6665831130489],[-121.29156125142,45.6665862544557],[-121.291575950855,45.6666141665939],[-121.29157463803,45.6666453278525],[-121.291567101507,45.666654461349],[-121.291553661674,45.6666707451408],[-121.291542881711,45.6667046488229],[-121.29154140598,45.6667332964972],[-121.291550174893,45.6667652587217],[-121.291546590943,45.666801567262],[-121.291540715969,45.6668292567928],[-121.291529496957,45.6668640829391],[-121.291524283565,45.6669024646207],[-121.291519860207,45.6669317629106],[-121.291508648178,45.6669684990847],[-121.291506748719,45.6670052487859],[-121.291517029103,45.6670407429401],[-121.291545433089,45.6670689951995],[-121.291549995016,45.6670731974868],[-121.291575031039,45.6670962595991],[-121.29160454517,45.6671150007279],[-121.291652362152,45.6671321614874],[-121.291689585677,45.6671431354826],[-121.291730878622,45.6671444262903],[-121.29178460608,45.6671566310317],[-121.291783955206,45.6671644475936],[-121.291782108128,45.6671866144819],[-121.291815503641,45.6672021461475],[-121.291840852032,45.6672267283952],[-121.291874714095,45.6672460419586],[-121.291912999423,45.6672674956934],[-121.291922567399,45.6673045385242],[-121.291960945412,45.6673205996691],[-121.291978118376,45.6673501225889],[-121.291933084188,45.667360271758],[-121.291910218351,45.667393771353],[-121.291924770563,45.6674201891181],[-121.291972218846,45.6674361754222],[-121.291976333145,45.6674674376213],[-121.291974954653,45.667501832862],[-121.29197112296,45.6675316840767],[-121.291981381981,45.6675651314916],[-121.29200874341,45.6675862191166],[-121.292053365037,45.6676088391538],[-121.292034922129,45.6676369016105],[-121.292028698295,45.6676645935123],[-121.292041467428,45.6676944988887],[-121.292069621646,45.6677246078994],[-121.292083995054,45.6677531276663],[-121.292102534005,45.6677782048651],[-121.292064213868,45.6677950987546],[-121.292060467966,45.6678253074703],[-121.292084932563,45.6678504480565],[-121.292094265054,45.6678831387712],[-121.292140919719,45.6678910330087],[-121.292134705352,45.6679185718977],[-121.292178970706,45.6679245128236],[-121.292222400964,45.6679292627719],[-121.292269761836,45.667944362434],[-121.292301921078,45.6679626131396],[-121.292361470774,45.6679551852996],[-121.292389200116,45.6679319417696],[-121.292398724731,45.6678962624084],[-121.292446435627,45.6678432922791],[-121.292469250162,45.6678141853059],[-121.292497536103,45.6677843080376],[-121.292517211703,45.6678105605942],[-121.292567657695,45.6678180331318],[-121.292595210946,45.6678410051069],[-121.292625242051,45.6678590290078],[-121.292594777636,45.6678766373475],[-121.292605804135,45.6679159321044],[-121.292630853642,45.6679407546202],[-121.292669786707,45.6679544905291],[-121.292714752412,45.6679610554076],[-121.292756064088,45.6679563005975],[-121.292759020422,45.6679280477702],[-121.292756720606,45.6678989596091],[-121.292741452752,45.6678727015461],[-121.292771824038,45.6678517819759],[-121.292819712459,45.6678522576017],[-121.292854878816,45.6678678309623],[-121.292839461703,45.6679052731982],[-121.2928561349,45.667935080975],[-121.292896125881,45.6679535088172],[-121.292946012772,45.6679664003159],[-121.292990665134,45.6679857070651],[-121.293020200947,45.6680094014744],[-121.293072781961,45.668014039654],[-121.293115622546,45.6680221770643],[-121.293160374352,45.6680393804594],[-121.29320204902,45.6680335874707],[-121.29324378463,45.6680364078514],[-121.293291420961,45.6680401824201],[-121.293331055017,45.668042287344],[-121.293343888752,45.6680766384922],[-121.293343968174,45.6681095888315],[-121.293335079894,45.6681363712517],[-121.293384159008,45.6681632584834],[-121.293426986197,45.6681551444598],[-121.293460225076,45.66813010082],[-121.293502103427,45.668130237215],[-121.293520578825,45.6681648929021],[-121.29355771898,45.6681749572645],[-121.293608988099,45.6681837400484],[-121.293650449876,45.6681906099234],[-121.293685880632,45.6681733950118],[-121.293724660717,45.668177960892],[-121.293757695211,45.6681569951261],[-121.293798475123,45.6681601096942],[-121.293833203075,45.6681462797015],[-121.29387368803,45.6681477335838],[-121.293916632319,45.6681471851247],[-121.293958311734,45.66813252522],[-121.294012040144,45.6681337192172],[-121.294052710766,45.6681508653727],[-121.294072670874,45.6681247509759],[-121.294064669335,45.6680949511473],[-121.29405060798,45.668067641412],[-121.294030561876,45.6680348669465],[-121.294012040194,45.6680101786071],[-121.294036302184,45.6679801896956],[-121.294071016905,45.6679573194598],[-121.294103560723,45.6679383839599],[-121.294143372901,45.6679607506106],[-121.294184041581,45.667954602411],[-121.294224482445,45.6679628213703],[-121.294264426187,45.6679589129327],[-121.29429273205,45.6679361211881],[-121.294296124754,45.6679029988392],[-121.29435499375,45.6679020605911],[-121.294394866039,45.6678919554084],[-121.29443953237,45.6678948553488],[-121.294481109981,45.6678754454889],[-121.294519592986,45.6678642619426],[-121.294577996805,45.6678500794453],[-121.294619567666,45.6678527753941],[-121.294620921365,45.6678826059066],[-121.294634967447,45.6679134407355],[-121.29462874654,45.6679446029308],[-121.29460455992,45.6679768677162],[-121.294577237909,45.6679988791121],[-121.29456838699,45.6680297199582],[-121.294559358119,45.668058546666],[-121.294533154332,45.6680811568655],[-121.29457308425,45.6681058051286],[-121.294623024132,45.6681079962358],[-121.294660992965,45.6680935798872],[-121.294694506993,45.6680733564567],[-121.294713570921,45.6680436060136],[-121.294696472678,45.6680143142142],[-121.294725451856,45.6679941998233],[-121.294735897294,45.6679609081359],[-121.294767633728,45.6679420652012],[-121.294811263568,45.6679453598087],[-121.294832142195,45.6679723199831],[-121.294858411112,45.668003599049],[-121.294907440463,45.6680064880901],[-121.294948349322,45.6680027744022],[-121.2949800846,45.6679765106309],[-121.295012866828,45.6679593411832],[-121.295031974339,45.6679335041166],[-121.295008090061,45.6679081091802],[-121.294966325995,45.6679078744809],[-121.294928924084,45.6678967956705],[-121.294930265114,45.6678625095104],[-121.294916664468,45.6678329969604],[-121.294890679146,45.6678328449607],[-121.294861784473,45.6678326767151],[-121.294813949807,45.6678525448462],[-121.294771523341,45.6678729223741],[-121.294750928847,45.6678474834641],[-121.294731046616,45.6678218615743],[-121.294753595161,45.6677965302261],[-121.294800667786,45.6677928503308],[-121.294853151868,45.6677823867778],[-121.29489587509,45.6677616680145],[-121.294921661316,45.6677395994868],[-121.29495671696,45.6677094867203],[-121.294978424652,45.6676865578555],[-121.295014637151,45.6676567755066],[-121.295045968033,45.6676306080254],[-121.295072283131,45.6676087464029],[-121.295111289098,45.6675870424245],[-121.295163639828,45.6675798554706],[-121.295191308012,45.6675588744431],[-121.295226671098,45.6675435102112],[-121.295259394571,45.6675192315963],[-121.295293654085,45.6675017353332],[-121.295302815952,45.6674970567088],[-121.295341881812,45.6674913085616],[-121.295388367076,45.6674914831659],[-121.29542228688,45.6674894317563],[-121.29543295581,45.6674887861714],[-121.295490083993,45.6674846688106],[-121.295542196168,45.6674928215251],[-121.295583694263,45.6674903605001],[-121.295634615228,45.6674987641878],[-121.295657319849,45.6675013801198],[-121.295676831814,45.6675036281675],[-121.295717133193,45.6674945227873],[-121.29576350301,45.6674821686962],[-121.295817737174,45.6674659643733],[-121.295849948749,45.6674858953139],[-121.295849266753,45.6675162030079],[-121.295832732053,45.6675417186314],[-121.295828257581,45.6675693925623],[-121.295786112713,45.6675853149979],[-121.295756615958,45.6676073990389],[-121.295742712436,45.6676331432875],[-121.2957422347,45.6676633785128],[-121.295712345273,45.6676897370218],[-121.295751424884,45.6677012216471],[-121.295789725127,45.667714437195],[-121.295819265292,45.667695025884],[-121.295844772006,45.6676697533905],[-121.295883624873,45.6676737476467],[-121.295889563648,45.6677057611699],[-121.295854556835,45.6677229423886],[-121.295880129687,45.6677468177708],[-121.295859557231,45.667776466203],[-121.29583472055,45.66780026942],[-121.295820287771,45.6678259740857],[-121.29584497118,45.6678517853917],[-121.295804368186,45.667842618001],[-121.295754732434,45.6678231482463],[-121.295712122592,45.6678293065852],[-121.295671996041,45.6678249898339],[-121.295639737611,45.6678000999775],[-121.29559322746,45.6677987929084],[-121.295551906978,45.6678029792671],[-121.295502004384,45.6678147985508],[-121.29548321989,45.6678529415031],[-121.295437978976,45.6678559164555],[-121.29539655865,45.6678552953998],[-121.29535558091,45.6678659950428],[-121.295304282612,45.6678690317786],[-121.295280248841,45.6678955186476],[-121.295274047821,45.6679258656098],[-121.295241570145,45.6679425013362],[-121.295269061504,45.6679641622346],[-121.295305561507,45.6679524934592],[-121.295342667249,45.6679659979731],[-121.295349237897,45.6679956535898],[-121.295320095495,45.6680257649952],[-121.295276428304,45.6680421582291],[-121.295287052733,45.6680721857871],[-121.295330039169,45.6680830511112],[-121.295357623457,45.6681053006648],[-121.295385359925,45.6681300179753],[-121.295386602089,45.6681596414018],[-121.295387870093,45.6681913204836],[-121.295353278792,45.668215201542],[-121.295379461554,45.6682387309951],[-121.295331441412,45.6682301410483],[-121.29529128502,45.6682314844276],[-121.295253285597,45.6682489763872],[-121.295213552026,45.6682716381326],[-121.295174801963,45.6682888598529],[-121.295161830504,45.6683166157334],[-121.295134901844,45.6683437817063],[-121.295151456178,45.668376129838],[-121.295135962695,45.6684027431163],[-121.29513824525,45.6684324440478],[-121.295162233849,45.6684574747614],[-121.295143200226,45.6684886690948],[-121.295118447002,45.668516606633],[-121.295149665078,45.6685392814109],[-121.295192757916,45.6685594976183],[-121.295238926969,45.6685438737776],[-121.295281930881,45.6685373098724],[-121.295303287785,45.6685087619719],[-121.295320744523,45.6684814920483],[-121.295343783201,45.6684525332471],[-121.29538192437,45.6684356332053],[-121.295420210027,45.6684562148733],[-121.295433177242,45.6684861986071],[-121.295472533802,45.6684980026373],[-121.295515874933,45.6685086009695],[-121.295517883814,45.6685384486051],[-121.295537072026,45.6685677575705],[-121.295583795262,45.6685747808571],[-121.295594182553,45.6686053660093],[-121.295656692257,45.668605868],[-121.295661912067,45.6686412944921],[-121.295667806968,45.6686727351922],[-121.295623200289,45.6686559096445],[-121.295587349118,45.6686693339303],[-121.295563368475,45.6686916017555],[-121.295530166514,45.6687088749665],[-121.295478689832,45.6687166076556],[-121.295446533771,45.6687364864869],[-121.295422721009,45.6687602295607],[-121.295451934106,45.6687930638717],[-121.295480086484,45.66882231375],[-121.295508393394,45.6688415722244],[-121.295548835288,45.6688625269732],[-121.295589558916,45.6688560477264],[-121.295594207435,45.6688851450596],[-121.295554328959,45.6688731106929],[-121.295521796733,45.6688994816848],[-121.295479581807,45.6689099468432],[-121.295438754237,45.6689140155425],[-121.295406365798,45.6689314811245],[-121.295366858407,45.6689360860538],[-121.295353027991,45.6689064176825],[-121.295314140556,45.6689027653713],[-121.295293086797,45.6689296728407],[-121.295289409198,45.6689588564197],[-121.29531290655,45.6689837914647],[-121.295344066571,45.6690042838918],[-121.295394511958,45.6690088230749],[-121.295436043044,45.6690123845262],[-121.295485518016,45.6690241468112],[-121.295525022933,45.6690262302807],[-121.295562860392,45.6690411845764],[-121.295601933271,45.669043854865],[-121.29560755287,45.669073574492],[-121.295659185046,45.669059708291],[-121.29569442904,45.6690420765853],[-121.295735108284,45.6690532651364],[-121.295789302122,45.6690695873323],[-121.295828328649,45.6690802265649],[-121.295870826071,45.6691016971595],[-121.29591224974,45.6690993391007],[-121.295931476469,45.6690748866436],[-121.295957874046,45.6690500570494],[-121.295997833964,45.6690251856444],[-121.296024134015,45.6690499125584],[-121.296015736761,45.6690776023398],[-121.295982452443,45.6691037743359],[-121.296011887496,45.6691294237348],[-121.296004803857,45.6691602364644],[-121.296003983004,45.6691906134503],[-121.295966147308,45.6692037355387],[-121.295924861854,45.669205793074],[-121.295888845818,45.6692310731041],[-121.29590417715,45.6692008161283],[-121.29585990095,45.6691937268541],[-121.295823940113,45.6692068505496],[-121.295768389211,45.669214905253],[-121.295724737805,45.6692134663398],[-121.29568581287,45.6692030333153],[-121.295645376893,45.6691972890202],[-121.295607456814,45.6692083044519],[-121.295588495177,45.669242850662],[-121.295562494413,45.6692647471275],[-121.295565833363,45.6692949123063],[-121.295532103286,45.6693145751193],[-121.295516810052,45.6693406409499],[-121.295524694142,45.6693763606316],[-121.295547277544,45.6694031147429],[-121.295591134281,45.6693999017439],[-121.295629718319,45.6694046032844],[-121.295633893456,45.6694374205115],[-121.295613256808,45.6694675839332],[-121.295654326425,45.6694835050156],[-121.295702671745,45.6694796127895],[-121.295744916176,45.6694849929911],[-121.295786746304,45.6694891802826],[-121.295832820053,45.6694752528155],[-121.295873731822,45.6694781750315],[-121.295921773034,45.6694732654138],[-121.295958525715,45.6694864914189],[-121.295977443265,45.6694477465213],[-121.295955297843,45.6694070224673],[-121.295917064466,45.6693926944871],[-121.295949249732,45.6693747272144],[-121.295939985202,45.6693473131387],[-121.295985555821,45.6693420208161],[-121.295995021284,45.6693147358465],[-121.296026249145,45.6692926849918],[-121.296056569854,45.6693144425231],[-121.296091736634,45.6692952151458],[-121.296137725278,45.6692917589225],[-121.296129772076,45.6693203777855],[-121.296082291098,45.6693242157293],[-121.296053573325,45.6693479355861],[-121.296055892014,45.6693779853266],[-121.296062525674,45.6694072409831],[-121.296064237484,45.6694421235742],[-121.296049952035,45.6694705236599],[-121.296032338182,45.6694966368215],[-121.296058903805,45.6695269095086],[-121.2960549121,45.6695543264151],[-121.296079609646,45.6695767375625],[-121.296101584928,45.6696005095735],[-121.296057831045,45.6696078283245],[-121.296014071602,45.6696173441806],[-121.295968346173,45.6696222218996],[-121.295987692917,45.6696560849131],[-121.296023803054,45.6696697003391],[-121.296065939769,45.669690291598],[-121.296077025511,45.6697195691665],[-121.296105460941,45.6697432486747],[-121.296141239424,45.6697609923735],[-121.296166991157,45.6697837166291],[-121.296201607213,45.6697969282928],[-121.2962165509,45.6698291945332],[-121.296205473015,45.6698592174858],[-121.296235703431,45.6698926969565],[-121.296280717008,45.6698970162773],[-121.296292944564,45.6698623457138],[-121.296339985886,45.6698618530883],[-121.29637993895,45.6698480516045],[-121.296395413345,45.6698186807129],[-121.296414658909,45.6697909495283],[-121.296409646217,45.6697607948628],[-121.29643125136,45.669730625617],[-121.296446013609,45.6696993170928],[-121.296476228866,45.6697182492512],[-121.296502942689,45.6696824193788],[-121.296521528118,45.6696574394683],[-121.296538834079,45.6696294911278],[-121.296556135247,45.6696008266501],[-121.296601006064,45.6695979977485],[-121.296623193948,45.6696208883034],[-121.296654821703,45.6696431280267],[-121.296707053945,45.6696391261712],[-121.296748008619,45.6696399442763],[-121.296796148076,45.6696295193298],[-121.296830874995,45.6695927045597],[-121.296883886843,45.6696095174345],[-121.296928578842,45.6695940514431],[-121.296959675,45.6695686201399],[-121.297001822515,45.6695673580134],[-121.29704050268,45.6695614688867],[-121.297002396288,45.6695316861314],[-121.296962555466,45.6695296549281],[-121.296965188656,45.6694995238202],[-121.296995858953,45.6694715159442],[-121.297003210146,45.6694393940621],[-121.29698389047,45.6694067825164],[-121.297023299339,45.669392916132],[-121.297054300207,45.6694114001422],[-121.297086859978,45.6694266183937],[-121.297081981891,45.6694544894276],[-121.297099313481,45.6694853150754],[-121.297138462011,45.6694998145836],[-121.297170564582,45.6695213032816],[-121.297174282179,45.6695528019028],[-121.297169275223,45.6695820215765],[-121.297206211819,45.6695974745134],[-121.297228748015,45.6696300227358],[-121.297267001883,45.6696526508442],[-121.297306779876,45.6696617198787],[-121.297331854158,45.6696896110123],[-121.297357538764,45.6697138496735],[-121.297404230978,45.6697169749182],[-121.297449164408,45.6697183837844],[-121.297456588545,45.6697545302303],[-121.297480816702,45.6697816407493],[-121.297498895022,45.669812340688],[-121.297538515899,45.6698222852288],[-121.297556639723,45.6697917121212],[-121.297598186073,45.6697926194696],[-121.297613415542,45.6697533056211],[-121.29762907998,45.6697257497739],[-121.297668894444,45.6697144769665],[-121.297700306817,45.6696790088827],[-121.297683515281,45.6696490289696],[-121.297649264524,45.6696327481521],[-121.297688634997,45.6696182412159],[-121.297738112374,45.6696247347516],[-121.297772883202,45.6696436310469],[-121.297763300774,45.6696718643482],[-121.297760120873,45.6697048341743],[-121.29774776985,45.6697391413605],[-121.297740472371,45.6697739080579],[-121.297721414023,45.669799452802],[-121.297724195844,45.6698285024773],[-121.297728690927,45.6698596862818],[-121.297762624806,45.6698809626057],[-121.297784647927,45.6699076643208],[-121.297809020948,45.6699374333169],[-121.297811688419,45.6699756355834],[-121.297816150852,45.6700033485363],[-121.297817612711,45.6700360447127],[-121.297813146716,45.6700661271393],[-121.297815938899,45.6700991606383],[-121.297826327986,45.6701286587162],[-121.297796411956,45.6701856205152],[-121.297752622262,45.6701928726612],[-121.297724909781,45.6702184601574],[-121.297688630295,45.6702358314018],[-121.297637926972,45.6702466646447],[-121.297608385347,45.6702726892321],[-121.297594748857,45.6703021323339],[-121.297577312209,45.6703285917973],[-121.297584863914,45.6703558734461],[-121.297610368876,45.6703784173218],[-121.297588636078,45.6704087936779],[-121.297582892384,45.6704408659435],[-121.297578849644,45.6704688122661],[-121.297573534,45.6705023256432],[-121.297581455422,45.6705298000077],[-121.297577020107,45.6705576626307],[-121.297547305526,45.6705757565636],[-121.297520297733,45.6706056353017],[-121.297487879101,45.6706233535625],[-121.297482341957,45.6706567235876],[-121.297490681384,45.670688712534],[-121.297487818189,45.6707172320264],[-121.297485842736,45.6707492489288],[-121.297526958287,45.670750227618],[-121.297550397661,45.6707778941013],[-121.297586089233,45.6707637253678],[-121.297623890918,45.6707551393235],[-121.297651391999,45.6707802103606],[-121.297695432003,45.6707815415498],[-121.297732864482,45.6707897438041],[-121.297751446651,45.6708159309283],[-121.297758637145,45.6708480662351],[-121.29775073531,45.6708784968432],[-121.297734465822,45.6709040828518],[-121.297762491787,45.6709290531176],[-121.29779757727,45.6709138366936],[-121.297842681162,45.6709180315426],[-121.297887690011,45.6709036121014],[-121.297918031166,45.6709276578531],[-121.297957693408,45.6709291393331],[-121.297996408559,45.6709206234205],[-121.298027978279,45.6709000812312],[-121.298046367136,45.6708743637763],[-121.29808715699,45.6708614710193],[-121.298133417824,45.6708610882638],[-121.298172194499,45.6708553483664],[-121.298206829753,45.6708421943143],[-121.2982394856,45.6708664806235],[-121.298279404107,45.6708738578219],[-121.298306917995,45.6708540251804],[-121.298300319734,45.6708262134552],[-121.298320149952,45.6707995954204],[-121.298361604186,45.6707894592359],[-121.298389085309,45.6707677320156],[-121.298397309676,45.6707408727944],[-121.298388560692,45.6707108507613],[-121.298379104498,45.670678322468],[-121.298344933908,45.6706608483016],[-121.298353349504,45.6706301037458],[-121.298380611017,45.6706067045681],[-121.298347299794,45.6705920631168],[-121.298353721416,45.6705630982767],[-121.298395299484,45.6705574615649],[-121.298376262844,45.6705301664983],[-121.298407663344,45.6704986525333],[-121.298396303911,45.6704695390034],[-121.298368589225,45.6704237142629],[-121.298345929044,45.6703989504751],[-121.298353918314,45.6703661538908],[-121.2983965257,45.6703521158979],[-121.298434828501,45.6703448982229],[-121.298467636683,45.6703218048901],[-121.298507925571,45.6703144629852],[-121.298532921264,45.6702888947285],[-121.298574325353,45.670290158087],[-121.298593333899,45.6702553969556],[-121.298631754119,45.6702431445561],[-121.298673577129,45.6702329823473],[-121.298718365069,45.6702165685331],[-121.298738368099,45.6701920752429],[-121.298720930132,45.6701332238068],[-121.298743057447,45.6701084857007],[-121.298788869191,45.6701012157912],[-121.298762232907,45.6701268240877],[-121.298741867105,45.6701521763783],[-121.29873881892,45.6701903456309],[-121.29876180646,45.6702167760693],[-121.298811738902,45.6702265157898],[-121.298838266665,45.6702471801365],[-121.298894635626,45.6702381089341],[-121.298946508042,45.6702423633471],[-121.298922882211,45.6702680510067],[-121.298896592288,45.6702894904269],[-121.298933506827,45.6703095746586],[-121.298958776635,45.6703362198118],[-121.298985359946,45.6703623575603],[-121.298995053579,45.6703989346718],[-121.299021141972,45.6704235291926],[-121.299023963396,45.6704528862601],[-121.299003609414,45.6704852841122],[-121.29894887511,45.6704951836379],[-121.298909251205,45.6705092968461],[-121.298894546416,45.6705383767081],[-121.298840452787,45.6705506146474],[-121.298855417092,45.6705818412459],[-121.298846734861,45.6706099056346],[-121.298829026088,45.6706364184223],[-121.298838690705,45.6706710010891],[-121.298863627039,45.6706924734214],[-121.298885187133,45.6707166373097],[-121.298845890992,45.6707198888018],[-121.298810818575,45.6707057804261],[-121.298792941828,45.6706707193479],[-121.298761724288,45.6706463289097],[-121.29871694587,45.6706291413344],[-121.298678034885,45.670635082965],[-121.298660595074,45.6706598061753],[-121.298677516646,45.670686336474],[-121.298716698072,45.6706946101596],[-121.298688149231,45.6707154936186],[-121.298649905307,45.670700610585],[-121.298661190336,45.6707277713324],[-121.29869207835,45.6707450608621],[-121.298727999947,45.6707564607633],[-121.29874428534,45.6707817169076],[-121.298717003055,45.670803984479],[-121.29868744029,45.6708222747003],[-121.298654652719,45.6708390061226],[-121.298618433668,45.6708596314731],[-121.298636717588,45.6708923172713],[-121.298611317101,45.6709198964442],[-121.298562135351,45.6709343365225],[-121.298522447941,45.6709501909579],[-121.298487347673,45.670973487962],[-121.29845069417,45.6710004573492],[-121.298409371231,45.6710159054328],[-121.298369079365,45.6710353744566],[-121.298333713831,45.67105037973],[-121.298295571005,45.671069351835],[-121.298262277845,45.6710847163374],[-121.298216494638,45.6711021561138],[-121.298179860952,45.6711227958455],[-121.298135531801,45.6711364487129],[-121.29809803087,45.6711571123229],[-121.298074652737,45.6711797085134],[-121.298047302471,45.671208212246],[-121.298037666211,45.6712372925321],[-121.298036757174,45.6712400374318],[-121.29803526838,45.671240675572],[-121.298002961688,45.6712545415631],[-121.298037750161,45.6712353872824],[-121.298018336049,45.6712077132655],[-121.29796377212,45.6712195032413],[-121.297936485115,45.6712426703596],[-121.297898070966,45.6712573633789],[-121.297864189947,45.6712737547358],[-121.297541801841,45.6713737883596],[-121.297555740107,45.6714014835497],[-121.297554876962,45.6714320857248],[-121.297550922358,45.6714617678609],[-121.297549476995,45.6714894364604],[-121.297558151995,45.6715164576252],[-121.297510738926,45.6715232835918],[-121.297491731676,45.6715508981415],[-121.297454310291,45.6715599251005],[-121.297422660877,45.6715840188042],[-121.297381240617,45.6715998099653],[-121.29734198227,45.6716175117622],[-121.297315101917,45.6716406984509],[-121.297275744057,45.6716514047909],[-121.297242624875,45.6716697377378],[-121.297200038287,45.6716856456376],[-121.29716308718,45.6717012101606],[-121.297124412979,45.6717095788585],[-121.297089645021,45.671723584603],[-121.297051813193,45.6717323623074],[-121.29701287195,45.6717470280256],[-121.296978778082,45.6717656032521],[-121.296952203648,45.6717859671952],[-121.296936350019,45.6718168845988],[-121.296919424509,45.6718450939824],[-121.296886117702,45.671873435526],[-121.296840810399,45.6718793471829],[-121.296800918901,45.6718740503304],[-121.296780632238,45.6718992001702],[-121.296747532856,45.6719166673208],[-121.296717011036,45.6718978363026],[-121.296675989799,45.6718986300021],[-121.29664099404,45.6719188172369],[-121.296644156911,45.6719475206177],[-121.296659386854,45.671976395627],[-121.296688020286,45.6719962021908],[-121.29668586654,45.6720293736866],[-121.296685380125,45.6720570015505],[-121.296676031095,45.6720882570367],[-121.2966451229,45.6721098514927],[-121.296684617708,45.6721253267649],[-121.29672126335,45.6721133471045],[-121.296746273608,45.6721391523458],[-121.29678597602,45.6721390279796],[-121.29683027352,45.6721391404467],[-121.296854806071,45.6721609335302],[-121.296834538125,45.6721845672435],[-121.29681694294,45.6722093748771],[-121.296803263887,45.6722387722506],[-121.296791925382,45.6722672234021],[-121.296810883941,45.6722922285776],[-121.296844968644,45.672307356431],[-121.296885047452,45.6723083630996],[-121.296932059858,45.6723041546645],[-121.296972288459,45.67230309636],[-121.297014280133,45.6723058200999],[-121.297047387395,45.6723149535125],[-121.297052407756,45.6723163363798],[-121.297093368937,45.6723220271355],[-121.297139136565,45.6723302412234],[-121.297186389787,45.6723299843523],[-121.297230769073,45.6723346936062],[-121.297276008022,45.6723408716079],[-121.297315078176,45.6723538312834],[-121.297356943901,45.6723628375007],[-121.297397324966,45.6723738007744],[-121.297435828765,45.6723821892645],[-121.297477088795,45.6723987912766],[-121.297521585999,45.6724165435451],[-121.297559386793,45.6724291159133],[-121.297593079041,45.672445538199],[-121.29762343754,45.6724487449172],[-121.297635556014,45.6724500254329],[-121.297680374189,45.6724405557712],[-121.297724228019,45.672445863123],[-121.29776942121,45.6724444702262],[-121.297810463687,45.6724424038185],[-121.29785446571,45.6724466430615],[-121.297825238858,45.6724730451927],[-121.297800675422,45.6725057242806],[-121.297819016445,45.6725311374673],[-121.297853493341,45.6725482354095],[-121.297868861324,45.6725737741083],[-121.297858872717,45.6726011599096],[-121.297865016406,45.6726347859224],[-121.297842517799,45.6726577404298],[-121.297823274442,45.6726892613417],[-121.297777571686,45.6726925147205],[-121.297736223278,45.672692984423],[-121.297702501441,45.6727194441283],[-121.297678829737,45.6726944298164],[-121.297638968161,45.672680133293],[-121.297592382343,45.6726958814212],[-121.297593812669,45.6727252875393],[-121.297568710989,45.6727483146024],[-121.297539506119,45.6727716925969],[-121.297512765531,45.6727918472533],[-121.297484496168,45.6728165207358],[-121.297480897284,45.6728472476779],[-121.297502558728,45.6728725969115],[-121.297530430817,45.6728964031385],[-121.297567975942,45.6729107847508],[-121.297534628318,45.6729253657483],[-121.297497295514,45.6729364038446],[-121.297476407288,45.6729597305838],[-121.297486013459,45.6729917927349],[-121.297509834786,45.6730157471099],[-121.297533924568,45.6730398094156],[-121.297494703952,45.6730603945391],[-121.297464929201,45.6730787794288],[-121.297494997912,45.6731107868093],[-121.29748290857,45.6731418144831],[-121.297444016404,45.6731375744935],[-121.297396891727,45.6731541980199],[-121.297380808981,45.6731824826811],[-121.297408131741,45.6732038697684],[-121.297370508493,45.6732148936039],[-121.297336840003,45.6732350476977],[-121.297295115046,45.6732497756281],[-121.297253470239,45.673273626904],[-121.297217123164,45.6732906223392],[-121.297212328361,45.6733188733191],[-121.297182109241,45.6733442005803],[-121.297161216257,45.6733692421251],[-121.297132644782,45.6733922414175],[-121.297076994665,45.6734008245971],[-121.297071441233,45.6734281432398],[-121.29709100016,45.6734566153301],[-121.297120212141,45.6734768955819],[-121.297079749125,45.6734985254739],[-121.297040864335,45.6735058617993],[-121.297002744872,45.6735246299485],[-121.296965121092,45.6735497241338],[-121.296926875425,45.6735656842386],[-121.29688577391,45.6735773577769],[-121.29684646001,45.6735735424193],[-121.296803577644,45.6735909996505],[-121.296770645897,45.6736071106874],[-121.296718540777,45.673626118744],[-121.296690104995,45.6736513401695],[-121.29667081704,45.6736849934693],[-121.296651785089,45.6737109039663],[-121.296635147287,45.6737381603267],[-121.296609259146,45.6737677558579],[-121.296593191806,45.673794133818],[-121.296588690244,45.6738270918196],[-121.296558748459,45.6738609984025],[-121.296543052216,45.673890176409],[-121.296517694833,45.6739136188272],[-121.296496816961,45.6739400663765],[-121.296473082144,45.6739646511698],[-121.29644060326,45.6739936634873],[-121.296408744854,45.6740146525112],[-121.296371293229,45.6740256100695],[-121.296333190436,45.6740330083148],[-121.296325267964,45.6740022032274],[-121.296310087754,45.6739729607905],[-121.29624784001,45.673953688598],[-121.296202534898,45.6739568198877],[-121.296159687044,45.673955467423],[-121.296113780183,45.6739703942935],[-121.296075753181,45.6739841069644],[-121.296022018107,45.6739836651793],[-121.295981861072,45.673985437027],[-121.295944113238,45.6740050480178],[-121.295919069987,45.6740265412079],[-121.295892117444,45.6740485278095],[-121.295879517112,45.6740747912329],[-121.295852591359,45.6741086492393],[-121.295826404091,45.6741300179252],[-121.295823582786,45.6741629383782],[-121.295853554817,45.6741955901019],[-121.295864062246,45.6742251270609],[-121.295904245012,45.6742511901261],[-121.295952225724,45.6742659322858],[-121.295994318894,45.6742891653625],[-121.296042425039,45.6743057348314],[-121.296095875242,45.6743075496947],[-121.296137426889,45.6743082353179],[-121.296184391238,45.6743115643476],[-121.296193927432,45.6743118845902],[-121.296225517429,45.6743129447044],[-121.296277363905,45.6743241650985],[-121.296335767159,45.6743285139314],[-121.296377477003,45.6743311705453],[-121.296416376363,45.6743406084327],[-121.296459351024,45.6743492484458],[-121.296507183091,45.6743515637766],[-121.296552690799,45.6743505309033],[-121.296590483227,45.6743341403581],[-121.296638571895,45.6743298671559],[-121.296646388814,45.6743308702359],[-121.296684374138,45.6743357428554],[-121.29673214442,45.6743300718409],[-121.296811141268,45.6743080152729],[-121.296859800805,45.6742855586726],[-121.296881713795,45.6742701029045],[-121.296908675112,45.6742510868399],[-121.296951113298,45.6742405387328],[-121.296992784609,45.6742423613638],[-121.29703531355,45.6742411488392],[-121.297079393827,45.6742424179215],[-121.297134633147,45.6742469264442],[-121.297182123292,45.6742471682087],[-121.29722121618,45.6742514851953],[-121.297091238972,45.6742942727293],[-121.297087491867,45.6742955065352],[-121.297062731846,45.6743182468297],[-121.297038163045,45.674347753392],[-121.297010895761,45.6743722003825],[-121.296972866018,45.6743850703368],[-121.296935729936,45.6744035330563],[-121.296915983909,45.6744280251112],[-121.296903543889,45.6744568481083],[-121.296876677167,45.6744811276937],[-121.296837675487,45.6744956443764],[-121.296809495136,45.6745159822828],[-121.296803955382,45.6745441204298],[-121.296836564833,45.6745601265252],[-121.296838859512,45.6745950716116],[-121.296804336703,45.6746214464965],[-121.296763208836,45.6746364643579],[-121.296744959907,45.6746650938297],[-121.296721556533,45.6746933319034],[-121.296723255016,45.6747248936593],[-121.296758451678,45.6747436658586],[-121.296770547604,45.6747710038435],[-121.296805112734,45.6748044131094],[-121.296851478924,45.6748036243996],[-121.296894244987,45.6748073649856],[-121.296933037745,45.6748036056701],[-121.296975941366,45.6748053236555],[-121.297010082645,45.6748206265052],[-121.29705040813,45.6748041951868],[-121.29708999981,45.6748104917711],[-121.297138211995,45.6748227090998],[-121.297184759946,45.6748369881621],[-121.29722913833,45.6748387131109],[-121.297262101389,45.674870960834],[-121.297309823656,45.6748692072261],[-121.297326979198,45.6748374487444],[-121.29732336018,45.6748101322795],[-121.29732981832,45.6747745608022],[-121.297375048313,45.6747686513076],[-121.297415355048,45.674759954745],[-121.297418580791,45.674731834126],[-121.297440707876,45.674681345924],[-121.297478819598,45.6746996725],[-121.297522620728,45.6746991088218],[-121.297558381757,45.6747119119018],[-121.297596996069,45.6747240855397],[-121.29761467486,45.6747506584582],[-121.297639622596,45.6747826754598],[-121.297687809561,45.674783065226],[-121.297734748541,45.6747925846724],[-121.297718371024,45.6748223090844],[-121.297754527149,45.6748470340898],[-121.297741663982,45.6748753976053],[-121.297698542148,45.6748733125076],[-121.297653098159,45.6748818426221],[-121.297613530118,45.6748661468596],[-121.297590584381,45.6748908020672],[-121.297611834296,45.6749203844649],[-121.297578588891,45.6749363125094],[-121.29754267411,45.6749559547059],[-121.297517652402,45.6749814904492],[-121.297521864979,45.6750128272393],[-121.297526954834,45.6750426402543],[-121.297530623968,45.6750707867951],[-121.297541547666,45.6750984295826],[-121.297587853272,45.6751082557012],[-121.297644274182,45.6751039649342],[-121.297699732586,45.6751016231563],[-121.297751157801,45.6750958044782],[-121.297793895238,45.6750873674403],[-121.29783134689,45.6750729554737],[-121.297874253721,45.6750805355798],[-121.297913343238,45.6750944701946],[-121.29795668104,45.6750967534769],[-121.297997384869,45.675113076575],[-121.29803805181,45.6751297921812],[-121.298079967817,45.6751245923724],[-121.298096109135,45.675154013357],[-121.298085105646,45.6751809822876],[-121.298057854184,45.6752075850921],[-121.298014069055,45.6752167356318],[-121.29796872939,45.6752254936793],[-121.297929840595,45.6752147507646],[-121.297889809962,45.6752342159732],[-121.297860728324,45.6752733235855],[-121.297865448524,45.6753029348679],[-121.297812855974,45.6753018635177],[-121.297803652635,45.67532862402],[-121.297770597088,45.6753596514473],[-121.297734385535,45.6753866013116],[-121.297684700241,45.675393151284],[-121.297650325054,45.6754113857803],[-121.297620817951,45.6754347208213],[-121.297591766682,45.6754567769703],[-121.297542001236,45.6754470823787],[-121.297510970568,45.6754211366036],[-121.297468465104,45.6754506897984],[-121.297431666637,45.6754691035761],[-121.297409696015,45.67544086752],[-121.297365825156,45.675438106322],[-121.297322871221,45.6754543774932],[-121.297278015061,45.6754610005806],[-121.297251298546,45.6754849355256],[-121.297228139576,45.6755197056693],[-121.297210243041,45.675552468736],[-121.297180159499,45.6755774765361],[-121.297182484758,45.6756072912782],[-121.297215635104,45.6756254186803],[-121.29719153702,45.6756480815983],[-121.297180951129,45.6756810531103],[-121.297167044142,45.6757096998589],[-121.297161261252,45.6757461322241],[-121.297153453227,45.675773214259],[-121.297172016012,45.6758017965468],[-121.297134021334,45.6758218972134],[-121.297095406543,45.6758401307047],[-121.297052283021,45.6758288917951],[-121.297050055139,45.6758006364778],[-121.297008259446,45.6758012205144],[-121.296960589898,45.675807393877],[-121.296940878642,45.6758115370845],[-121.296927123946,45.6758310795665],[-121.296905703949,45.6758686493769],[-121.296879545422,45.6758910113494],[-121.296840513321,45.6758972815406],[-121.296821887972,45.6759234069874],[-121.296789628226,45.6759247438966],[-121.296776734584,45.6759252778682],[-121.296745607055,45.6759461936027],[-121.296708189671,45.6759609162729],[-121.296697527457,45.6759616959701],[-121.296698283855,45.6759929744061],[-121.296684417289,45.676022338778],[-121.297102863447,45.6759821134175],[-121.297296388155,45.6759512624707],[-121.297418689966,45.6759142014657],[-121.297592879201,45.6758586066732],[-121.297826366041,45.6757770705032],[-121.298178450595,45.6757511289663],[-121.298411937582,45.6758623144103],[-121.298597244133,45.6760253854327],[-121.298604657067,45.6761810420503],[-121.298630599952,45.6764256483164],[-121.298660249074,45.6765961297217],[-121.298641716081,45.6767517877693],[-121.298508297236,45.6771335210257],[-121.29842305645,45.6773818334974],[-121.298500884883,45.6776412629743],[-121.298638011381,45.6778302767904],[-121.29885296949,45.6780897065184],[-121.298967858709,45.6783009574719],[-121.298971567202,45.678445497217],[-121.298988297872,45.6785940957423],[-121.299008932859,45.6787773511277],[-121.29908275044,45.6789643570991],[-121.29913092997,45.6791867234704],[-121.298890029704,45.6792423183743],[-121.298760311819,45.6791237227032],[-121.298686192574,45.6789347104752],[-121.298627979876,45.6788063537885],[-121.298456063795,45.6787973061861],[-121.298320340729,45.6789692223861],[-121.298437967239,45.6791863787223],[-121.298320341246,45.6794668734436],[-121.298202714383,45.6797383188006],[-121.298184616435,45.6800278589313],[-121.298179487858,45.6802579501515],[-121.298160512452,45.6803528278737],[-121.298039543474,45.6804809121498],[-121.298044288121,45.6805852784123],[-121.298162884586,45.6806659229157],[-121.298279108368,45.6806611775702],[-121.298355011895,45.6806137399298],[-121.298445524547,45.6806060881898],[-121.298458958512,45.6806311945334],[-121.298492850441,45.6806905056896],[-121.298506814841,45.6808153546386],[-121.298535278133,45.6808509344916],[-121.298592203579,45.6808817686968],[-121.298696330019,45.6808991921746],[-121.298746601152,45.6808781976346],[-121.298869895428,45.6808457394897],[-121.298916201324,45.6809321620038],[-121.298853253748,45.6809912383349],[-121.298743251206,45.6810087841478],[-121.298746647766,45.6810206433322],[-121.298684802252,45.6810886739703],[-121.298329823861,45.6810371443348],[-121.298359293906,45.6811467753179],[-121.298272155095,45.6811969184383],[-121.298181118876,45.6811721645908],[-121.298140461074,45.6812102821526],[-121.298094116149,45.6814170567066],[-121.298171232299,45.6813845045933],[-121.298278942823,45.6813166789947],[-121.298376826327,45.6813551659057],[-121.298334698483,45.6814378539128],[-121.29821256259,45.6814582538906],[-121.298205040268,45.6815211312294],[-121.298277826126,45.6815712352384],[-121.298255359779,45.6816588464182],[-121.2981507332,45.6816248858663],[-121.298125901729,45.6815771460309],[-121.298067180983,45.6815871891291],[-121.298069712504,45.6816390458993],[-121.298034798763,45.6816763694247],[-121.297994477318,45.6817570116583],[-121.298003488079,45.6817847932901],[-121.298106993798,45.6818031680055],[-121.298143777888,45.6819012545853],[-121.298207724495,45.6819036240913],[-121.298215742225,45.6819109775836],[-121.298415256315,45.6819016950136],[-121.298445902105,45.6819629905149],[-121.298445981156,45.6819640624186],[-121.298570215928,45.6819375965176],[-121.298671286806,45.6820301181282],[-121.298629315096,45.6821296115389],[-121.298498425067,45.6821640645189],[-121.298424736538,45.6821344511822],[-121.298409472068,45.6821603361357],[-121.298331560179,45.6821541905133],[-121.298128881937,45.6821020728748],[-121.298011673384,45.6820367534199],[-121.297915314909,45.6820478706829],[-121.297822659806,45.682092341511],[-121.297763362455,45.6821849979269],[-121.297821991053,45.6823197299265],[-121.297837171367,45.6823986678571],[-121.297851884716,45.6824257754587],[-121.297859059575,45.6824261224542],[-121.298054853776,45.6823640354772],[-121.298114979966,45.6824227882649],[-121.298059904763,45.6825376827135],[-121.297971618924,45.682529065879],[-121.297859183314,45.6825454964761],[-121.297787219867,45.6826174614869],[-121.297727926844,45.6827093620737],[-121.297665632329,45.6827204918396],[-121.297680299821,45.6827831837884],[-121.297671403238,45.6827969764892],[-121.297676259038,45.6828631874001],[-121.297730907876,45.6828677410818],[-121.297796184536,45.6828753308138],[-121.297876639877,45.6828798849962],[-121.297944951258,45.6828692593494],[-121.298066393763,45.6828692588039],[-121.298190617612,45.6828543455522],[-121.298227324784,45.6828606749113],[-121.298193274988,45.6829669950216],[-121.29824145535,45.6830930042943],[-121.298167332308,45.68311894661],[-121.298093209956,45.6830225873266],[-121.297944962993,45.683004055852],[-121.297866012568,45.6829891854069],[-121.297711476241,45.6830522362407],[-121.297723134137,45.6830842995082],[-121.297779778595,45.6831025150082],[-121.298027711822,45.6830405093477],[-121.29818743498,45.683163486],[-121.298141149067,45.683271332572],[-121.297946761832,45.6833314244171],[-121.298009597083,45.6833746101721],[-121.298132927023,45.6833195980865],[-121.298149324897,45.6833122833593],[-121.298204532144,45.6832594312977],[-121.298248505675,45.68332449749],[-121.298165749098,45.683369612747],[-121.29812392105,45.6833924154365],[-121.298168383721,45.6834413845001],[-121.298209151302,45.6834555810579],[-121.298297204018,45.683486242839],[-121.298365114094,45.6835194593365],[-121.298378145561,45.6835947977004],[-121.298255193853,45.6836336110703],[-121.29825627894,45.6836378070701],[-121.298304458941,45.6838453506024],[-121.298345226952,45.6840121279651],[-121.298237748588,45.6841381345253],[-121.298237748195,45.6843345621775],[-121.298159919404,45.6843827423737],[-121.298082090641,45.6842678521148],[-121.297959788417,45.6842233765043],[-121.297878255166,45.6842826759375],[-121.297893076037,45.6844123934145],[-121.298008436683,45.6845054569261],[-121.298047808712,45.6845110682216],[-121.298227325066,45.6846963750581],[-121.298308398066,45.6849280104559],[-121.298318387597,45.6850263900776],[-121.298331367351,45.6850776249118],[-121.298444129483,45.6851165744282],[-121.29852304032,45.6852034836024],[-121.298404896127,45.6852668908372],[-121.298406436019,45.6852799016747],[-121.298421614661,45.6853679488525],[-121.298433998887,45.6854393454632],[-121.298378581397,45.6855501782297],[-121.298375699934,45.6856135780021],[-121.298353561877,45.6857150546811],[-121.298226629198,45.685728072839],[-121.298207069127,45.685630269497],[-121.298229506305,45.6855483043561],[-121.298271104349,45.6854760549272],[-121.298322941052,45.68537857744],[-121.298290365021,45.6853065104954],[-121.298140461376,45.6852986240775],[-121.297966737799,45.6853217845777],[-121.297885665593,45.6854781402605],[-121.297769847377,45.6856576559175],[-121.297721639723,45.6857179149076],[-121.29775982389,45.6857458406022],[-121.297813221278,45.6858006635049],[-121.297706783169,45.6858608224335],[-121.297644029856,45.6858149297161],[-121.297607702952,45.6858603374104],[-121.297567167729,45.6860688070841],[-121.297643225097,45.6861202575481],[-121.297690222773,45.6861731627325],[-121.297785357661,45.6861745805551],[-121.297761913231,45.6862538614373],[-121.297787924362,45.6862831430902],[-121.297897710123,45.686368639452],[-121.297953088953,45.686414300653],[-121.298030810176,45.6864405326983],[-121.298135736105,45.6864861945423],[-121.298293128183,45.686681475635],[-121.29838542475,45.6867368536811],[-121.29850881144,45.6868048620085],[-121.298663286367,45.6868612114001],[-121.298775014073,45.6869331064553],[-121.298859537859,45.6870215155341],[-121.298943162098,45.6870960600504],[-121.299001381827,45.6871458714669],[-121.299014044309,45.6871922985484],[-121.299200188557,45.6874122849701],[-121.299420240447,45.687661290635],[-121.29944340371,45.6878697624],[-121.299316004988,45.6878465990596],[-121.297852548651,45.686664277276],[-121.297536857015,45.6868131973831],[-121.297307941151,45.6866897148642],[-121.296894842047,45.6864668772562],[-121.296884320097,45.6864619825058],[-121.296866326776,45.6864514938781],[-121.296717472958,45.686371197129],[-121.296691767789,45.6863595274403],[-121.29665206279,45.6863393113632],[-121.296610542121,45.6863173828999],[-121.296566618638,45.6862924990604],[-121.296525564987,45.6862676739638],[-121.296523183127,45.6862662344493],[-121.296509710211,45.6862591212835],[-121.296478242397,45.6862425082066],[-121.296433811424,45.6862194388588],[-121.29639059691,45.6861951286381],[-121.296344083403,45.6861709092057],[-121.29631047983,45.6861552345924],[-121.29626278418,45.6861325949355],[-121.296229414779,45.6861151939868],[-121.296183975043,45.6860914746213],[-121.296133442995,45.6860725735401],[-121.296087486644,45.6860508477794],[-121.296041427895,45.6860290480215],[-121.295999027686,45.6860066979611],[-121.295967063,45.6859904282084],[-121.2959234809,45.685970605305],[-121.295886710169,45.685947461207],[-121.295849213921,45.6859210480268],[-121.29581191373,45.6858955358992],[-121.295798689301,45.6858755615841],[-121.295382007084,45.6856992960116],[-121.295339812951,45.6856867114307],[-121.295284523166,45.6856718117531],[-121.295240388719,45.6856542487868],[-121.295211991214,45.685628748003],[-121.295166217033,45.6856079851189],[-121.295135262565,45.6855905665643],[-121.295088519641,45.6855727090518],[-121.295057481467,45.6855551749837],[-121.294524683539,45.6853146903525],[-121.29448238528,45.6852926701382],[-121.294446018307,45.6852796372502],[-121.294406719966,45.6852651487264],[-121.29435878182,45.6852433385582],[-121.294322417579,45.6852273375099],[-121.294272327883,45.6852198317977],[-121.294243829446,45.6851976666411],[-121.294206642553,45.685181021553],[-121.294170630188,45.6851510745537],[-121.294116041848,45.6851325293917],[-121.294081909045,45.6851157160085],[-121.294039678506,45.6850913244707],[-121.293988801516,45.6850694495007],[-121.293948029154,45.685044213126],[-121.293629388311,45.684870099999],[-121.29233460331,45.6843375584144],[-121.291346869736,45.6837073319532],[-121.290884783648,45.6832109600368],[-121.290705415215,45.6830182814361],[-121.290333658746,45.6823657124519],[-121.289868691716,45.682129530701],[-121.289774966909,45.6820451654172],[-121.289738628077,45.6819984119474],[-121.289719074433,45.6819739181172],[-121.289679654506,45.6819251538803],[-121.289659789835,45.6818998784984],[-121.289623418603,45.6818551468325],[-121.289604064988,45.6818300695278],[-121.289577078636,45.6818019469074],[-121.289548767545,45.681769791761],[-121.289516422031,45.6817372454414],[-121.289488059298,45.6817044086555],[-121.289468184921,45.6816692447088],[-121.289451683145,45.6816314165097],[-121.289441744179,45.6815910600052],[-121.289444015264,45.6815501119751],[-121.289446617347,45.6815067199287],[-121.289447961872,45.6814644744767],[-121.289443647988,45.6814251857861],[-121.28944222783,45.6813932389323],[-121.289436504156,45.6813733788556],[-121.289319220857,45.6813907705254],[-121.289312819607,45.6814821880379],[-121.289293546085,45.6815414497602],[-121.289213596877,45.6815701472716],[-121.289068990896,45.6815711224284],[-121.28891160134,45.6815186801888],[-121.288839410638,45.6814745889932],[-121.288648926411,45.6814050014838],[-121.288393002788,45.6816005142071],[-121.288266604835,45.6817165327118],[-121.288178724933,45.6816841168324],[-121.288213680074,45.6815965909933],[-121.288439707051,45.681381066368],[-121.288507553054,45.6813244927017],[-121.288558859436,45.6812817111754],[-121.288731890792,45.6813030728091],[-121.288946286369,45.6814114462183],[-121.289038865967,45.6814249010921],[-121.289143845156,45.6813590124303],[-121.289347559653,45.6812353768853],[-121.289407234548,45.6810226105135],[-121.289398226605,45.6809856458821],[-121.28939709168,45.6809816021832],[-121.289377488211,45.6809120795481],[-121.289365656012,45.6808674981938],[-121.289351121773,45.6808180352819],[-121.28933099588,45.6807616040868],[-121.289305877481,45.6807028628122],[-121.289275169852,45.6806423804874],[-121.289242478108,45.680581441879],[-121.289203431959,45.6805180907945],[-121.289158702666,45.6804579395317],[-121.289100639947,45.680404979412],[-121.289038299991,45.6803594625043],[-121.288964566844,45.6803226009474],[-121.288885606147,45.6802942713201],[-121.288812110009,45.6802720659837],[-121.288748514157,45.6802595358839],[-121.288685715827,45.6802427286036],[-121.288619278973,45.6802255634156],[-121.288543775467,45.6802036296407],[-121.288471883067,45.6801799521814],[-121.288407685288,45.6801550451765],[-121.288349932682,45.6801261495711],[-121.288297569706,45.6800968838746],[-121.288251857381,45.6800642939897],[-121.288212086815,45.6800350055874],[-121.288178684149,45.6800031164726],[-121.288158704041,45.6799670658835],[-121.288147563822,45.6799328163867],[-121.288144653159,45.6798987274397],[-121.288150424191,45.6798624819717],[-121.288174354876,45.6798215861114],[-121.288197427312,45.6797786617983],[-121.288224112904,45.6797397744109],[-121.288246981067,45.6797067742546],[-121.288289841144,45.6796371324035],[-121.28830645721,45.6795985070987],[-121.288318958849,45.6795599202794],[-121.288326639421,45.6795159785005],[-121.288333099901,45.6794712325023],[-121.28833377189,45.6794313685508],[-121.288330099297,45.6793944155809],[-121.288315498163,45.6793558123394],[-121.288300129953,45.6793153671729],[-121.288274118063,45.6792780427231],[-121.288245821322,45.6792392005542],[-121.288218936145,45.6791996786014],[-121.288180593172,45.6791667151895],[-121.28814384822,45.6791411572434],[-121.288114553861,45.6791213990053],[-121.288083951705,45.6791017395294],[-121.288033661837,45.6790745704523],[-121.288032427211,45.6790776710301],[-121.287562715858,45.6791123055038],[-121.287458349411,45.6790957032916],[-121.28731939737,45.6791331985489],[-121.287375794895,45.6792311800833],[-121.287238329555,45.679362750514],[-121.287273340867,45.6794182858118],[-121.287293806746,45.6794487119661],[-121.287294933463,45.6794841624819],[-121.287236287487,45.6795193525834],[-121.287242078013,45.6796525421762],[-121.287346312971,45.6797625694338],[-121.287247867499,45.679843640064],[-121.287172587528,45.6797915234639],[-121.28716100623,45.6797336138243],[-121.287108888118,45.6796120061202],[-121.287022025268,45.6796120059188],[-121.286755645673,45.6795019799017],[-121.286587711113,45.6793861629926],[-121.286413985763,45.6793572076002],[-121.286327122537,45.6792529730089],[-121.286454521873,45.6791834830921],[-121.286668783061,45.6791661114079],[-121.286929372041,45.6791487384728],[-121.287120470605,45.6790966203996],[-121.287259450167,45.678998175878],[-121.287352103767,45.6789055244877],[-121.287473711756,45.6788707765198],[-121.287595318981,45.6788244474815],[-121.287525829451,45.6786912614964],[-121.287369476465,45.6785986070543],[-121.287288403836,45.6784712055855],[-121.287367063196,45.6784133937642],[-121.287457111667,45.6783472073728],[-121.287386225902,45.6782734469137],[-121.287345465935,45.6782398255898],[-121.287294767815,45.6782036547251],[-121.287236334169,45.6781649455931],[-121.287172740342,45.6781227145948],[-121.287101841893,45.6780778227515],[-121.287023024891,45.6780327708459],[-121.286941140573,45.677987911339],[-121.286856644889,45.6779453320666],[-121.286769018907,45.6779051912579],[-121.286676261322,45.6778658657916],[-121.286578567671,45.6778260731681],[-121.286478217147,45.6777882362604],[-121.286376586828,45.6777507524452],[-121.286271702893,45.6777148540649],[-121.28616349067,45.6776805245179],[-121.28605493698,45.6776498454511],[-121.285948015971,45.6776203879184],[-121.285843023047,45.6775949875998],[-121.285770272212,45.6775794637269],[-121.285735891973,45.6775721260931],[-121.285625538319,45.6775555723175],[-121.285512777931,45.677551032995],[-121.285457151942,45.6775538064584],[-121.285399898263,45.6775566555889],[-121.28529021218,45.6775677592335],[-121.285178323363,45.677576020991],[-121.285066564219,45.6775807126578],[-121.284960495989,45.6775864430191],[-121.284917910019,45.6775888454238],[-121.284854526092,45.6775924209427],[-121.284750238388,45.6775969569742],[-121.284710423708,45.6775982520965],[-121.284651067976,45.6776001846531],[-121.284560011014,45.6775988485971],[-121.284474783628,45.6775847120643],[-121.284389577006,45.6775607011114],[-121.284308988766,45.6775263602912],[-121.284231489722,45.6774813615646],[-121.284154760769,45.6774332464638],[-121.284081319371,45.6773896887822],[-121.284012794352,45.6773572940247],[-121.283749315106,45.6772781914317],[-121.283659132357,45.6772629727376],[-121.283565096134,45.6772531788616],[-121.283467425893,45.6772475847326],[-121.283367363969,45.6772450565061],[-121.283266269528,45.6772415391302],[-121.283164585891,45.6772399005841],[-121.283059278435,45.6772387819137],[-121.28295432789,45.6772378595966],[-121.282849796806,45.6772355047567],[-121.282742220198,45.6772291943984],[-121.282638437953,45.6772164041309],[-121.28253447048,45.6772004651556],[-121.282428831901,45.6771819695054],[-121.282321569821,45.6771616798042],[-121.282212242768,45.6771417699746],[-121.282101136967,45.6771232799536],[-121.281988602973,45.6771082065311],[-121.281872980642,45.6770958428243],[-121.281755368286,45.6770871108844],[-121.281635596523,45.6770815421916],[-121.281516592967,45.6770788589898],[-121.281400280926,45.6770771284876],[-121.281284424676,45.677076165873],[-121.281166320694,45.6770790499624],[-121.28104634124,45.6770862596062],[-121.280926518388,45.6770975401292],[-121.280805603997,45.6771072659254],[-121.280680904801,45.6771082024545],[-121.280556008648,45.6771015250949],[-121.280429773177,45.677090914937],[-121.280305727765,45.6770831771925],[-121.280183990065,45.6770772404404],[-121.280064164915,45.6770720744631],[-121.279947661925,45.6770670445873],[-121.279839235982,45.6770606130635],[-121.279743605826,45.6770533099121],[-121.279666590305,45.6770458692717],[-121.279604442775,45.6770380839954],[-121.279556703146,45.6770303827279],[-121.279513970021,45.6770246526529],[-121.279451409956,45.6770261108688],[-121.279142644206,45.6769219646513],[-121.276974235014,45.6769899228181],[-121.276928463942,45.6766861078267],[-121.279108317203,45.6767540667961],[-121.279235945922,45.6764107482963],[-121.278972059711,45.6763431484679],[-121.278726497049,45.6762802414144],[-121.274944800173,45.6753113829375],[-121.274569745072,45.6752152864488],[-121.268021770106,45.6735373226364],[-121.267995385883,45.673815718456],[-121.267990344176,45.6738473175424],[-121.267972659896,45.6738783400511],[-121.267979044699,45.6739075789645],[-121.26797721083,45.6739428844756],[-121.267971337571,45.6739769919807],[-121.267975027207,45.6740126697343],[-121.267949416904,45.6740403415402],[-121.267927428047,45.6740706886977],[-121.267926001627,45.6741042155223],[-121.267940666333,45.6741428434059],[-121.2679560514,45.674178708979],[-121.267956478033,45.6742134733358],[-121.267948459931,45.6742523705121],[-121.267954060322,45.6742806257922],[-121.267979938373,45.674314467503],[-121.267982152088,45.6743543736262],[-121.268002335305,45.6743888527752],[-121.268015936887,45.6744248388951],[-121.268043543131,45.6744552665868],[-121.268068880159,45.6744887564412],[-121.268073389795,45.6745224008773],[-121.268073863161,45.6745594114738],[-121.268068904758,45.6746025441697],[-121.268054131627,45.6746398625843],[-121.268038612983,45.6746676715474],[-121.268047377915,45.6747009938724],[-121.268057958866,45.6747290266409],[-121.268050725144,45.6747583233575],[-121.268067298102,45.6747936502902],[-121.268077716684,45.6748256706949],[-121.268072904383,45.6748666737334],[-121.268073260885,45.6749033899867],[-121.268070989307,45.6749368611595],[-121.268094727886,45.6749715382915],[-121.268121864774,45.6749944700286],[-121.268150237965,45.6750151210063],[-121.268163057128,45.675046700096],[-121.268159539918,45.6750675161497],[-121.266696077122,45.6744917676554],[-121.266676048838,45.6745836124799],[-121.266621660477,45.6745906946754],[-121.266568411911,45.6746004864817],[-121.266538365093,45.674624195029],[-121.266528572991,45.6746613114987],[-121.266497165175,45.674698374204],[-121.266486559023,45.6747253464716],[-121.266476723095,45.6747640907799],[-121.266450842826,45.6748077094013],[-121.2664345547,45.6748352361749],[-121.26641542103,45.6748617819997],[-121.266391389023,45.674886817788],[-121.266370364886,45.6749044014611],[-121.266331580143,45.674893870538],[-121.266290318872,45.674881732746],[-121.266252462989,45.6748716572656],[-121.266212648669,45.6748549314026],[-121.26618029869,45.6748381135084],[-121.266148804532,45.674812697865],[-121.266118796928,45.674787886984],[-121.2660938842,45.6747610328366],[-121.266070946263,45.6747322215129],[-121.266047353597,45.6747056115361],[-121.266015258679,45.6746823941552],[-121.265984627982,45.6746611897161],[-121.265949312765,45.674640070788],[-121.265908823836,45.6746255786915],[-121.265871325941,45.674615286618],[-121.265825845212,45.6746085537667],[-121.265781330103,45.674610732418],[-121.265739763725,45.6746164419918],[-121.265700411922,45.6746313707008],[-121.265660825989,45.6746387344437],[-121.265617396757,45.6746320483795],[-121.265575904315,45.6746184255417],[-121.265539886444,45.6746035172197],[-121.265501452122,45.6745966302187],[-121.26545930607,45.6746059431845],[-121.26541791511,45.6746267754667],[-121.265371359026,45.674638096564],[-121.26535729713,45.6746732479974],[-121.265305668765,45.6746815585281],[-121.265277317065,45.6747130119895],[-121.265248274267,45.6747423934498],[-121.265238183893,45.6747707504677],[-121.265220002548,45.6748093089726],[-121.265187771911,45.67483899555],[-121.265143537394,45.6748496491029],[-121.265090564507,45.6748307838679],[-121.265047840861,45.6748332546344],[-121.265005490297,45.6748538492155],[-121.264951853124,45.6748468004259],[-121.264933691259,45.6748276456648],[-121.264921964049,45.6747871250706],[-121.264920842197,45.6747580459772],[-121.264916606506,45.6747263358031],[-121.264914373249,45.6746868283398],[-121.264912086358,45.6746589291638],[-121.264898005729,45.67463214257],[-121.264873033314,45.674607219312],[-121.264832380264,45.6745946478781],[-121.264789173758,45.6745901292313],[-121.264732305726,45.6745815692497],[-121.264699537744,45.6746079141177],[-121.26463933629,45.674611493025],[-121.264602003906,45.6745944166226],[-121.26457006526,45.6745709342158],[-121.264544221746,45.6745450565941],[-121.264513953794,45.6745168146448],[-121.264473171822,45.6745101792535],[-121.264426949949,45.6745118835926],[-121.264384394842,45.6745206509235],[-121.264343666561,45.6745236626272],[-121.264314874437,45.6745047813775],[-121.264323505905,45.6744749674464],[-121.2643212342,45.6744457734887],[-121.263574288468,45.6744368597433],[-121.264218491076,45.6742128375658],[-121.264575397808,45.6740345499577],[-121.26468162984,45.673873329922],[-121.264678999055,45.6738644535544],[-121.264674349517,45.6738628221649],[-121.264623488111,45.6736702043428],[-121.264323807839,45.6735625823422],[-121.263677935547,45.6734037672098],[-121.262760885754,45.6730064534043],[-121.262335621164,45.6727621545248],[-121.262037030642,45.6726264281987],[-121.261675101832,45.6726083324786],[-121.261132209895,45.6724907047212],[-121.260824567858,45.6724273665376],[-121.260489786346,45.6722464040714],[-121.260155003096,45.6721468726429],[-121.259765930456,45.672291644744],[-121.259440194638,45.6722283069543],[-121.259323098146,45.6721489820205],[-121.259268277963,45.6719297158117],[-121.259128673571,45.6717059626414],[-121.258491396083,45.6715855749716],[-121.258092011814,45.6717939929526],[-121.257739131399,45.6717487518097],[-121.257386250675,45.6717306545021],[-121.257169094218,45.6717035111973],[-121.256924793782,45.6714954015274],[-121.256825262054,45.6713325348279],[-121.256785237043,45.6712169092093],[-121.255849020867,45.6709919958242],[-121.255582019021,45.6709281971504],[-121.255250874151,45.6710610904834],[-121.255006573338,45.6710429919936],[-121.254744175338,45.6709434615725],[-121.254506170061,45.6706711305383],[-121.253334122582,45.6703910800573],[-121.253061207548,45.6706086783194],[-121.252780714073,45.6707263074947],[-121.252518315991,45.6707172568906],[-121.252237820444,45.6705001004081],[-121.251993520419,45.6704005663439],[-121.25182160394,45.6701653158235],[-121.251856833439,45.6700611147022],[-121.249159438264,45.669467446687],[-121.245770584805,45.669226254677],[-121.243513173696,45.6691067497009],[-121.241207491225,45.668994346334],[-121.240206700837,45.6689455428572],[-121.237231358033,45.6681627709221],[-121.225247997514,45.6659022316336],[-121.222724688945,45.6652807666682],[-121.221429334983,45.6646080483157],[-121.220518469085,45.6638666278332]]],[[[-121.280786425736,45.6674252351765],[-121.280704909137,45.6673765872343],[-121.280569567164,45.6674113904123],[-121.280479157055,45.6675041688383],[-121.280402776408,45.6675941131856],[-121.280424242715,45.6676948388754],[-121.280402062528,45.6677647427051],[-121.280595916294,45.6678133114429],[-121.280643877101,45.6677192171615],[-121.280706531762,45.6676358798461],[-121.280798795972,45.6675670345687],[-121.28076729897,45.6674506768415],[-121.280786425736,45.6674252351765]]],[[[-121.284516169805,45.6729040950032],[-121.285010991958,45.6725365116273],[-121.285194785164,45.6721547910577],[-121.28512409487,45.6716882420152],[-121.284784786825,45.6714196243136],[-121.284516167954,45.6712923830967],[-121.284386102042,45.6710972815941],[-121.284377053052,45.6707353532036],[-121.284666594699,45.6706267750883],[-121.284856607671,45.6704186658837],[-121.285046619932,45.6701834122342],[-121.285182342126,45.6700476895749],[-121.28544474175,45.6702648443993],[-121.285652850679,45.670599630421],[-121.285879056086,45.6709163175778],[-121.286014778666,45.6712782459484],[-121.286123357618,45.6715406456493],[-121.286204791397,45.6718392354247],[-121.286078115176,45.6721378249373],[-121.286222887464,45.6723640301987],[-121.286648153272,45.6723640300584],[-121.286928648421,45.672318788849],[-121.28711866026,45.6721559223112],[-121.287281528289,45.6717849446345],[-121.287172948402,45.6714954028233],[-121.2872000935,45.6710520401547],[-121.287082467561,45.6706448694214],[-121.28685626212,45.6701472195623],[-121.286693393544,45.6696767133506],[-121.286385754998,45.6692152539169],[-121.286222888276,45.6687266510249],[-121.286023826875,45.6683828186606],[-121.28558951356,45.6683285315704],[-121.285354259396,45.6684371080212],[-121.284684691714,45.6686271214009],[-121.284141799955,45.6686180730141],[-121.283957967501,45.6686244123783],[-121.283617002371,45.6686361684189],[-121.283417942428,45.6686090237105],[-121.283146497082,45.6686361687885],[-121.283010774558,45.6684733011191],[-121.282703136226,45.6684461569006],[-121.282603606009,45.6682742414161],[-121.282623130006,45.6681815005938],[-121.282463263229,45.6682116024323],[-121.282178468553,45.6683273457525],[-121.282168514235,45.6683331946515],[-121.282173910858,45.6684015119616],[-121.28208525417,45.6684370153895],[-121.282030437797,45.6684143004224],[-121.281879615921,45.6685028921044],[-121.281856710137,45.6685016019134],[-121.281788096599,45.6686085518775],[-121.281700439845,45.6686113260336],[-121.281633421166,45.668512082393],[-121.28167242155,45.668480292778],[-121.281717246357,45.6684437597066],[-121.281733049763,45.6683089241586],[-121.281680141313,45.6683044072376],[-121.28155836282,45.6682940160342],[-121.281466496686,45.6682435168376],[-121.281527108901,45.6681707525843],[-121.281632769833,45.6681518760028],[-121.281709637116,45.6682251360907],[-121.281744220116,45.6681321977263],[-121.28196842449,45.6679983962998],[-121.282013464807,45.6679581206834],[-121.28187142654,45.6679712169745],[-121.281566128124,45.6679580499864],[-121.281506588275,45.6679057137848],[-121.281657455233,45.6677708080694],[-121.281245296827,45.6676531517589],[-121.281055771888,45.6674531112651],[-121.281039612317,45.6675814685749],[-121.281034101818,45.6677614276676],[-121.280862723603,45.6677674218088],[-121.280822907309,45.6678697040793],[-121.280770606927,45.6679803702543],[-121.280767718822,45.6680746364069],[-121.280888370203,45.668127893437],[-121.280962230996,45.6681118566561],[-121.281194985779,45.6680982130109],[-121.281286209074,45.668313923404],[-121.281080123036,45.668319313584],[-121.281088523888,45.6683851816919],[-121.281028292323,45.6684456729779],[-121.280953933625,45.6683954353919],[-121.280899374079,45.6683337249369],[-121.280808476006,45.6683410257697],[-121.280792052055,45.66847795443],[-121.280738438122,45.6686314678869],[-121.280588090175,45.6687492330671],[-121.280400005473,45.6686496521595],[-121.280266123168,45.6686054951494],[-121.280258259159,45.6685351428864],[-121.280265522659,45.6684615075658],[-121.280120228001,45.6684628309739],[-121.279986237367,45.6684221850162],[-121.279694682513,45.6684564215542],[-121.279456524805,45.6683826008977],[-121.279340350967,45.6682509185549],[-121.279270847938,45.6680672653165],[-121.279320746814,45.6679099912632],[-121.279415593897,45.6677569066408],[-121.279504038041,45.6676493770758],[-121.279571810246,45.667562606319],[-121.279524649774,45.6674670817784],[-121.279525563296,45.6672739519681],[-121.279516133406,45.6670912034243],[-121.27928541186,45.6671017730324],[-121.278996123896,45.6670622978745],[-121.27875043428,45.6669075945861],[-121.2790634103,45.6668280291503],[-121.279635474385,45.6669560440765],[-121.279993371464,45.6670457204432],[-121.280057677104,45.6669698094185],[-121.280201051376,45.6670538288148],[-121.280234181528,45.6671157256023],[-121.280166054096,45.6671293071316],[-121.280142874215,45.6672515742056],[-121.280347880717,45.6672156721028],[-121.280410493095,45.667077450411],[-121.280616609246,45.6670191539369],[-121.280707215651,45.6671105673724],[-121.28076551627,45.667303823371],[-121.280824585977,45.6673744784163],[-121.280835176665,45.6673603930718],[-121.281125866728,45.6673542338356],[-121.281408821972,45.6676007981127],[-121.281673571603,45.6676161201655],[-121.281590204408,45.6675684811665],[-121.281454480595,45.667450851576],[-121.281517819681,45.6673241775764],[-121.281789267584,45.6672879860513],[-121.281870700041,45.6668989130742],[-121.281857502454,45.6668153302705],[-121.281726004056,45.6667646828949],[-121.28172745311,45.6667173639415],[-121.281584905984,45.66672924241],[-121.281491205043,45.6668363309809],[-121.281350830814,45.6668895766666],[-121.281327032613,45.6668658842366],[-121.281180312822,45.6668593847517],[-121.280935169496,45.6668685711121],[-121.280753318942,45.6668100396196],[-121.280560142623,45.6667212893195],[-121.280349270655,45.6666108144471],[-121.280179913997,45.6665438819151],[-121.279949773599,45.6664631620396],[-121.279769307252,45.6663855811058],[-121.279327767504,45.6663851214485],[-121.279078874515,45.6663169901059],[-121.279037811033,45.6662358704355],[-121.278928111365,45.6662550819798],[-121.278932728595,45.6662165978004],[-121.278914398399,45.6662138820563],[-121.278871756982,45.6660355603997],[-121.278762077104,45.6661744911442],[-121.278422766921,45.6662310418503],[-121.277927945912,45.6661886295981],[-121.277532086796,45.6662169049239],[-121.277588636422,45.6664713847898],[-121.27775828954,45.666740003564],[-121.278168286755,45.6667258660084],[-121.278309665533,45.6667824176412],[-121.278295526997,45.6671500011362],[-121.27801277129,45.6674044815895],[-121.277691561114,45.6675008441706],[-121.277688269142,45.6676081406644],[-121.277588636267,45.6676192955734],[-121.277588636511,45.6677739657937],[-121.277683012238,45.6677795308444],[-121.277778426172,45.6678581324339],[-121.277696039679,45.6679184848484],[-121.277730014295,45.6679558570105],[-121.277701738247,45.668210337591],[-121.277532084085,45.6686061973289],[-121.277291741067,45.6688182636368],[-121.277305879303,45.6690444690117],[-121.277588639108,45.6691575722789],[-121.277828978568,45.6690586073594],[-121.278182424538,45.6690020564209],[-121.278620697854,45.6689172304011],[-121.278931729911,45.6688324016425],[-121.279447589814,45.668841021626],[-121.279661852007,45.6689800005997],[-121.279748715328,45.6692463800796],[-121.279829786122,45.6695359231494],[-121.279962975032,45.6697154386781],[-121.280136698898,45.6697501842083],[-121.280374125929,45.6696980667344],[-121.280576805672,45.6696922758791],[-121.280582596897,45.6698949560971],[-121.280575790075,45.6698995755684],[-121.280617132551,45.6699621173838],[-121.280558632492,45.6700323496137],[-121.280434736979,45.670085941251],[-121.280436872902,45.6700929834009],[-121.280371034436,45.670246312577],[-121.280344416921,45.6702572504156],[-121.280367592963,45.6703840631964],[-121.280242916402,45.670451770784],[-121.280163334237,45.6704841100413],[-121.280165655903,45.6704914127709],[-121.280298844511,45.670711465819],[-121.280565998227,45.6708388757908],[-121.280707017636,45.6707568373002],[-121.280767473569,45.6709231872605],[-121.281040073617,45.671018381012],[-121.281289081538,45.6712384332375],[-121.281683482807,45.6713178282536],[-121.282056188886,45.6709954895964],[-121.282338944861,45.6709389376368],[-121.282706527843,45.6707127329761],[-121.283102387481,45.6704299760156],[-121.28344169455,45.6704441135616],[-121.283639624549,45.6708965238631],[-121.283696176216,45.6713913464],[-121.283427556764,45.6719003105807],[-121.283229624891,45.6723668579299],[-121.283356870244,45.6727627168077],[-121.2839082435,45.6729747825998],[-121.284516169805,45.6729040950032]]],[[[-121.214867056894,45.6563591586464],[-121.214915766202,45.6563344342089],[-121.214945246185,45.6563129149683],[-121.214976458876,45.6562761621163],[-121.214998417544,45.6562515083327],[-121.215020937942,45.6562187807525],[-121.21505853803,45.6561889130025],[-121.215096566179,45.6561764690282],[-121.215138428752,45.6561720512883],[-121.215183732959,45.6561756423846],[-121.215226674137,45.6561835880804],[-121.215273183471,45.6561898960894],[-121.215317528937,45.6561946958982],[-121.215360460993,45.6561956059007],[-121.215403800277,45.6562037857219],[-121.215444379191,45.6562199627865],[-121.215471632026,45.6562476160499],[-121.215493437621,45.656280555979],[-121.215505706921,45.656313502001],[-121.21554430531,45.6563287734344],[-121.215597309119,45.6563287742715],[-121.215649155558,45.6563359906025],[-121.215679822696,45.6563538494416],[-121.215714693605,45.6563377060831],[-121.215710805161,45.656299850438],[-121.215697547498,45.6562670823223],[-121.215693862197,45.6562342143024],[-121.21568411278,45.656201800815],[-121.215672706114,45.6561726148052],[-121.21566466815,45.6561410221816],[-121.215661454692,45.6561113281359],[-121.215655034121,45.6560802150638],[-121.215648562367,45.6560476672727],[-121.215644303376,45.6560152957928],[-121.215636469393,45.6559855571114],[-121.215631568115,45.6559535332437],[-121.215629778123,45.65592399244],[-121.21563036261,45.6558895760098],[-121.215629678045,45.6558608210891],[-121.215631178795,45.6558283838086],[-121.215631069902,45.6557965015884],[-121.215633117681,45.6557637937502],[-121.215627438905,45.6557333149275],[-121.215625983162,45.6557019699652],[-121.215624052806,45.6556718703978],[-121.215621793255,45.6556417098625],[-121.215619861246,45.6556125091104],[-121.21561485673,45.6555811561472],[-121.215603348106,45.6555489153413],[-121.215590594958,45.6555193533685],[-121.215580122226,45.6554868444131],[-121.215567696065,45.6554544796525],[-121.215557221069,45.6554242640593],[-121.215550763837,45.6553933905153],[-121.215551955874,45.6553605763373],[-121.215551392613,45.6553310487177],[-121.215554160385,45.6553026946491],[-121.215575999275,45.6552718595882],[-121.215626795926,45.6552748942108],[-121.215671239989,45.6552863385131],[-121.215713182891,45.6552894704062],[-121.215759281096,45.6552897994865],[-121.215800847091,45.6552874841308],[-121.215841581616,45.6552819609925],[-121.215884857686,45.6552792248847],[-121.215925723335,45.6552829067115],[-121.215966819961,45.6552894805675],[-121.216006772904,45.6552937383616],[-121.2160460117,45.6552943189112],[-121.216076846462,45.6553304352721],[-121.216078465108,45.6553647500714],[-121.216080408436,45.6553935017989],[-121.21608707247,45.6554213807273],[-121.216097585956,45.6554624051117],[-121.216114701111,45.6554877126308],[-121.216138350751,45.6555217118265],[-121.216165361477,45.6555598120113],[-121.216187562299,45.6555836704718],[-121.216213134547,45.6556060669736],[-121.216261514171,45.6556306352835],[-121.216308790165,45.6556551779362],[-121.216343111101,45.65567005152],[-121.216382420506,45.6556804104337],[-121.216423823758,45.6556753058656],[-121.216450042407,45.6556513814806],[-121.216470635308,45.6556243704362],[-121.216482230899,45.655596752266],[-121.21650442939,45.6555612354617],[-121.216536965924,45.6555407659492],[-121.216572859887,45.6555227653653],[-121.216617864544,45.6555244845503],[-121.216656666278,45.6555346719369],[-121.216699113968,45.6555488595785],[-121.216735175084,45.6555627381171],[-121.21678516314,45.6555821059596],[-121.216802228678,45.6556076260128],[-121.216818762133,45.6556329666807],[-121.216829326612,45.6556700040866],[-121.216825312059,45.6557028643481],[-121.216835576968,45.6557386125076],[-121.216861536423,45.6557742555713],[-121.216870944953,45.6558114952849],[-121.216880315398,45.6558400080796],[-121.216899209049,45.6558653027915],[-121.216886880207,45.6559017165185],[-121.216878553966,45.655938830898],[-121.216887096735,45.6559773238003],[-121.216920897083,45.6560269164627],[-121.216944565025,45.656049862487],[-121.216969755319,45.6560772968144],[-121.216980102961,45.6561072098535],[-121.216989673666,45.6561354146089],[-121.217011882967,45.6561589813514],[-121.217048996895,45.6561778296175],[-121.217079206132,45.6561963908697],[-121.217114973145,45.6562077330194],[-121.217158854592,45.6562112133057],[-121.217198209521,45.6562106627305],[-121.217247779979,45.6562072649689],[-121.217287725302,45.6562037462152],[-121.217325736791,45.6561859861527],[-121.217358859706,45.6561641776633],[-121.217388081286,45.6561422842052],[-121.217419219,45.6561185912816],[-121.217446201903,45.656082502467],[-121.217468824471,45.6560551045366],[-121.217491723119,45.6560266981381],[-121.217514540252,45.6560032829044],[-121.217553704093,45.6559714550934],[-121.217577078441,45.6559463260897],[-121.217604407955,45.6559258117237],[-121.217630063948,45.6559030952312],[-121.217663641192,45.6558838948129],[-121.217690304737,45.6558537018689],[-121.217701857891,45.6558230311351],[-121.217693326395,45.6557842494106],[-121.217687711924,45.6557536650217],[-121.217672832189,45.6557259885976],[-121.217647898587,45.6556912688183],[-121.217619413038,45.6556572113958],[-121.217630926006,45.6556209492363],[-121.217642039925,45.6555932277348],[-121.217689110876,45.6554780754679],[-121.217497889283,45.6553176854261],[-121.217510357966,45.6552756502946],[-121.217513807152,45.6552426513098],[-121.217517762853,45.6552112794885],[-121.217532129544,45.655180407076],[-121.217542510103,45.6551534485238],[-121.217566730958,45.6551013555083],[-121.217581741604,45.6550721274032],[-121.217598747906,45.6550408951126],[-121.217622745037,45.6550105925509],[-121.21764965506,45.6549818835028],[-121.217669593849,45.6549561871141],[-121.217686866673,45.6549299780367],[-121.21774100566,45.6548917774826],[-121.217771357777,45.6548693506476],[-121.217809401368,45.654847147458],[-121.217849378008,45.654823477577],[-121.217887696835,45.6547981443926],[-121.217924150961,45.654774310745],[-121.217958004857,45.6547525614577],[-121.217992017184,45.6547351855638],[-121.218022694768,45.6547170617621],[-121.218056211114,45.6546968503153],[-121.218093492104,45.6546748280496],[-121.218127752971,45.6546495106761],[-121.218157321449,45.6546217766727],[-121.218184719322,45.6545915871806],[-121.218206051272,45.6545585063474],[-121.218220586176,45.654521517494],[-121.218227735817,45.654483654445],[-121.218225257156,45.6544413825174],[-121.218210327219,45.6544020642378],[-121.21819321596,45.6543655979131],[-121.218179942144,45.6543320239956],[-121.218173325189,45.6543045965266],[-121.218166888083,45.6542765705479],[-121.218157930045,45.6542229354712],[-121.218150909068,45.6541912971487],[-121.218143843346,45.6541564822332],[-121.218136544062,45.6541199125208],[-121.218129852613,45.654086817347],[-121.218126882179,45.6540589059538],[-121.21813116506,45.6540262329023],[-121.218137511821,45.6539970290574],[-121.218149019032,45.6539522322175],[-121.21816828717,45.6539212594554],[-121.218215661889,45.6538858829404],[-121.218245074461,45.6538572042632],[-121.218271645075,45.6538111255775],[-121.218281308906,45.6537798266436],[-121.218278402078,45.6537317200238],[-121.21827881606,45.653591825556],[-121.218207553881,45.6534091803498],[-121.217989809438,45.6533994954456],[-121.217805715874,45.6534423896629],[-121.217550359047,45.6535337107959],[-121.217718619077,45.6537426432225],[-121.217853222085,45.6539252862863],[-121.217543973731,45.6540108431831],[-121.217400327537,45.6538932239615],[-121.217354934805,45.6538869261515],[-121.217296852203,45.65385680355],[-121.21724397464,45.6538177329309],[-121.217206913849,45.6537735774139],[-121.217185230933,45.6537245340391],[-121.217182678496,45.653683793829],[-121.217184737014,45.6536531578763],[-121.217167257994,45.6536013095453],[-121.217132078632,45.6535593548553],[-121.217104917336,45.6535269617164],[-121.217325374298,45.653301354514],[-121.217660476081,45.6531967421928],[-121.217887945968,45.6529483030726],[-121.217622025061,45.6522952788584],[-121.216996485225,45.6521760262132],[-121.216676606886,45.6515996361689],[-121.216406490107,45.6509586437835],[-121.215852034959,45.6501586359027],[-121.215888221508,45.649770880115],[-121.21521292443,45.6501286520932],[-121.214637145714,45.650655367206],[-121.214139558773,45.6508094045346],[-121.212504629705,45.6507348714926],[-121.212497837035,45.6504020809034],[-121.212386346115,45.6504044796662],[-121.212335481469,45.6504080299377],[-121.212279986937,45.6504152035936],[-121.212240817783,45.6504138611231],[-121.212185408137,45.6504137933618],[-121.212145844135,45.6504159990136],[-121.212088621555,45.6504191254047],[-121.212048025145,45.6504191762031],[-121.21202020903,45.6504198942138],[-121.212006492058,45.6504202484556],[-121.211961351073,45.6504178544651],[-121.211921582919,45.6504182825586],[-121.211877131249,45.6504229785468],[-121.211831721102,45.6504202919384],[-121.211785406803,45.6504177295714],[-121.21126267284,45.6504177298924],[-121.21159054588,45.6516914337861],[-121.211690312731,45.6520789972862],[-121.212303489124,45.6544608803252],[-121.212822278044,45.6544432986402],[-121.212908577126,45.6544879276357],[-121.212905030195,45.6544499330319],[-121.212923569955,45.6544005108136],[-121.212993916058,45.6543755474162],[-121.213036636816,45.6543748409779],[-121.213076379057,45.6543784190749],[-121.213121391069,45.6543968695995],[-121.213163892786,45.6544316128912],[-121.213201374016,45.6544703634547],[-121.213242682971,45.6545068891042],[-121.213275459487,45.6545399218792],[-121.213304696805,45.6545679126595],[-121.213334438162,45.654597234626],[-121.213370764086,45.6546298048902],[-121.213411323016,45.6546643853841],[-121.213451440046,45.6547004692668],[-121.213491403785,45.6547354636254],[-121.213531398767,45.6547712153323],[-121.213729306016,45.6549480869797],[-121.213765652951,45.6549864555967],[-121.213799295285,45.655029776481],[-121.213832952728,45.6550742083999],[-121.213864338972,45.6551219173919],[-121.213896197626,45.6551708866814],[-121.213931959952,45.6552214777191],[-121.213965260388,45.6552751760485],[-121.213997124017,45.6553298089274],[-121.214028958664,45.6553887209757],[-121.214059480244,45.6554506829287],[-121.214088044489,45.6555154701915],[-121.214111426528,45.6555766065573],[-121.214137492676,45.6556399227266],[-121.214158326935,45.6557003422593],[-121.214184721856,45.6557674000852],[-121.214210741814,45.6558341156029],[-121.214236098664,45.6559028064135],[-121.214263571887,45.655969898123],[-121.214289431189,45.6560367828412],[-121.214316587999,45.6561018350315],[-121.21434014661,45.6561602054596],[-121.214361799503,45.6562116039929],[-121.214379639996,45.6562599469903],[-121.214397166855,45.6563063791231],[-121.21441695916,45.6563449268027],[-121.214431110572,45.6563775060637],[-121.214450526943,45.6564165652636],[-121.214788062719,45.6563747865995],[-121.214830377019,45.656371501642],[-121.214867056894,45.6563591586464]]],[[[-121.237789726907,45.6670080534276],[-121.237869340775,45.6669877466473],[-121.237813158926,45.6668996572241],[-121.237673903944,45.666914679669],[-121.237474473774,45.6668366684586],[-121.237226786014,45.6667828883166],[-121.23712361651,45.6666647303209],[-121.237126226158,45.6665816245876],[-121.235998486835,45.666130326141],[-121.235358880023,45.6658690744636],[-121.235302955877,45.6660288124413],[-121.235159481808,45.6660599010001],[-121.234981963836,45.666040504839],[-121.23490228081,45.665931035228],[-121.234836821959,45.6657468504693],[-121.234820973439,45.6656493582872],[-121.233705117401,45.6651935555095],[-121.233439575053,45.665242335588],[-121.233263110569,45.6651896511296],[-121.233267345794,45.6650551235479],[-121.230766630529,45.6642691709861],[-121.230347883608,45.6641905502994],[-121.229567417596,45.6640440145843],[-121.228055927001,45.6632973137672],[-121.226474498148,45.663097737417],[-121.224989261591,45.6633904024114],[-121.22360509372,45.6635029835926],[-121.222810900689,45.6638044595794],[-121.222440995947,45.6640879956491],[-121.221689243567,45.664254777495],[-121.222513529001,45.6648604038673],[-121.226568769434,45.6658935050021],[-121.230205692939,45.6665919696598],[-121.230986920723,45.6667419827073],[-121.237958299138,45.667980327408],[-121.238563752187,45.6680764879096],[-121.237973712766,45.667151390734],[-121.237773938074,45.6671326995671],[-121.237789726907,45.6670080534276]]]]},"properties":{"OBJECTID":40658,"poly_SourceOID":20060,"poly_IncidentName":"Rowena","poly_FeatureCategory":"Wildfire Daily Fire Perimeter","poly_MapMethod":"Mixed Methods","poly_GISAcres":3700,"poly_DeleteThis":"No","poly_FeatureAccess":"Public","poly_FeatureStatus":"Approved","poly_IsVisible":"Yes","poly_CreateDate":1750083530000,"poly_DateCurrent":1754356154425,"poly_PolygonDateTime":1750027440000,"poly_IRWINID":"{E7E0C6A8-1E10-469F-8800-7FC679FA3EE3}","poly_FORID":null,"poly_Acres_AutoCalc":3585.9069390954983,"poly_SourceGlobalID":"{E2280ACA-3D91-47B3-B57E-62D2F04099E4}","poly_Source":"2025 NIFS","attr_SourceOID":38420673,"attr_ABCDMisc":null,"attr_ADSPermissionState":"DEFAULT","attr_CalculatedAcres":null,"attr_ContainmentDateTime":1750640400000,"attr_ControlDateTime":1760382000000,"attr_CreatedBySystem":"wildcade","attr_IncidentSize":3700,"attr_DiscoveryAcres":0.1,"attr_DispatchCenterID":"WACCC","attr_EstimatedCostToDate":9316820,"attr_FinalAcres":null,"attr_FFReportApprovedByTitle":null,"attr_FFReportApprovedByUnit":null,"attr_FFReportApprovedDate":null,"attr_FireBehaviorGeneral":"Minimal","attr_FireBehaviorGeneral1":"Creeping","attr_FireBehaviorGeneral2":"Smoldering","attr_FireBehaviorGeneral3":"Backing","attr_FireCause":"Human","attr_FireCauseGeneral":null,"attr_FireCauseSpecific":null,"attr_FireCode":"S2LT","attr_FireDepartmentID":null,"attr_FireDiscoveryDateTime":1749673469000,"attr_FireMgmtComplexity":null,"attr_FireOutDateTime":1760382000000,"attr_FireStrategyConfinePercent":0,"attr_FireStrategyFullSuppPrcnt":100,"attr_FireStrategyMonitorPercent":0,"attr_FireStrategyPointZonePrcnt":0,"attr_FSJobCode":"PN","attr_FSOverrideCode":"1532","attr_GACC":"NWCC","attr_ICS209ReportDateTime":1750641847000,"attr_ICS209RptForTimePeriodFrom":1750554000000,"attr_ICS209RptForTimePeriodTo":1750640400000,"attr_ICS209ReportStatus":"F","attr_IncidentManagementOrg":"Type 3 IC","attr_IncidentName":"ROWENA","attr_IncidentShortDescription":"2 Miles NW from The Dalles, OR","attr_IncidentTypeCategory":"WF","attr_IncidentTypeKind":"FI","attr_InitialLatitude":45.6793,"attr_InitialLongitude":-121.2892,"attr_InitialResponseAcres":null,"attr_InitialResponseDateTime":null,"attr_IrwinID":"{E7E0C6A8-1E10-469F-8800-7FC679FA3EE3}","attr_IsFireCauseInvestigated":null,"attr_IsFireCodeRequested":0,"attr_IsFSAssisted":1,"attr_IsMultiJurisdictional":null,"attr_IsQuarantined":0,"attr_IsReimbursable":1,"attr_IsTrespass":null,"attr_IsUnifiedCommand":0,"attr_IsValid":1,"attr_LocalIncidentIdentifier":"000327","attr_ModifiedBySystem":"wildcade","attr_PercentContained":99,"attr_PercentPerimToBeContained":100,"attr_POOCity":"Rowena","attr_POOCounty":"Wasco","attr_POODispatchCenterID":"WACCC","attr_POOFips":"41065","attr_POOJurisdictionalAgency":"DOF","attr_POOJurisdictionalUnit":"OR954S","attr_POOJurisdictUnitParentUnit":null,"attr_POOLandownerCategory":"State","attr_POOLandownerKind":"Other","attr_POOLegalDescPrincipalMerid":"Willamette","attr_POOLegalDescQtr":null,"attr_POOLegalDescQtrQtr":null,"attr_POOLegalDescRange":"13E","attr_POOLegalDescSection":7,"attr_POOLegalDescTownship":"2N","attr_POOPredictiveServiceAreaID":"NW06","attr_POOProtectingAgency":"DOF","attr_POOProtectingUnit":"OR954S","attr_POOState":"US-OR","attr_PredominantFuelGroup":null,"attr_PredominantFuelModel":null,"attr_PrimaryFuelModel":"Short Grass (1 foot)","attr_SecondaryFuelModel":"Brush (2 feet)","attr_TotalIncidentPersonnel":46,"attr_UniqueFireIdentifier":"2025-OR954S-000327","attr_FORID":null,"attr_WFDSSDecisionStatus":"No Decision","attr_EstimatedFinalCost":null,"attr_OrganizationalAssessment":null,"attr_StratDecisionPublishDate":null,"attr_CreatedOnDateTime_dt":1749674758183,"attr_ModifiedOnDateTime_dt":1767713396367,"attr_Source":"IRWIN","attr_IsCpxChild":0,"attr_CpxName":null,"attr_CpxID":null,"attr_SourceGlobalID":"{E1CF01E4-E7B8-442A-B9A0-B83C5BCB40C2}","GlobalID":"adc38682-380e-4280-9d03-fba6e60160fc","Shape__Area":0.0016752630981500261,"Shape__Length":0.53311845945820424,"attr_IncidentComplexityLevel":"Type 3 Incident"}}]}