{"type": "FeatureCollection", "features": [{"type": "Feature", "id": 29783, "geometry": {"type": "MultiPolygon", "coordinates": [[[[-121.807974382, 45.623149545], [-121.807938152, 45.623214229], [-121.808153854, 45.6232365920001], [-121.80845447, 45.6234565180001], [-121.808421865, 45.623734067], [-121.808192601, 45.6238814000001], [-121.807992648, 45.6239523260001], [-121.807833971, 45.624225106], [-121.807966648, 45.6244163710001], [-121.807963791, 45.624376268], [-121.808102726, 45.6244181370001], [-121.808354151, 45.6246472810001], [-121.808470905, 45.6248026960001], [-121.808485016, 45.6248993880001], [-121.808487548, 45.624965612], [-121.808461213, 45.625010542], [-121.808506335, 45.6250264970001], [-121.808624713, 45.625081106], [-121.808631899, 45.625102628], [-121.808725084, 45.6251036], [-121.808808594, 45.6250891080001], [-121.808989693, 45.6250576800001], [-121.809213303, 45.624982125], [-121.809338567, 45.6249639590001], [-121.809505244, 45.624955959], [-121.809563, 45.624849467], [-121.80980048, 45.6247740540001], [-121.809780698, 45.624770067], [-121.809832245, 45.6247553520001], [-121.809845951, 45.6247202010001], [-121.809955054, 45.6247016040001], [-121.810055713, 45.624702084], [-121.810136096, 45.6247033130001], [-121.810175077, 45.6247126230001], [-121.810440663, 45.6246670560001], [-121.810568822, 45.6247017790001], [-121.810665053, 45.624775598], [-121.810579711, 45.6248632620001], [-121.810765129, 45.624885944], [-121.810865794, 45.625003657], [-121.810997281, 45.6249947270001], [-121.81114053, 45.624960054], [-121.811100978, 45.624859175], [-121.811067183, 45.6247927000001], [-121.811095484, 45.6247462740001], [-121.811151464, 45.6247184600001], [-121.811223631, 45.624738161], [-121.811295797, 45.624757861], [-121.811481133, 45.6248041860001], [-121.811493191, 45.6248992640001], [-121.811515094, 45.6249381380001], [-121.81151318, 45.624954374], [-121.811630535, 45.6250066330001], [-121.811812422, 45.625088094], [-121.811950492, 45.625296393], [-121.811963672, 45.625305919], [-121.812043942, 45.6253067540001], [-121.812064958, 45.625316362], [-121.812101737, 45.625326133], [-121.812138516, 45.6253359040001], [-121.812159532, 45.6253455120001], [-121.812184231, 45.6253491370001], [-121.812202871, 45.625362608], [-121.812218209, 45.6253631820001], [-121.812233547, 45.6253637560001], [-121.812276766, 45.625339985], [-121.812371362, 45.625297942], [-121.81245955, 45.6252587480001], [-121.812527006, 45.6253002610001], [-121.812550824, 45.6252894740001], [-121.812628887, 45.625317882], [-121.812688523, 45.6253395840001], [-121.812685819, 45.625358894], [-121.812696285, 45.625373795], [-121.812716918, 45.625370086], [-121.812823681, 45.625370354], [-121.812874344, 45.6253557580001], [-121.813033415, 45.6253099300001], [-121.813037508, 45.6253058350001], [-121.813026843, 45.625233844], [-121.813001493, 45.625215521], [-121.812978544, 45.6252061160001], [-121.812966865, 45.625192407], [-121.812919356, 45.6251751180001], [-121.812900656, 45.6251617030001], [-121.81285634, 45.625146198], [-121.812806183, 45.6251362880001], [-121.812785165, 45.6251266800001], [-121.81251794, 45.6251233460001], [-121.8124993, 45.625109874], [-121.812479544, 45.6250780500001], [-121.812479941, 45.6250592760001], [-121.812467273, 45.6250254780001], [-121.812470049, 45.62489406], [-121.812484563, 45.6248848770001], [-121.812501412, 45.624830386], [-121.812517414, 45.6248156390001], [-121.812525597, 45.6247982410001], [-121.812525994, 45.6247794670001], [-121.812537315, 45.624748545], [-121.812501311, 45.6247414060001], [-121.812410148, 45.6247233290001], [-121.812482799, 45.6245683110001], [-121.81252606, 45.6244908730001], [-121.812631074, 45.62445325], [-121.812627757, 45.624441598], [-121.812754218, 45.6243011180001], [-121.81269705, 45.6242784610001], [-121.812728905, 45.624084075], [-121.812739581, 45.6240133110001], [-121.812583595, 45.624038958], [-121.812526637, 45.6240316870001], [-121.812462677, 45.6240235220001], [-121.812393014, 45.623973172], [-121.812470717, 45.623872733], [-121.812302152, 45.6239238640001], [-121.812160964, 45.624039226], [-121.81207629, 45.6241064970001], [-121.812059744, 45.6242328910001], [-121.812197029, 45.6243024710001], [-121.812235973, 45.6244294420001], [-121.812290024, 45.624498155], [-121.812301019, 45.624634572], [-121.812144721, 45.624808193], [-121.812030388, 45.624814288], [-121.811921651, 45.6248790760001], [-121.811823198, 45.624881504], [-121.811704201, 45.624884439], [-121.811697366, 45.6248546910001], [-121.811674346, 45.624754506], [-121.811714004, 45.6246921490001], [-121.811703681, 45.6246673030001], [-121.81170763, 45.624653251], [-121.811733688, 45.624560521], [-121.811749618, 45.6244633270001], [-121.81163905, 45.624442705], [-121.811557407, 45.624441856], [-121.811472581, 45.624440973], [-121.811470629, 45.6244394330001], [-121.811452636, 45.6244472070001], [-121.811322586, 45.6244306040001], [-121.811247664, 45.6243764500001], [-121.811240149, 45.624299379], [-121.811143143, 45.624272035], [-121.811110422, 45.6242483840001], [-121.811097335, 45.624238925], [-121.81101759, 45.6242229760001], [-121.810989007, 45.6240705270001], [-121.810960423, 45.623918077], [-121.810818573, 45.6239680400001], [-121.810516281, 45.6238850930001], [-121.810410014, 45.623684161], [-121.810185711, 45.623549579], [-121.810170758, 45.623474812], [-121.810096312, 45.623469346], [-121.810019998, 45.623413349], [-121.81024584, 45.623227822], [-121.810442957, 45.623182333], [-121.810473202, 45.623145433], [-121.810479041, 45.6231129600001], [-121.810390128, 45.6229573620001], [-121.810142926, 45.622956387], [-121.810019479, 45.6229400230001], [-121.810012989, 45.622841189], [-121.809961408, 45.62283181], [-121.810021222, 45.622652368], [-121.810086578, 45.6226196900001], [-121.810083366, 45.6225779260001], [-121.810266149, 45.6224357610001], [-121.810314246, 45.6223920370001], [-121.810489551, 45.622232668], [-121.810652025, 45.6220498850001], [-121.810936354, 45.622029576], [-121.811139447, 45.6221717400001], [-121.81132223, 45.622029576], [-121.811484704, 45.6219077200001], [-121.811787017, 45.622020008], [-121.811831397, 45.6220204690001], [-121.8117799, 45.621947516], [-121.811770784, 45.6219346], [-121.811663654, 45.621747122], [-121.811591341, 45.6217551570001], [-121.811352084, 45.6214560870001], [-121.811008153, 45.6213813190001], [-121.810604409, 45.6213364590001], [-121.81039506, 45.621082249], [-121.810215618, 45.620992528], [-121.810006269, 45.620932714], [-121.809941041, 45.6207682250001], [-121.809915332, 45.6207682250001], [-121.809880274, 45.6208313290001], [-121.809861819, 45.6208451700001], [-121.809874028, 45.6208416470001], [-121.809939595, 45.6208227330001], [-121.809966104, 45.6208814240001], [-121.80996425, 45.6209690270001], [-121.809863363, 45.620960886], [-121.809833395, 45.620958467], [-121.809794609, 45.6210057860001], [-121.809690938, 45.6209754270001], [-121.809699749, 45.6208876810001], [-121.809790961, 45.6208495920001], [-121.809792474, 45.6208496080001], [-121.809775897, 45.620741858], [-121.809572618, 45.6206934580001], [-121.809273547, 45.6205738300001], [-121.809019337, 45.6204841090001], [-121.808824941, 45.620349527], [-121.808813915, 45.6203446760001], [-121.80876829, 45.620324601], [-121.808644843, 45.620301571], [-121.808641408, 45.620303289], [-121.808397697, 45.620323598], [-121.80831646, 45.620079887], [-121.808307919, 45.620071346], [-121.808296101, 45.6200757940001], [-121.808279117, 45.6200635160001], [-121.808245118, 45.620092447], [-121.808220306, 45.6201135590001], [-121.808054469, 45.6200826200001], [-121.807903329, 45.620012892], [-121.807898809, 45.6199617140001], [-121.807712218, 45.6199400770001], [-121.807701772, 45.619925826], [-121.807641257, 45.619843271], [-121.807538939, 45.6198560610001], [-121.807150147, 45.6197663400001], [-121.806985659, 45.6195569910001], [-121.80682117, 45.619467269], [-121.806492193, 45.619452316], [-121.80635761, 45.619317734], [-121.806492193, 45.6191382920001], [-121.806514837, 45.619093005], [-121.80626789, 45.6190784780001], [-121.805932583, 45.6190675760001], [-121.805788393, 45.6188636630001], [-121.805816581, 45.618811942], [-121.805856176, 45.6187392910001], [-121.805923959, 45.618614919], [-121.805692179, 45.618457907], [-121.8054604, 45.6183008950001], [-121.805026748, 45.6181364070001], [-121.805191237, 45.6180018250001], [-121.805654796, 45.618016778], [-121.805989227, 45.6178177030001], [-121.806275559, 45.6176738440001], [-121.806309109, 45.617927556], [-121.806363767, 45.617925224], [-121.806475585, 45.6177835500001], [-121.806754994, 45.617673869], [-121.807040176, 45.617548125], [-121.807090333, 45.617672848], [-121.807280919, 45.6177018500001], [-121.807340069, 45.6176772040001], [-121.807360985, 45.617447118], [-121.80737445, 45.6172990100001], [-121.807733334, 45.6172242420001], [-121.807984177, 45.6171475960001], [-121.808235021, 45.617070949], [-121.808226801, 45.617029846], [-121.808361382, 45.616940125], [-121.808570731, 45.617029846], [-121.808516908, 45.617088562], [-121.808690185, 45.617489262], [-121.808721815, 45.6174925340001], [-121.808959523, 45.6173588240001], [-121.809025728, 45.617339208], [-121.809093995, 45.6172244160001], [-121.809199599, 45.6171218260001], [-121.809248924, 45.6170739070001], [-121.809266028, 45.617034146], [-121.809019337, 45.616865358], [-121.808959523, 45.61674573], [-121.808929616, 45.6165812410001], [-121.808944569, 45.6163718920001], [-121.808947906, 45.616363312], [-121.80884869, 45.616207403], [-121.808675406, 45.616207403], [-121.808600638, 45.616042914], [-121.808640076, 45.6159865720001], [-121.808638276, 45.615950576], [-121.808636677, 45.6159186290001], [-121.808584574, 45.615752168], [-121.808601991, 45.6155864340001], [-121.808641577, 45.615403101], [-121.808615592, 45.615325146], [-121.808675406, 45.615145704], [-121.808824941, 45.6150410290001], [-121.809153919, 45.6149363540001], [-121.809336702, 45.614957858], [-121.809474087, 45.6148400980001], [-121.809819345, 45.614901026], [-121.810184912, 45.6150838090001], [-121.81025686, 45.6151032540001], [-121.81039506, 45.6150111220001], [-121.810728331, 45.6147747030001], [-121.810825041, 45.6147494030001], [-121.810954512, 45.6147149290001], [-121.811241634, 45.614610198], [-121.811683916, 45.6144866700001], [-121.811965179, 45.614637284], [-121.812138016, 45.6143163030001], [-121.812174529, 45.614248493], [-121.812073873, 45.614109494], [-121.812067742, 45.61383728], [-121.811954869, 45.613414403], [-121.812129668, 45.6132316540001], [-121.81221939, 45.6130372580001], [-121.811905365, 45.612902676], [-121.811980133, 45.6126783730001], [-121.811815644, 45.6124540710001], [-121.811828297, 45.6123844800001], [-121.81184095, 45.6123148880001], [-121.811557575, 45.6124069250001], [-121.811555955, 45.612402499], [-121.811322872, 45.6124741510001], [-121.811320696, 45.6124766340001], [-121.811320023, 45.6124750270001], [-121.811208831, 45.6125092080001], [-121.811297806, 45.612421979], [-121.81119432, 45.612174882], [-121.811411898, 45.612050326], [-121.81146524, 45.6119461430001], [-121.811452631, 45.6118169600001], [-121.811555737, 45.6117904160001], [-121.811777533, 45.611761621], [-121.811959363, 45.6118419520001], [-121.811994083, 45.611875287], [-121.812107738, 45.611730714], [-121.812089889, 45.6116458770001], [-121.812233192, 45.6115300710001], [-121.812359124, 45.6114978410001], [-121.812481419, 45.6114043110001], [-121.812706472, 45.611358253], [-121.812766603, 45.6111836150001], [-121.812931606, 45.6111644850001], [-121.813153361, 45.611182619], [-121.813165038, 45.6111941360001], [-121.813218077, 45.611187021], [-121.81340288, 45.611242383], [-121.813432349, 45.611305816], [-121.813385611, 45.611411687], [-121.813714741, 45.6117363020001], [-121.813811938, 45.6118409760001], [-121.813909136, 45.611945651], [-121.814208207, 45.611751256], [-121.814477369, 45.6117213480001], [-121.814572792, 45.6118099540001], [-121.814838192, 45.6115172730001], [-121.814744344, 45.6114486110001], [-121.814757242, 45.6113411600001], [-121.814743375, 45.6112326590001], [-121.814818531, 45.6112063080001], [-121.815021662, 45.6112200910001], [-121.815221683, 45.610864163], [-121.815343326, 45.6107951750001], [-121.815404148, 45.610760681], [-121.815464969, 45.6107261870001], [-121.815642935, 45.610705683], [-121.81664937, 45.611444197], [-121.817320675, 45.6116338580001], [-121.818002344, 45.612025998], [-121.818474744, 45.61173526], [-121.81866002, 45.611800869], [-121.818845295, 45.6118664780001], [-121.819164493, 45.6123291590001], [-121.819144678, 45.612542428], [-121.819345538, 45.6126133230001], [-121.819430589, 45.612676994], [-121.819493976, 45.612770427], [-121.819468102, 45.6129655], [-121.819468937, 45.612965167], [-121.819587181, 45.613166305], [-121.819778392, 45.6133496080001], [-121.81973105, 45.613649702], [-121.819571579, 45.6137607260001], [-121.81974963, 45.6142902400001], [-121.819546451, 45.61448684], [-121.819740104, 45.6147446960001], [-121.819563104, 45.6146878550001], [-121.819462851, 45.6146037340001], [-121.818951846, 45.6139970310001], [-121.81893855, 45.6140482280001], [-121.818925253, 45.6140994240001], [-121.81895967, 45.614232589], [-121.81893179, 45.6142926300001], [-121.818947876, 45.6144371390001], [-121.818978378, 45.61457747], [-121.819023239, 45.6148615870001], [-121.819055503, 45.6149140140001], [-121.819142867, 45.6150559820001], [-121.81911296, 45.615295239], [-121.819040889, 45.6154033450001], [-121.819070376, 45.615459044], [-121.81915782, 45.6156242160001], [-121.81943066, 45.6158404060001], [-121.819483545, 45.615864177], [-121.819488826, 45.6159565940001], [-121.819410446, 45.6161987360001], [-121.81974085, 45.61624118], [-121.819803371, 45.6160718130001], [-121.819910565, 45.6161871360001], [-121.820084744, 45.6162168770001], [-121.820428795, 45.6163865360001], [-121.820746601, 45.6166035800001], [-121.820949406, 45.617166286], [-121.821028817, 45.6174642460001], [-121.821007255, 45.617736318], [-121.820951705, 45.6178467510001], [-121.820918158, 45.6179134400001], [-121.820889102, 45.6179712040001], [-121.8211286, 45.618116892], [-121.821347037, 45.618167935], [-121.821450325, 45.6183548290001], [-121.821266449, 45.61873919], [-121.821410759, 45.6188229520001], [-121.821409511, 45.6188957960001], [-121.821336485, 45.6189946850001], [-121.821159706, 45.618980616], [-121.820942573, 45.6188885540001], [-121.820856536, 45.6189866610001], [-121.820712191, 45.6189954380001], [-121.820550294, 45.6189796990001], [-121.820496294, 45.6190961400001], [-121.820451132, 45.6192175480001], [-121.820293614, 45.619190991], [-121.820065366, 45.619118336], [-121.819845224, 45.619094707], [-121.8197202, 45.6190348860001], [-121.819640666, 45.619043214], [-121.81958497, 45.6191404530001], [-121.819442617, 45.6191751150001], [-121.819334156, 45.61913445], [-121.819334081, 45.6192803480001], [-121.819334007, 45.619426246], [-121.819105174, 45.6192651010001], [-121.818828843, 45.618719594], [-121.818726552, 45.618898603], [-121.818769028, 45.6189289430001], [-121.818843795, 45.6190485710001], [-121.818918564, 45.6191681990001], [-121.818903611, 45.619497177], [-121.818873704, 45.6196766190001], [-121.819197288, 45.619516936], [-121.819441937, 45.6199009210001], [-121.819531658, 45.620050457], [-121.819591472, 45.620199992], [-121.819651286, 45.620349527], [-121.819875589, 45.6204841090001], [-121.819956616, 45.6205448790001], [-121.820075592, 45.6205588760001], [-121.820141314, 45.620657459], [-121.820309241, 45.620909349], [-121.820759512, 45.6213204050001], [-121.820332438, 45.62171098], [-121.82047409, 45.6218638880001], [-121.820353008, 45.621910733], [-121.820376878, 45.6219420630001], [-121.820421014, 45.6219999910001], [-121.820443082, 45.6220289550001], [-121.820465149, 45.622057919], [-121.820472795, 45.6220542280001], [-121.820687439, 45.622179438], [-121.820717414, 45.622109885], [-121.820817338, 45.621974204], [-121.820939831, 45.621839111], [-121.821110552, 45.621629125], [-121.821304178, 45.621626905], [-121.821500849, 45.6214934710001], [-121.821366107, 45.621323595], [-121.821159981, 45.620924734], [-121.821180195, 45.620877297], [-121.821253754, 45.6207046800001], [-121.821994637, 45.6201561170001], [-121.822390239, 45.620471578], [-121.822559047, 45.6205980990001], [-121.822727856, 45.62072462], [-121.822535905, 45.620412953], [-121.822874644, 45.6199518610001], [-121.823054855, 45.61995245], [-121.823001104, 45.6193509730001], [-121.823068683, 45.619235401], [-121.823136262, 45.61911983], [-121.823547294, 45.6192109310001], [-121.823599135, 45.6191100070001], [-121.82310813, 45.619060124], [-121.823143713, 45.6188637920001], [-121.823151947, 45.6188183560001], [-121.82321438, 45.6184738800001], [-121.823495719, 45.618200077], [-121.824092269, 45.6178933320001], [-121.824407774, 45.6174812670001], [-121.824999693, 45.61750507], [-121.825204582, 45.617265414], [-121.825346939, 45.6172593680001], [-121.825409765, 45.617256701], [-121.825614951, 45.617247987], [-121.825729564, 45.618112829], [-121.826035325, 45.617828011], [-121.82621354, 45.6179915450001], [-121.82677574, 45.6179875660001], [-121.82712187, 45.6181075860001], [-121.827247904, 45.6181685440001], [-121.8273025, 45.6182744130001], [-121.827286466, 45.6184610440001], [-121.82725553, 45.6186726830001], [-121.827309588, 45.6188433610001], [-121.827716349, 45.618775236], [-121.828040871, 45.6186690750001], [-121.828386805, 45.618774912], [-121.828779329, 45.6189884950001], [-121.829010877, 45.6191154810001], [-121.828907512, 45.6196467120001], [-121.829215263, 45.619532115], [-121.829207236, 45.619980259], [-121.829281723, 45.6199396820001], [-121.829520851, 45.6198706500001], [-121.829564644, 45.6198777060001], [-121.829608457, 45.619805727], [-121.829759863, 45.6195569910001], [-121.829939304, 45.619452316], [-121.830118746, 45.619452316], [-121.830174957, 45.619604886], [-121.830493567, 45.6196049760001], [-121.83067257, 45.619590675], [-121.831010351, 45.619460727], [-121.831183064, 45.619417549], [-121.831285121, 45.619362595], [-121.831472152, 45.61926908], [-121.83170799, 45.6189698840001], [-121.832285553, 45.618765024], [-121.832681986, 45.6187884330001], [-121.832414007, 45.619334935], [-121.832383082, 45.6194446700001], [-121.832178705, 45.6196476650001], [-121.832250559, 45.6196484000001], [-121.832275892, 45.6196486590001], [-121.832331873, 45.61966721], [-121.832461369, 45.6197101230001], [-121.832503489, 45.6197371760001], [-121.83273565, 45.619635025], [-121.832796228, 45.619628649], [-121.83285524, 45.6195569910001], [-121.832892625, 45.619452316], [-121.832930008, 45.619347641], [-121.832909681, 45.6191931450001], [-121.833546314, 45.6191104230001], [-121.833943296, 45.6190932150001], [-121.834457365, 45.6191577170001], [-121.834339748, 45.6196671260001], [-121.834177678, 45.619779855], [-121.83396439, 45.61985465], [-121.833779109, 45.62006596], [-121.833560562, 45.6204195440001], [-121.833458211, 45.6205190950001], [-121.833380968, 45.620583735], [-121.833377674, 45.6206742970001], [-121.833258263, 45.6207636620001], [-121.833189882, 45.6208738390001], [-121.833286124, 45.6208941190001], [-121.833248543, 45.621030557], [-121.833595301, 45.6213617970001], [-121.833034871, 45.6215520160001], [-121.832633469, 45.621746079], [-121.832370935, 45.621544349], [-121.832172525, 45.621696247], [-121.831908738, 45.621737727], [-121.831740834, 45.621704273], [-121.831680061, 45.621769177], [-121.831668774, 45.621781232], [-121.831657486, 45.6217932870001], [-121.831619287, 45.621834081], [-121.831396312, 45.621924882], [-121.831706587, 45.6218704200001], [-121.831823821, 45.621872868], [-121.831941056, 45.6218753150001], [-121.832132376, 45.6219314860001], [-121.832254909, 45.622053507], [-121.832354181, 45.622155487], [-121.832624785, 45.622291123], [-121.832481403, 45.622607508], [-121.832545742, 45.622655761], [-121.832660846, 45.622742089], [-121.833073724, 45.6226772950001], [-121.83310859, 45.6228450900001], [-121.833181381, 45.6228597470001], [-121.833224751, 45.6229034200001], [-121.833335628, 45.623002258], [-121.833489617, 45.6230261700001], [-121.833583069, 45.623066083], [-121.833700362, 45.6230487020001], [-121.833832424, 45.623025109], [-121.834013857, 45.622917983], [-121.834126741, 45.622901218], [-121.834053643, 45.623142521], [-121.834078628, 45.6231394050001], [-121.834100066, 45.6231483560001], [-121.834159154, 45.6231216200001], [-121.834265567, 45.6230808240001], [-121.83437198, 45.623040029], [-121.834419129, 45.6230073660001], [-121.834429689, 45.6230138830001], [-121.834472947, 45.622998518], [-121.83449904, 45.6230044320001], [-121.834563711, 45.623001161], [-121.834582967, 45.622985064], [-121.834609005, 45.6230260510001], [-121.834664091, 45.6229949230001], [-121.834716368, 45.6229019800001], [-121.834724281, 45.6229074610001], [-121.834748392, 45.6228863630001], [-121.834766532, 45.622833686], [-121.834760847, 45.622888786], [-121.834765988, 45.6229238510001], [-121.834783585, 45.622961338], [-121.834828962, 45.622933367], [-121.834913217, 45.6229532630001], [-121.834927229, 45.6229992360001], [-121.835005089, 45.622855277], [-121.835131522, 45.6229748270001], [-121.83515312, 45.6232679780001], [-121.835167295, 45.6235698180001], [-121.835328234, 45.62363779], [-121.835358153, 45.62359049], [-121.835306058, 45.6235832950001], [-121.83529162, 45.623295344], [-121.835381663, 45.623447255], [-121.835404768, 45.6234421350001], [-121.835535577, 45.6233801440001], [-121.835519355, 45.6234364060001], [-121.835630235, 45.6234382490001], [-121.83575789, 45.6234945480001], [-121.835885545, 45.623550847], [-121.835989598, 45.6238285000001], [-121.83612964, 45.6238726990001], [-121.83621201, 45.6239933200001], [-121.836286447, 45.624076067], [-121.836241572, 45.624164722], [-121.836202957, 45.624308107], [-121.836245872, 45.6243814360001], [-121.836177951, 45.6244453470001], [-121.83609682, 45.6245182550001], [-121.836171279, 45.6246081040001], [-121.836165919, 45.6247184380001], [-121.83608023, 45.624827012], [-121.836134817, 45.6248409610001], [-121.836695158, 45.6247369210001], [-121.836793081, 45.6246919390001], [-121.83711516, 45.624676279], [-121.837177911, 45.6248218910001], [-121.837240662, 45.6249675030001], [-121.837238242, 45.625148757], [-121.837382262, 45.6251600030001], [-121.837555179, 45.6252129280001], [-121.837681227, 45.625280608], [-121.837645809, 45.625377459], [-121.837554343, 45.6254540520001], [-121.837447145, 45.6255150210001], [-121.837451688, 45.6255976950001], [-121.83748697, 45.625595424], [-121.837648102, 45.6256331750001], [-121.837753459, 45.625769319], [-121.837713963, 45.6258861750001], [-121.837711406, 45.6259941110001], [-121.837384562, 45.62598468], [-121.837445761, 45.626033808], [-121.837468657, 45.6260888460001], [-121.837487172, 45.6261333520001], [-121.837377578, 45.626177985], [-121.837279637, 45.6261846130001], [-121.837180908, 45.6262293560001], [-121.837114375, 45.626186633], [-121.837057178, 45.6263010260001], [-121.837007716, 45.62630927], [-121.83703644, 45.62634374], [-121.837170792, 45.626433309], [-121.837212423, 45.626409677], [-121.837337279, 45.6264109480001], [-121.837469226, 45.6264967320001], [-121.83759417, 45.626285012], [-121.837820521, 45.6263317030001], [-121.837912133, 45.6263651950001], [-121.837954173, 45.626477406], [-121.837957934, 45.626378505], [-121.838130713, 45.626544014], [-121.838282348, 45.6265684310001], [-121.838433355, 45.62662334], [-121.838432965, 45.626642245], [-121.838447804, 45.6266372970001], [-121.838628493, 45.6265770690001], [-121.838612791, 45.626462868], [-121.838762998, 45.626464394], [-121.838839165, 45.62638237], [-121.839083821, 45.6263952470001], [-121.839148203, 45.6265240130001], [-121.839251217, 45.626755792], [-121.839199711, 45.626897435], [-121.838967932, 45.6268330520001], [-121.838710398, 45.6267300390001], [-121.83851725, 45.626820175], [-121.838343304, 45.6269825250001], [-121.838340784, 45.6270077470001], [-121.838530128, 45.627090584], [-121.838826289, 45.6270390770001], [-121.838955056, 45.627167844], [-121.838929303, 45.627399623], [-121.838873093, 45.627407653], [-121.838816625, 45.627534591], [-121.838646842, 45.627532865], [-121.838562294, 45.6275852420001], [-121.838505628, 45.6276203480001], [-121.838243242, 45.6275592640001], [-121.838064096, 45.6274990260001], [-121.837800504, 45.6274963450001], [-121.837538723, 45.6274060580001], [-121.837304086, 45.6273452550001], [-121.837151279, 45.6273534360001], [-121.837062605, 45.6274339300001], [-121.837035958, 45.627458119], [-121.837032859, 45.6276079410001], [-121.83704199, 45.627691907], [-121.836890666, 45.6276522430001], [-121.836898543, 45.6275699920001], [-121.836868781, 45.627593958], [-121.83680547, 45.6276437330001], [-121.836685408, 45.627738127], [-121.83646283, 45.627765068], [-121.836212305, 45.6278014590001], [-121.8361074, 45.6278296670001], [-121.836157497, 45.6278963940001], [-121.836069791, 45.627923718], [-121.836057817, 45.628043453], [-121.835980558, 45.628159343], [-121.835929244, 45.628165757], [-121.835977501, 45.628191927], [-121.835790803, 45.628204559], [-121.835659934, 45.6283018500001], [-121.835552096, 45.6282678640001], [-121.835552021, 45.6282714640001], [-121.83552745, 45.6284084600001], [-121.835579723, 45.628508115], [-121.835610582, 45.6285923020001], [-121.835587904, 45.628637821], [-121.835565069, 45.6286909620001], [-121.835486643, 45.628804534], [-121.83546365, 45.6288652980001], [-121.8353953, 45.629017097], [-121.835390715, 45.6290170510001], [-121.835324335, 45.62913596], [-121.835015889, 45.6292885890001], [-121.834868523, 45.6292910610001], [-121.834810882, 45.6292920280001], [-121.834753241, 45.6292929950001], [-121.834721157, 45.6292935330001], [-121.834654969, 45.629294643], [-121.834612859, 45.629274319], [-121.834552347, 45.629313493], [-121.834527233, 45.6294489530001], [-121.834597716, 45.6295203340001], [-121.834586202, 45.6296064060001], [-121.834520359, 45.6296984900001], [-121.834158926, 45.6294621070001], [-121.834103229, 45.629484281], [-121.834049109, 45.6294988320001], [-121.834036568, 45.629590799], [-121.833812265, 45.629590799], [-121.833792726, 45.629522412], [-121.833711283, 45.6295184030001], [-121.833603736, 45.6294639320001], [-121.833496187, 45.62940946], [-121.833476411, 45.629394151], [-121.833357277, 45.6294412920001], [-121.833319462, 45.629456256], [-121.833195407, 45.629416045], [-121.833141122, 45.6293570760001], [-121.83310233, 45.6292203770001], [-121.833034779, 45.629132064], [-121.833134925, 45.628987049], [-121.833157043, 45.628942662], [-121.833193737, 45.6288690170001], [-121.833207323, 45.628841751], [-121.833208704, 45.6288389330001], [-121.833212086, 45.628764544], [-121.833289346, 45.6286744070001], [-121.833269176, 45.6285786770001], [-121.833249007, 45.6284829480001], [-121.833325898, 45.628464792], [-121.833579565, 45.628510137], [-121.833781994, 45.6285652780001], [-121.833880925, 45.6284786670001], [-121.833884357, 45.62831319], [-121.833706223, 45.6282042770001], [-121.833485662, 45.6281338730001], [-121.833415487, 45.6281721010001], [-121.833107041, 45.628324724], [-121.83300831, 45.6284016020001], [-121.832742694, 45.628496248], [-121.832782293, 45.62859401], [-121.832642346, 45.6286509970001], [-121.83256052, 45.6285820090001], [-121.832492162, 45.628532631], [-121.832282847, 45.6285889070001], [-121.83190705, 45.6286434800001], [-121.831642845, 45.628669985], [-121.831393932, 45.6286284940001], [-121.831242941, 45.628549063], [-121.831079293, 45.628411086], [-121.83094157, 45.6283609970001], [-121.830815697, 45.628408388], [-121.830661065, 45.628504164], [-121.830755142, 45.6286511660001], [-121.83087879, 45.628710846], [-121.83100183, 45.628799729], [-121.830990678, 45.6288460800001], [-121.830971453, 45.628925984], [-121.83097136, 45.6289265300001], [-121.831160032, 45.6288670910001], [-121.831265992, 45.6289977960001], [-121.831224921, 45.629012629], [-121.831285121, 45.6290076120001], [-121.831344935, 45.629246869], [-121.831120633, 45.629306683], [-121.830975879, 45.6293308090001], [-121.830986117, 45.6293914230001], [-121.830995398, 45.6294677670001], [-121.830995433, 45.6294682380001], [-121.831015958, 45.629501078], [-121.831052244, 45.629634121], [-121.831090726, 45.6296506140001], [-121.83114068, 45.6297505210001], [-121.831148686, 45.6297456120001], [-121.831122557, 45.629667457], [-121.831153139, 45.629531468], [-121.831388992, 45.629533881], [-121.831539175, 45.6296522480001], [-121.831745462, 45.629741982], [-121.831745065, 45.6297428620001], [-121.831808412, 45.629754131], [-121.831868308, 45.6297253810001], [-121.832152425, 45.6297104280001], [-121.832191628, 45.6297914450001], [-121.832217169, 45.629746804], [-121.83232284, 45.6296699970001], [-121.832428511, 45.62959319], [-121.832509646, 45.6295309980001], [-121.832541319, 45.6295067200001], [-121.832459302, 45.629359428], [-121.832519519, 45.629279352], [-121.832642589, 45.6292440350001], [-121.832776153, 45.6292229690001], [-121.832816756, 45.629267516], [-121.832878621, 45.6293629460001], [-121.832899882, 45.6294138270001], [-121.83304469, 45.629550017], [-121.833006478, 45.629583982], [-121.833035252, 45.629625871], [-121.833033353, 45.629717349], [-121.832955395, 45.6298080500001], [-121.832867048, 45.6298757710001], [-121.832842828, 45.629902348], [-121.832852131, 45.6299090680001], [-121.832914651, 45.6299318040001], [-121.833100042, 45.6299992240001], [-121.833125905, 45.630086884], [-121.833221655, 45.6300700150001], [-121.833384797, 45.630064056], [-121.833382899, 45.630155534], [-121.833326673, 45.630246458], [-121.833325805, 45.6302882730001], [-121.83361787, 45.630173987], [-121.833767405, 45.630293615], [-121.833692992, 45.6303623040001], [-121.833716694, 45.6303754850001], [-121.833672649, 45.6304918660001], [-121.833622794, 45.6305022400001], [-121.833635133, 45.63056985], [-121.83369843, 45.630661994], [-121.833752283, 45.630685418], [-121.833925818, 45.6307024390001], [-121.833923921, 45.6307939180001], [-121.833737781, 45.630860641], [-121.833693624, 45.6308569230001], [-121.833664169, 45.6309006860001], [-121.833675216, 45.631037099], [-121.833715021, 45.63112513], [-121.833670764, 45.6312512550001], [-121.833812267, 45.6313403610001], [-121.834096382, 45.6316095240001], [-121.834109902, 45.6316119580001], [-121.834194257, 45.6313837870001], [-121.834330222, 45.631337816], [-121.834322254, 45.631287103], [-121.834227355, 45.6311790390001], [-121.834225383, 45.6311735300001], [-121.834174886, 45.6310324660001], [-121.834260149, 45.630935977], [-121.834331538, 45.6308393470001], [-121.834403732, 45.6307037820001], [-121.834502869, 45.6306074350001], [-121.834588534, 45.6304914780001], [-121.834660728, 45.630355912], [-121.83460725, 45.6302580080001], [-121.834512554, 45.630140211], [-121.834543328, 45.629994487], [-121.834590678, 45.6299303920001], [-121.834616973, 45.6298947990001], [-121.834643269, 45.6298592050001], [-121.8346817, 45.6298443140001], [-121.834671416, 45.6298347160001], [-121.834628512, 45.6297946720001], [-121.834628513, 45.6296272770001], [-121.834701275, 45.629595641], [-121.834709476, 45.629456218], [-121.83497864, 45.629441264], [-121.834989115, 45.629504114], [-121.835220836, 45.6295242640001], [-121.835149108, 45.629707571], [-121.835126029, 45.629766551], [-121.835161884, 45.629792449], [-121.835146641, 45.6298085650001], [-121.835293523, 45.6299534600001], [-121.835487155, 45.6299846420001], [-121.835626498, 45.6299568540001], [-121.835712966, 45.6298019610001], [-121.83575192, 45.6297919030001], [-121.835695873, 45.6297216450001], [-121.835643443, 45.629629612], [-121.835785638, 45.6295853130001], [-121.835936493, 45.629647849], [-121.836143411, 45.6296270830001], [-121.836216943, 45.629749829], [-121.836247805, 45.629834015], [-121.836432203, 45.629851144], [-121.836529835, 45.6298597640001], [-121.836703211, 45.629884405], [-121.836909813, 45.629878884], [-121.837082874, 45.629918769], [-121.837189795, 45.630003731], [-121.837307109, 45.630111673], [-121.837280716, 45.6301937050001], [-121.837281095, 45.630193847], [-121.837306848, 45.630399873], [-121.83720092, 45.630426356], [-121.837191359, 45.6304536100001], [-121.837025851, 45.630573923], [-121.836817038, 45.6306861690001], [-121.83658366, 45.630648078], [-121.83658357, 45.6306481170001], [-121.836581959, 45.6307259880001], [-121.836648749, 45.6307863370001], [-121.836879867, 45.630801181], [-121.837128674, 45.630857088], [-121.837344885, 45.6309126620001], [-121.837494326, 45.631043805], [-121.83751045, 45.631146378], [-121.837610458, 45.6311908260001], [-121.837606603, 45.631298783], [-121.837624716, 45.6313012840001], [-121.837733297, 45.6314192200001], [-121.83795976, 45.6314113190001], [-121.837714993, 45.6316332230001], [-121.83780668, 45.6316701900001], [-121.838040815, 45.6316489050001], [-121.838298348, 45.6316360280001], [-121.838303492, 45.631692607], [-121.838313274, 45.631684292], [-121.838507669, 45.631729152], [-121.838641067, 45.6318325510001], [-121.838581633, 45.632002266], [-121.838665889, 45.6319544420001], [-121.838816492, 45.6320533320001], [-121.839147469, 45.6321540550001], [-121.839453509, 45.632118222], [-121.83981324, 45.6321705550001], [-121.839849672, 45.6321770820001], [-121.840131634, 45.6322275960001], [-121.840158649, 45.632219395], [-121.840185612, 45.632203271], [-121.840209152, 45.6321907350001], [-121.840625118, 45.6319692340001], [-121.840646022, 45.6323123390001], [-121.840750589, 45.632263127], [-121.840611064, 45.6324898060001], [-121.840356401, 45.6325800880001], [-121.840413677, 45.632663446], [-121.840203751, 45.632748937], [-121.840091952, 45.632786745], [-121.840019524, 45.632868719], [-121.840107696, 45.6330450620001], [-121.840032929, 45.6331796430001], [-121.839962367, 45.6331620030001], [-121.839959046, 45.63317483], [-121.839751127, 45.633162983], [-121.839640732, 45.6331326540001], [-121.839487709, 45.633150571], [-121.839348962, 45.6331491610001], [-121.839305731, 45.6332266090001], [-121.839415322, 45.6332958740001], [-121.839443586, 45.6333954240001], [-121.839584322, 45.633448806], [-121.839479648, 45.633508621], [-121.839285252, 45.633508621], [-121.839194155, 45.6335205030001], [-121.839160351, 45.6335464160001], [-121.83913019, 45.6336629400001], [-121.839183076, 45.6337900440001], [-121.839145727, 45.633787915], [-121.839180578, 45.6339273190001], [-121.838956275, 45.6339422720001], [-121.838922019, 45.6339137260001], [-121.838863428, 45.6339375860001], [-121.838804837, 45.6339614450001], [-121.838758895, 45.634002401], [-121.838716324, 45.6340493810001], [-121.838697015, 45.6340891300001], [-121.83866891, 45.6340936440001], [-121.838635147, 45.634088128], [-121.838650995, 45.634101844], [-121.838613463, 45.6341513890001], [-121.838531846, 45.634203531], [-121.838437453, 45.6342789930001], [-121.838435041, 45.6343957990001], [-121.83858666, 45.63444602], [-121.838653018, 45.634592733], [-121.838651145, 45.6345944120001], [-121.838680547, 45.6346358000001], [-121.838692224, 45.634747421], [-121.838714103, 45.634817701], [-121.838670229, 45.634890963], [-121.838596475, 45.6349229090001], [-121.838489642, 45.634926987], [-121.838378414, 45.634937484], [-121.838271122, 45.6349249], [-121.838124437, 45.6349592890001], [-121.838025002, 45.6349791760001], [-121.837920937, 45.63501254], [-121.837922663, 45.6350136830001], [-121.837823123, 45.6351295010001], [-121.837657226, 45.6350986050001], [-121.837667679, 45.635264222], [-121.83777707, 45.6353432220001], [-121.837635904, 45.6354586160001], [-121.837290029, 45.6354064160001], [-121.837125339, 45.6353171170001], [-121.837016351, 45.635218648], [-121.836917815, 45.6352857970001], [-121.837025796, 45.6354329340001], [-121.837023178, 45.635559474], [-121.837104417, 45.63565766], [-121.837368047, 45.6356603420001], [-121.837727797, 45.6357126830001], [-121.837852675, 45.635713953], [-121.838103034, 45.635687293], [-121.83826151, 45.63581129], [-121.838298348, 45.6357951740001], [-121.838465744, 45.635782297], [-121.838607386, 45.635679284], [-121.838662758, 45.6357198900001], [-121.838671519, 45.635712545], [-121.838728829, 45.6356255060001], [-121.83892248, 45.635656682], [-121.839016995, 45.6357842080001], [-121.839198378, 45.6357373720001], [-121.839337331, 45.6357290490001], [-121.839418173, 45.6358467000001], [-121.839595659, 45.635768973], [-121.839659754, 45.6357923680001], [-121.839655364, 45.6359075250001], [-121.839722224, 45.635908204], [-121.839743442, 45.635921341], [-121.839763128, 45.6358292290001], [-121.839810862, 45.6357847140001], [-121.839775163, 45.63574299], [-121.839772139, 45.635683113], [-121.839843607, 45.6356038500001], [-121.839967381, 45.635601046], [-121.840061215, 45.6357078520001], [-121.840255614, 45.635646525], [-121.840383693, 45.6358320840001], [-121.840586208, 45.636125486], [-121.840664164, 45.636229427], [-121.84069688, 45.6362730490001], [-121.840719151, 45.636258732], [-121.840886547, 45.6363102380001], [-121.841002436, 45.6364776340001], [-121.840995073, 45.636524265], [-121.841139488, 45.6365441840001], [-121.841214256, 45.63678344], [-121.841214257, 45.6370252080001], [-121.841346928, 45.6371141720001], [-121.84134469, 45.6371241300001], [-121.841517501, 45.6371858480001], [-121.841453118, 45.6373532440001], [-121.841311033, 45.6374055900001], [-121.841311541, 45.6374127220001], [-121.841342494, 45.6374239740001], [-121.841363454, 45.6375091720001], [-121.841372183, 45.6375446550001], [-121.841380912, 45.637580138], [-121.841326446, 45.637621376], [-121.841333884, 45.637725512], [-121.84122921, 45.6379647680001], [-121.840987585, 45.6382150160001], [-121.84064358, 45.6383376730001], [-121.840481935, 45.6382480280001], [-121.840228116, 45.6382059320001], [-121.840149613, 45.6381658340001], [-121.840026539, 45.6382336780001], [-121.839921036, 45.6381799120001], [-121.839965118, 45.6380418200001], [-121.839879621, 45.638035211], [-121.839778534, 45.6379796320001], [-121.839669974, 45.6377672240001], [-121.839559972, 45.637717427], [-121.839435291, 45.637706425], [-121.839114741, 45.6377713190001], [-121.838934354, 45.637769485], [-121.838808668, 45.6378071510001], [-121.838628886, 45.6377761150001], [-121.838571774, 45.637853422], [-121.838555886, 45.6379506220001], [-121.838236742, 45.6379473740001], [-121.838113268, 45.6378779670001], [-121.838089858, 45.6378858830001], [-121.837923887, 45.6379420000001], [-121.837889645, 45.6379535780001], [-121.837736608, 45.6379714930001], [-121.837527665, 45.63800831], [-121.837512874, 45.6380174710001], [-121.837512874, 45.6380743340001], [-121.837448492, 45.6382803600001], [-121.837397199, 45.638393202], [-121.837436156, 45.6384065500001], [-121.837632231, 45.638320922], [-121.837787082, 45.6382154030001], [-121.838134984, 45.6381702640001], [-121.83824355, 45.6382296720001], [-121.838292688, 45.638256562], [-121.838305161, 45.6382631220001], [-121.838422403, 45.6383057460001], [-121.838463854, 45.6383208140001], [-121.838542621, 45.638377694], [-121.838532068, 45.638458589], [-121.838546997, 45.6385958220001], [-121.838742114, 45.638610267], [-121.838979059, 45.638749757], [-121.838986526, 45.638770606], [-121.839012653, 45.638843562], [-121.839277271, 45.63888021], [-121.839251429, 45.6390516610001], [-121.839170706, 45.639193108], [-121.838971229, 45.639220863], [-121.839205076, 45.6392725790001], [-121.838806741, 45.6395498410001], [-121.838902534, 45.639571948], [-121.838998328, 45.639594054], [-121.839130295, 45.639598703], [-121.83922837, 45.6395810070001], [-121.839344078, 45.6395697200001], [-121.839450389, 45.6395832630001], [-121.839620154, 45.6395351400001], [-121.839674399, 45.6393375150001], [-121.839905957, 45.6392946820001], [-121.839869202, 45.6395189770001], [-121.839958653, 45.639488731], [-121.840031242, 45.6394146960001], [-121.840084783, 45.639402778], [-121.840191353, 45.6394038600001], [-121.840319752, 45.6394586120001], [-121.840334293, 45.639450691], [-121.840397235, 45.639387749], [-121.840432894, 45.639361815], [-121.840538878, 45.639284736], [-121.840652249, 45.63923119], [-121.84080229, 45.639154508], [-121.840885492, 45.6391909110001], [-121.841052027, 45.6391148370001], [-121.841139103, 45.6391799020001], [-121.841081062, 45.6392615440001], [-121.841072507, 45.639418941], [-121.841140411, 45.6394859120001], [-121.841189026, 45.639540045], [-121.84117875, 45.6395777050001], [-121.8412082, 45.639631319], [-121.84132661, 45.63967418], [-121.841355766, 45.6397202050001], [-121.841379617, 45.639802375], [-121.841359681, 45.6399749060001], [-121.841328918, 45.6401095140001], [-121.841168101, 45.6402050950001], [-121.841083884, 45.6402376790001], [-121.841043088, 45.6403318490001], [-121.840742063, 45.640397384], [-121.840571912, 45.6404674570001], [-121.840269659, 45.6404103460001], [-121.84004719, 45.6404160230001], [-121.839944557, 45.6403960430001], [-121.839841925, 45.6403760630001], [-121.839794056, 45.640351589], [-121.839733413, 45.64038685], [-121.839672771, 45.64042211], [-121.839588633, 45.6404238710001], [-121.839505267, 45.6404067940001], [-121.839449877, 45.6403971780001], [-121.839444701, 45.6404240310001], [-121.839419834, 45.6404171450001], [-121.83940269, 45.6405430990001], [-121.839240391, 45.640731169], [-121.839031042, 45.640850797], [-121.838791488, 45.640840815], [-121.838784845, 45.6408413820001], [-121.83878293, 45.6408404580001], [-121.838672158, 45.640835843], [-121.838658212, 45.640988802], [-121.838621519, 45.641102221], [-121.83855253, 45.6412096810001], [-121.838452655, 45.6413650430001], [-121.838417947, 45.6414190300001], [-121.838417948, 45.6414638910001], [-121.838268413, 45.6414937980001], [-121.838088971, 45.6414788440001], [-121.838061009, 45.641445289], [-121.838034972, 45.6414506200001], [-121.837893132, 45.641436716], [-121.837805481, 45.6413797450001], [-121.837701355, 45.6412602980001], [-121.837614478, 45.6411659500001], [-121.837509064, 45.6411087990001], [-121.837412919, 45.6410330480001], [-121.837236587, 45.6409689450001], [-121.837007099, 45.6408980680001], [-121.836901559, 45.6408471450001], [-121.836889745, 45.6408448060001], [-121.836593619, 45.640910611], [-121.836399224, 45.640970425], [-121.836479735, 45.6408201350001], [-121.836469869, 45.640817052], [-121.836353979, 45.6407011630001], [-121.836263843, 45.640546644], [-121.836250966, 45.6403921240001], [-121.836334795, 45.6403502090001], [-121.836334455, 45.640349508], [-121.836281538, 45.6402803450001], [-121.836495645, 45.640134457], [-121.836508499, 45.640057332], [-121.836517266, 45.6399828150001], [-121.836306698, 45.639974985], [-121.836246338, 45.639887136], [-121.836275689, 45.639756586], [-121.836273029, 45.6397294430001], [-121.836194779, 45.6397457250001], [-121.835984947, 45.639737182], [-121.835875851, 45.6398190040001], [-121.835682828, 45.6397997020001], [-121.835561826, 45.6398788180001], [-121.83527771, 45.6398788180001], [-121.83497864, 45.6398788180001], [-121.834739383, 45.640073214], [-121.83458492, 45.6399306320001], [-121.834559923, 45.639957801], [-121.83433123, 45.6399783420001], [-121.834190744, 45.639938784], [-121.834149489, 45.639831616], [-121.834169789, 45.639781633], [-121.83415319, 45.63977715], [-121.833946847, 45.639983493], [-121.833929731, 45.639909323], [-121.833913351, 45.639909323], [-121.83384636, 45.639832761], [-121.833836789, 45.639689208], [-121.833844772, 45.6396769670001], [-121.833836942, 45.639648326], [-121.833818806, 45.6395819860001], [-121.833803537, 45.6394916400001], [-121.833778691, 45.6394905020001], [-121.833793532, 45.6393819480001], [-121.83390314, 45.639318786], [-121.833877689, 45.6393103550001], [-121.833890613, 45.6392113650001], [-121.834033152, 45.639151821], [-121.834196005, 45.6391611080001], [-121.834219379, 45.6391882130001], [-121.834284649, 45.6391240930001], [-121.834508281, 45.6390484880001], [-121.834758052, 45.6390510360001], [-121.834896409, 45.63907192], [-121.834899436, 45.638925912], [-121.834943283, 45.6388192650001], [-121.835084868, 45.638684407], [-121.835225645, 45.6385884840001], [-121.835228469, 45.63845221], [-121.835119478, 45.6383537400001], [-121.835121697, 45.6382466680001], [-121.835398005, 45.6383079010001], [-121.835395585, 45.6384247070001], [-121.835547615, 45.6384554640001], [-121.835647167, 45.6383396480001], [-121.835762207, 45.638146104], [-121.835860749, 45.6380789580001], [-121.835970748, 45.6381287580001], [-121.836220312, 45.638141036], [-121.836444744, 45.638026493], [-121.83641941, 45.637909404], [-121.836352853, 45.637772424], [-121.836257132, 45.6377032980001], [-121.836119988, 45.637624013], [-121.835955695, 45.637515245], [-121.835986269, 45.6373792540001], [-121.836239456, 45.6372163240001], [-121.836462475, 45.6371699170001], [-121.836395918, 45.6370329370001], [-121.836383654, 45.6369549250001], [-121.836579524, 45.6368790330001], [-121.836748046, 45.6367833910001], [-121.836653333, 45.6366655960001], [-121.836599846, 45.636567692], [-121.836351498, 45.6364970120001], [-121.83608867, 45.636455391], [-121.835951528, 45.636376107], [-121.835899048, 45.6362295330001], [-121.835929017, 45.6361227450001], [-121.835820635, 45.6359950730001], [-121.835809579, 45.6358586590001], [-121.835951156, 45.6357237990001], [-121.836131939, 45.63570617], [-121.836092932, 45.6355792040001], [-121.836095955, 45.635433199], [-121.83611828, 45.6353604080001], [-121.836140604, 45.635287616], [-121.836189953, 45.6351675720001], [-121.836228288, 45.6350743200001], [-121.836119706, 45.634956383], [-121.836220257, 45.6347918980001], [-121.836570155, 45.634649424], [-121.836531552, 45.6345029930001], [-121.836339115, 45.63441341], [-121.836202784, 45.634295191], [-121.835927703, 45.634175557], [-121.835678963, 45.6341243430001], [-121.835361656, 45.634033485], [-121.835126993, 45.633972677], [-121.834948033, 45.6339027000001], [-121.834839051, 45.6338042310001], [-121.834800049, 45.6336772660001], [-121.83470575, 45.6335400020001], [-121.834345411, 45.633516854], [-121.834134867, 45.6336315360001], [-121.834063071, 45.633747633], [-121.834103283, 45.6338161950001], [-121.834156157, 45.633943301], [-121.833946016, 45.634038515], [-121.833859738, 45.6341836720001], [-121.833801614, 45.634309645], [-121.833605749, 45.6343855320001], [-121.833175828, 45.6343714050001], [-121.83306604, 45.6343118680001], [-121.832999091, 45.634194354], [-121.832749342, 45.634191802], [-121.832470228, 45.634266837], [-121.831969923, 45.6343006650001], [-121.831372087, 45.6343529650001], [-121.830996047, 45.634417269], [-121.830661429, 45.634491731], [-121.830562886, 45.6345588730001], [-121.830519439, 45.6346460510001], [-121.830489057, 45.6347723060001], [-121.830394018, 45.634804435], [-121.830513365, 45.6349380660001], [-121.830774764, 45.6350478350001], [-121.830925771, 45.6351272680001], [-121.831184743, 45.6353538440001], [-121.831250679, 45.635520027], [-121.831442705, 45.635629087], [-121.831720008, 45.635641659], [-121.831999333, 45.6355568930001], [-121.832057261, 45.6354406560001], [-121.831960131, 45.6354396620001], [-121.831648316, 45.6354537920001], [-121.831356607, 45.6354743420001], [-121.831450038, 45.635397729], [-121.831616896, 45.635260906], [-121.83161811, 45.6352025030001], [-121.831619324, 45.6351441], [-121.831427501, 45.635025307], [-121.831250161, 45.634877455], [-121.83155703, 45.6348027070001], [-121.831763335, 45.63489244], [-121.83198311, 45.6350017830001], [-121.832161061, 45.6351204320001], [-121.832311463, 45.635229064], [-121.832453449, 45.635074742], [-121.832540337, 45.634900385], [-121.832584591, 45.63477427], [-121.832476016, 45.63465633], [-121.83228298, 45.634595941], [-121.832257859, 45.634469118], [-121.832522089, 45.634442612], [-121.832756347, 45.6345228930001], [-121.832949585, 45.6345735470001], [-121.833212201, 45.6346249090001], [-121.833377488, 45.634685012], [-121.833557459, 45.6347063220001], [-121.833683545, 45.6346491950001], [-121.833813469, 45.6344071250001], [-121.833955046, 45.634272267], [-121.834179871, 45.63413826], [-121.83451428, 45.634073523], [-121.835024222, 45.6342442330001], [-121.835216453, 45.6343435520001], [-121.835184065, 45.634567147], [-121.835263886, 45.6347334710001], [-121.835331043, 45.6348412500001], [-121.835162526, 45.6349368900001], [-121.834801773, 45.634933211], [-121.834635373, 45.6349266460001], [-121.834468973, 45.63492008], [-121.834218819, 45.634936999], [-121.833954586, 45.63496351], [-121.833787074, 45.6350104790001], [-121.833825672, 45.6351569110001], [-121.834060539, 45.6352079870001], [-121.834324369, 45.6352009450001], [-121.83475349, 45.6352540020001], [-121.834805561, 45.6354200430001], [-121.83486318, 45.6356106810001], [-121.834870498, 45.6356348950001], [-121.8349453, 45.6357086780001], [-121.835020101, 45.635782459], [-121.835187814, 45.635725753], [-121.835411432, 45.635650147], [-121.835786668, 45.6356247640001], [-121.835672038, 45.635798842], [-121.83530765, 45.6359703730001], [-121.835207094, 45.6361348560001], [-121.835008401, 45.636347019], [-121.834814145, 45.6363450380001], [-121.834807893, 45.636324352], [-121.834701379, 45.6360348680001], [-121.834655913, 45.635944253], [-121.834434715, 45.6359030520001], [-121.834363925, 45.6359704820001], [-121.834347223, 45.636106613], [-121.834274415, 45.63627138], [-121.834198579, 45.6365821540001], [-121.833864355, 45.636637158], [-121.833929291, 45.63685201], [-121.833409431, 45.637158249], [-121.833045634, 45.637300571], [-121.832862624, 45.6374252680001], [-121.832804493, 45.6375512400001], [-121.832900815, 45.637591167], [-121.833356896, 45.6376834500001], [-121.833644247, 45.6378811010001], [-121.833502257, 45.6380354250001], [-121.833304156, 45.638218383], [-121.833169237, 45.6380320230001], [-121.832881481, 45.6378538380001], [-121.832632122, 45.6378318180001], [-121.83248932, 45.6380250760001], [-121.832224871, 45.6380613160001], [-121.832069001, 45.6382154980001], [-121.831942296, 45.6383018240001], [-121.831731732, 45.6384165010001], [-121.831605431, 45.6384833600001], [-121.831797874, 45.6385729510001], [-121.831864219, 45.6387196680001], [-121.831683831, 45.638717823], [-121.831528766, 45.6388330670001], [-121.831348986, 45.6388020210001], [-121.831241621, 45.6386256760001], [-121.831090806, 45.6385365100001], [-121.831065485, 45.638419421], [-121.831040565, 45.6382828640001], [-121.831196035, 45.638148152], [-121.831282731, 45.63798353], [-121.831354941, 45.637847967], [-121.831106191, 45.637796742], [-121.830801126, 45.637783884], [-121.830621955, 45.6377236340001], [-121.830302814, 45.637720367], [-121.830124455, 45.637621182], [-121.829986711, 45.637571091], [-121.829624725, 45.637625798], [-121.829485969, 45.6376243770001], [-121.829373139, 45.637710844], [-121.829260105, 45.6378070430001], [-121.829120131, 45.6378640250001], [-121.829075462, 45.638009605], [-121.828991113, 45.6379789310001], [-121.828950611, 45.637964201], [-121.828865111, 45.637950657], [-121.828824602, 45.6378916830001], [-121.828756069, 45.6378421810001], [-121.828711203, 45.6378182730001], [-121.828704061, 45.637850024], [-121.828577391, 45.637903769], [-121.828480019, 45.6379450840001], [-121.828258412, 45.6379233390001], [-121.828052306, 45.6378238660001], [-121.827885999, 45.6378124230001], [-121.82766358, 45.6378296130001], [-121.82753809, 45.637857533], [-121.82728731, 45.6379036370001], [-121.827120597, 45.6379116620001], [-121.826997341, 45.6378325090001], [-121.826832254, 45.6377626620001], [-121.826775736, 45.637810761], [-121.826842879, 45.637918545], [-121.82681269, 45.638035066], [-121.826726997, 45.6381510160001], [-121.826683338, 45.6382479260001], [-121.826476215, 45.638197119], [-121.826280734, 45.638253526], [-121.826236465, 45.6383796370001], [-121.825917116, 45.638386091], [-121.825640411, 45.638344304], [-121.825699372, 45.6381794000001], [-121.825604072, 45.6380907980001], [-121.825635077, 45.637935342], [-121.825524884, 45.6378952650001], [-121.825247978, 45.63786321], [-121.825319391, 45.6377665860001], [-121.825555686, 45.637749544], [-121.825707912, 45.637770581], [-121.825793607, 45.6376546320001], [-121.825837877, 45.637528521], [-121.82561729, 45.637458103], [-121.82542242, 45.637485306], [-121.825324274, 45.637532976], [-121.825225313, 45.6376195810001], [-121.825045336, 45.6375982590001], [-121.825133676, 45.6373557700001], [-121.82515162, 45.637161237], [-121.825167327, 45.6370737760001], [-121.824959601, 45.637052168], [-121.82475839, 45.637170919], [-121.824748822, 45.6371765660001], [-121.82454028, 45.637193892], [-121.824662719, 45.637311981], [-121.82450316, 45.6374881150001], [-121.824380931, 45.637513535], [-121.824284265, 45.6376715930001], [-121.824280341, 45.6376780100001], [-121.824359931, 45.6378540740001], [-121.824123432, 45.6378808480001], [-121.823944268, 45.6378205870001], [-121.823651655, 45.6378759900001], [-121.823584722, 45.6377584700001], [-121.82358553, 45.637719858], [-121.823587574, 45.637622197], [-121.823595125, 45.637614135], [-121.823500173, 45.637581588], [-121.823452531, 45.6374943430001], [-121.823489718, 45.637419751], [-121.823425343, 45.6374160730001], [-121.823405328, 45.637375622], [-121.823372082, 45.6373084300001], [-121.823498593, 45.6372318460001], [-121.823748964, 45.6372052180001], [-121.823778956, 45.6370984320001], [-121.823655502, 45.6370290090001], [-121.823491034, 45.6369299560001], [-121.823340847, 45.63681158], [-121.823271844, 45.63663223], [-121.823261873, 45.6366063130001], [-121.823226331, 45.6365367340001], [-121.823188128, 45.636537333], [-121.823029939, 45.6364142480001], [-121.823156303, 45.63628542], [-121.82322012, 45.6361906490001], [-121.823330487, 45.636235163], [-121.823387082, 45.6362649390001], [-121.823407962, 45.6362573270001], [-121.823439036, 45.636156084], [-121.823467538, 45.6360632230001], [-121.823456311, 45.635936541], [-121.823246755, 45.6360025330001], [-121.823163096, 45.6360211430001], [-121.823025362, 45.6359710450001], [-121.82278989, 45.6359491470001], [-121.822580741, 45.6359956700001], [-121.822590744, 45.6361807530001], [-121.82265645, 45.636356678], [-121.822680939, 45.6365127030001], [-121.822513415, 45.636559656], [-121.822320995, 45.6364700500001], [-121.822141837, 45.636409788], [-121.821971662, 45.636583278], [-121.821596821, 45.636589148], [-121.821619471, 45.636832778], [-121.821629877, 45.636998395], [-121.821612329, 45.63717346], [-121.821609676, 45.637299999], [-121.821705174, 45.6373788700001], [-121.821953507, 45.637449583], [-121.82213389, 45.637451443], [-121.822201024, 45.6375592300001], [-121.822170825, 45.637675749], [-121.822027582, 45.637888461], [-121.821776797, 45.637934554], [-121.821636611, 45.6380012590001], [-121.821662322, 45.6380988830001], [-121.821337872, 45.638348668], [-121.821000156, 45.6385691070001], [-121.820954648, 45.6387536190001], [-121.820784462, 45.6389271080001], [-121.820517754, 45.6390703920001], [-121.820321651, 45.6391559900001], [-121.820015571, 45.639124763], [-121.820003113, 45.6391234920001], [-121.819883139, 45.639036816], [-121.819842866, 45.6391921700001], [-121.819744177, 45.6392001660001], [-121.819643511, 45.6392083220001], [-121.819651286, 45.639340492], [-121.819352217, 45.6394601200001], [-121.819232588, 45.639475073], [-121.819255055, 45.639353111], [-121.819217634, 45.639190956], [-121.819217634, 45.6391101890001], [-121.819153368, 45.6390462420001], [-121.819176044, 45.6389498980001], [-121.81915664, 45.638895657], [-121.819138353, 45.6388946120001], [-121.819093701, 45.638847184], [-121.819064194, 45.6388158440001], [-121.818906657, 45.638648516], [-121.819084974, 45.6384288150001], [-121.819296138, 45.6384217470001], [-121.819304499, 45.6383277520001], [-121.819318685, 45.6382411440001], [-121.819331841, 45.638219022], [-121.819277448, 45.6380694430001], [-121.819576519, 45.6379797220001], [-121.819660804, 45.638064007], [-121.819668712, 45.638062581], [-121.81974883, 45.6381136630001], [-121.819837532, 45.638092907], [-121.819969884, 45.6380619400001], [-121.819958461, 45.637944991], [-121.819722981, 45.6379230860001], [-121.81959953, 45.6378536600001], [-121.819445244, 45.6377836980001], [-121.819380284, 45.637827944], [-121.819305372, 45.637838812], [-121.819219598, 45.637937295], [-121.818986634, 45.6379258000001], [-121.818900763, 45.6378715050001], [-121.818742826, 45.6378476410001], [-121.818729794, 45.6378371770001], [-121.818644296, 45.6378683390001], [-121.818620629, 45.637868095], [-121.818553705, 45.637931118], [-121.818477808, 45.6379763360001], [-121.818431115, 45.637969282], [-121.818366104, 45.6379423220001], [-121.818301369, 45.637902221], [-121.818312116, 45.637836614], [-121.818331137, 45.6377689130001], [-121.818245149, 45.6377467980001], [-121.817978064, 45.637712723], [-121.817936238, 45.6375792210001], [-121.8180063, 45.6374312240001], [-121.817999748, 45.637414699], [-121.817613265, 45.6372149380001], [-121.817501078, 45.6371045280001], [-121.817484097, 45.6370956390001], [-121.817195655, 45.6370241640001], [-121.817155201, 45.6370466910001], [-121.8169877, 45.637052784], [-121.816910103, 45.6370284970001], [-121.816766395, 45.6369643880001], [-121.816722984, 45.63690703], [-121.816363081, 45.636817841], [-121.816280359, 45.636856304], [-121.816241952, 45.6368824620001], [-121.816219156, 45.6368891910001], [-121.816201612, 45.6369029050001], [-121.816195109, 45.6369133960001], [-121.816204933, 45.636914457], [-121.816324202, 45.6370339850001], [-121.81626247, 45.637058606], [-121.816304362, 45.6370863540001], [-121.816096509, 45.637169634], [-121.816003535, 45.637110842], [-121.815959552, 45.637128234], [-121.815815021, 45.6371032530001], [-121.815749311, 45.6370345220001], [-121.815640198, 45.63704004], [-121.815575051, 45.637019647], [-121.815521207, 45.636907369], [-121.815521481, 45.636903858], [-121.815451496, 45.636880311], [-121.815442319, 45.6367862870001], [-121.815430276, 45.6365866720001], [-121.814850015, 45.636442865], [-121.814756934, 45.6364817290001], [-121.81454019, 45.6367064790001], [-121.814459954, 45.6368074050001], [-121.814338066, 45.6367670020001], [-121.814250801, 45.636672166], [-121.814130399, 45.6365613310001], [-121.81412106, 45.6364751300001], [-121.814056815, 45.6363574370001], [-121.812891594, 45.636290773], [-121.812281242, 45.6361820990001], [-121.81210206, 45.636135332], [-121.811963639, 45.63613178], [-121.811762839, 45.636129693], [-121.811484113, 45.636118965], [-121.811340084, 45.6360705010001], [-121.811196716, 45.6359907340001], [-121.811059673, 45.635863268], [-121.810989489, 45.635844949], [-121.810842016, 45.635898411], [-121.810253096, 45.6358922790001], [-121.810136937, 45.6359796990001], [-121.809958117, 45.6359934910001], [-121.809836398, 45.635945258], [-121.809734332, 45.635866879], [-121.809617784, 45.6358603840001], [-121.809564819, 45.63580928], [-121.809170178, 45.6357293390001], [-121.808818075, 45.63570007], [-121.808648657, 45.6356859860001], [-121.808341929, 45.635708062], [-121.807857504, 45.6356145410001], [-121.807808293, 45.635386544], [-121.808081943, 45.635225103], [-121.808442163, 45.635228861], [-121.808659664, 45.6351733180001], [-121.808822538, 45.6351317240001], [-121.809313118, 45.6349346310001], [-121.809768474, 45.6346992530001], [-121.809855032, 45.634591373], [-121.809670053, 45.634566814], [-121.809540516, 45.634461469], [-121.809477338, 45.6343337050001], [-121.80920881, 45.634180692], [-121.809029016, 45.6341152630001], [-121.808939426, 45.6340681090001], [-121.80889088, 45.6340271620001], [-121.808908449, 45.6339753460001], [-121.809203466, 45.633779598], [-121.808928514, 45.633322917], [-121.808931868, 45.633276391], [-121.808969817, 45.632750307], [-121.80898152, 45.6321978550001], [-121.808113509, 45.6318613490001], [-121.807779739, 45.631886202], [-121.80764733, 45.6318960630001], [-121.807417498, 45.631913178], [-121.807149331, 45.631933147], [-121.8062374, 45.632292003], [-121.80593358, 45.632861867], [-121.806531287, 45.6335639500001], [-121.806456881, 45.634320405], [-121.806191498, 45.6352570270001], [-121.80647413, 45.6354358], [-121.806501291, 45.635468657], [-121.806712968, 45.635490711], [-121.806793069, 45.635599959], [-121.806759714, 45.63571525], [-121.806572224, 45.635739524], [-121.806538395, 45.635802975], [-121.806161071, 45.635893837], [-121.806320287, 45.636631605], [-121.80616576, 45.637039305], [-121.805862138, 45.6370901550001], [-121.805860737, 45.637156175], [-121.80561348, 45.637239693], [-121.805436151, 45.6371830460001], [-121.805398412, 45.6371678180001], [-121.804555453, 45.6373089840001], [-121.80393083, 45.63724756], [-121.803875252, 45.6372829690001], [-121.804172306, 45.6377713410001], [-121.804810009, 45.6385059070001], [-121.805302629, 45.638834568], [-121.805521138, 45.6394029910001], [-121.804703933, 45.6398797050001], [-121.803817321, 45.6400052180001], [-121.803772224, 45.640033938], [-121.803668647, 45.640099901], [-121.802609535, 45.640774374], [-121.801827264, 45.6414131860001], [-121.801206146, 45.641703218], [-121.799939279, 45.641635997], [-121.799323499, 45.6411686390001], [-121.799314954, 45.641177402], [-121.798831989, 45.642102494], [-121.797463472, 45.6421440760001], [-121.796514506, 45.641972788], [-121.79188128, 45.6426848670001], [-121.791792074, 45.642752445], [-121.791359609, 45.642765029], [-121.790455075, 45.642811296], [-121.790297978, 45.6428193310001], [-121.789679917, 45.642922975], [-121.789455407, 45.6429834150001], [-121.78916943, 45.6430534840001], [-121.788797605, 45.6430102690001], [-121.788341874, 45.6429193590001], [-121.786754689, 45.64267025], [-121.7861652, 45.642951549], [-121.786608995, 45.6433323100001], [-121.786808429, 45.643557914], [-121.786726614, 45.6436551960001], [-121.786685574, 45.643703992], [-121.786523758, 45.643796019], [-121.786316398, 45.6438276420001], [-121.785567704, 45.643769766], [-121.785176075, 45.6441223960001], [-121.784329993, 45.644130675], [-121.78346913, 45.643977201], [-121.783048712, 45.644018751], [-121.78292233, 45.6440668590001], [-121.782755184, 45.6441304790001], [-121.78270513, 45.644149532], [-121.782650128, 45.644148946], [-121.782562687, 45.6441480140001], [-121.78206605, 45.64414272], [-121.781652871, 45.644138314], [-121.78136335, 45.6441352250001], [-121.781358517, 45.644135174], [-121.781181133, 45.6442111320001], [-121.781098915, 45.644289326], [-121.780921315, 45.6443100220001], [-121.780840567, 45.644320457], [-121.780743794, 45.644279463], [-121.78073414, 45.644286304], [-121.780770447, 45.6443315280001], [-121.780574356, 45.6444112290001], [-121.78047096, 45.6444371740001], [-121.780465575, 45.6444489960001], [-121.780441848, 45.6444731560001], [-121.780434219, 45.6445009230001], [-121.780409314, 45.644514717], [-121.780370103, 45.644564051], [-121.780341893, 45.6445821730001], [-121.780307919, 45.6445956060001], [-121.780306753, 45.644596468], [-121.779867531, 45.6445917770001], [-121.779803019, 45.6445451280001], [-121.779736327, 45.644521544], [-121.77969649, 45.644472588], [-121.779661069, 45.6444677860001], [-121.77965725, 45.6444629040001], [-121.779653218, 45.6444650110001], [-121.779642178, 45.644443713], [-121.779560439, 45.6442860390001], [-121.779553727, 45.6442730910001], [-121.77950339, 45.6441572160001], [-121.779491291, 45.644159202], [-121.779266616, 45.6441229120001], [-121.779176791, 45.6440579580001], [-121.779055817, 45.6440566640001], [-121.778957526, 45.644035826], [-121.778807959, 45.644004114], [-121.778434621, 45.64392496], [-121.778360661, 45.6439092800001], [-121.778116997, 45.643857616], [-121.777867726, 45.6437585960001], [-121.777852053, 45.6437652970001], [-121.7776937, 45.643681884], [-121.77767049, 45.6436844200001], [-121.777648795, 45.6436787230001], [-121.777592355, 45.6436533730001], [-121.777568652, 45.643611299], [-121.777203149, 45.6433977980001], [-121.777161274, 45.6433958630001], [-121.777086812, 45.643382591], [-121.777051082, 45.643364967], [-121.777017531, 45.64336997], [-121.776997153, 45.643381929], [-121.776954624, 45.643376292], [-121.776916126, 45.643369551], [-121.776867802, 45.6433631530001], [-121.776829438, 45.6433487840001], [-121.77678044, 45.6433530670001], [-121.776735017, 45.643352356], [-121.776702568, 45.6433260970001], [-121.776660664, 45.6433222090001], [-121.776621989, 45.643317123], [-121.776578917, 45.6433039350001], [-121.776556799, 45.64328041], [-121.776510373, 45.6432917980001], [-121.776477622, 45.643266307], [-121.776436796, 45.6432673480001], [-121.776391776, 45.643272069], [-121.776349122, 45.643269112], [-121.776320105, 45.6432466190001], [-121.776275903, 45.643231547], [-121.776234691, 45.643221274], [-121.776189229, 45.643208486], [-121.776146867, 45.64319449], [-121.776114205, 45.6431785170001], [-121.776074688, 45.643185454], [-121.776042777, 45.6431578040001], [-121.776002549, 45.643164563], [-121.775957946, 45.643153936], [-121.77591634, 45.643147324], [-121.775870595, 45.6431498320001], [-121.775832986, 45.643123347], [-121.77579109, 45.643133672], [-121.775754089, 45.643150807], [-121.775698824, 45.6431543620001], [-121.77565289, 45.64315356], [-121.775615545, 45.64314376], [-121.775565147, 45.6431299270001], [-121.775516839, 45.643131021], [-121.775475436, 45.6431216770001], [-121.775436517, 45.643133113], [-121.77540645, 45.6431518580001], [-121.775352258, 45.6431656500001], [-121.775311783, 45.643162069], [-121.77526971, 45.6431557560001], [-121.775226155, 45.6431497730001], [-121.775185929, 45.6431497610001], [-121.775145765, 45.64314124], [-121.775106358, 45.643140411], [-121.775053969, 45.643140218], [-121.775001121, 45.6431408290001], [-121.774955439, 45.6431380060001], [-121.774924564, 45.6431203550001], [-121.774854646, 45.6431392710001], [-121.774817172, 45.6431384890001], [-121.774771747, 45.6431336530001], [-121.77472908, 45.6431129690001], [-121.774689656, 45.6431068210001], [-121.774648078, 45.6431131090001], [-121.774607411, 45.6431096490001], [-121.774569814, 45.6431009950001], [-121.77453529, 45.6430844490001], [-121.774497047, 45.6430718490001], [-121.77444934, 45.6430684090001], [-121.774403965, 45.6430622140001], [-121.774347207, 45.643060559], [-121.774305286, 45.6430534460001], [-121.774258437, 45.64305295], [-121.774219035, 45.643043547], [-121.774174114, 45.643020327], [-121.774127076, 45.6429931700001], [-121.774074179, 45.642986395], [-121.774026598, 45.642978676], [-121.773992404, 45.6429642000001], [-121.773946025, 45.6429606460001], [-121.773910866, 45.6429765230001], [-121.773901102, 45.6429826130001], [-121.773877235, 45.6429975], [-121.773830124, 45.643004315], [-121.773794387, 45.642989567], [-121.773747587, 45.6429986640001], [-121.773742066, 45.6429991790001], [-121.773698393, 45.64300325], [-121.773644977, 45.6430080530001], [-121.773608367, 45.6429948250001], [-121.77355892, 45.643008132], [-121.773516489, 45.643007052], [-121.77347278, 45.6429960500001], [-121.77343227, 45.642994592], [-121.773387053, 45.6429893910001], [-121.773346421, 45.6429978740001], [-121.773304693, 45.6429870470001], [-121.773256359, 45.642978267], [-121.773212022, 45.6429692240001], [-121.773160002, 45.642960842], [-121.773103903, 45.6429477510001], [-121.773059747, 45.6429523360001], [-121.773038056, 45.6429331640001], [-121.773031213, 45.6429271200001], [-121.772991551, 45.642923737], [-121.772949056, 45.642910618], [-121.772893893, 45.6429252020001], [-121.772889916, 45.6429194510001], [-121.772930566, 45.64290735], [-121.772971883, 45.6429031500001], [-121.773011534, 45.6428949], [-121.773014831, 45.6428934240001], [-121.773023302, 45.6428896290001], [-121.773047417, 45.642878834], [-121.773080684, 45.6428628840001], [-121.773127284, 45.642847085], [-121.773165734, 45.6428537670001], [-121.773201001, 45.642824433], [-121.773206117, 45.6427892830001], [-121.773204833, 45.642754568], [-121.7732462, 45.6427515180001], [-121.7732467, 45.642722383], [-121.77328715, 45.6427070820001], [-121.773319384, 45.6426759500001], [-121.77336815, 45.642668267], [-121.773409217, 45.642673717], [-121.77345295, 45.642672417], [-121.773492884, 45.642677516], [-121.7735353, 45.6426893820001], [-121.773571717, 45.642699716], [-121.773600017, 45.6427198170001], [-121.773644983, 45.6427272000001], [-121.773686782, 45.6427469830001], [-121.77371545, 45.642768317], [-121.773746984, 45.64279105], [-121.773767665, 45.642822783], [-121.773781035, 45.642850084], [-121.773798617, 45.642879066], [-121.773821533, 45.6429093840001], [-121.773830499, 45.642940616], [-121.773874784, 45.642934182], [-121.773916765, 45.6429356830001], [-121.77395795, 45.6429314170001], [-121.773996234, 45.6429245690001], [-121.774035251, 45.642919266], [-121.77407885, 45.6429291320001], [-121.774116134, 45.6429419830001], [-121.774151533, 45.642956084], [-121.774196033, 45.642961316], [-121.774230617, 45.6429378500001], [-121.7742825, 45.6429449340001], [-121.774329249, 45.642935283], [-121.774357782, 45.6429122150001], [-121.774394916, 45.6428887160001], [-121.774412984, 45.642862418], [-121.774444265, 45.642836183], [-121.774492217, 45.642828933], [-121.774535033, 45.6428228840001], [-121.774576418, 45.642832033], [-121.774617367, 45.642827417], [-121.774655833, 45.642820183], [-121.774694016, 45.642810383], [-121.774732483, 45.6428027330001], [-121.774776483, 45.642796167], [-121.774814933, 45.6428020000001], [-121.774853266, 45.6428130830001], [-121.77489205, 45.642828267], [-121.774934416, 45.6428398350001], [-121.774974334, 45.6428501170001], [-121.775027001, 45.642853917], [-121.775077533, 45.6428594830001], [-121.775115799, 45.6428738490001], [-121.775155717, 45.6428753180001], [-121.775204234, 45.642875501], [-121.77524415, 45.6428844000001], [-121.775285032, 45.6428920010001], [-121.775332768, 45.642889933], [-121.775375634, 45.6428756], [-121.775420933, 45.6428648670001], [-121.775464617, 45.6428673340001], [-121.775508282, 45.642860817], [-121.775549215, 45.6428814500001], [-121.775562583, 45.6429077670001], [-121.7755902, 45.642934166], [-121.775603215, 45.6429610660001], [-121.775632934, 45.6429867160001], [-121.7756693, 45.6429997170001], [-121.775706833, 45.6430207340001], [-121.775748783, 45.6430397330001], [-121.775775533, 45.643061801], [-121.775815084, 45.6430536660001], [-121.775860216, 45.643043017], [-121.775895783, 45.6430296500001], [-121.775935533, 45.6430224330001], [-121.775976784, 45.6430167170001], [-121.77601725, 45.6430078170001], [-121.776068533, 45.6430000830001], [-121.776109982, 45.6430096340001], [-121.776156084, 45.6430217330001], [-121.776199082, 45.6430109820001], [-121.776236167, 45.6429866], [-121.776280952, 45.6429834], [-121.776309251, 45.643004632], [-121.776276538, 45.64284073], [-121.776316584, 45.6427910510001], [-121.776513541, 45.642546721], [-121.776209664, 45.6423817100001], [-121.776141033, 45.64200355], [-121.776149173, 45.6419265430001], [-121.776025583, 45.6419165350001], [-121.77586369, 45.641867168], [-121.775687806, 45.641836706], [-121.775592971, 45.6418261640001], [-121.775404547, 45.6417479360001], [-121.775311374, 45.6416612040001], [-121.775380506, 45.6416047870001], [-121.775583336, 45.6416450660001], [-121.775813737, 45.6416665880001], [-121.77594951, 45.641668043], [-121.77617879, 45.641646425], [-121.776189432, 45.641545767], [-121.776664019, 45.640930794], [-121.776987106, 45.6408342720001], [-121.776956914, 45.6408166460001], [-121.776915511, 45.6407787040001], [-121.77689272, 45.6407486750001], [-121.77692411, 45.6407188850001], [-121.776959572, 45.640705741], [-121.776979043, 45.640681677], [-121.776993569, 45.640649883], [-121.776988335, 45.6406147530001], [-121.776950877, 45.6405820310001], [-121.77693373, 45.6405451460001], [-121.776889827, 45.640534556], [-121.776862571, 45.640504793], [-121.776834917, 45.6404848170001], [-121.776852795, 45.640459584], [-121.776886143, 45.6404423700001], [-121.7769261, 45.6404285020001], [-121.776981755, 45.640402964], [-121.777023076, 45.640404259], [-121.77701513, 45.640374421], [-121.776966515, 45.6403706040001], [-121.776975801, 45.640340274], [-121.776946085, 45.6403193850001], [-121.776928629, 45.6402906530001], [-121.776913638, 45.6402609890001], [-121.776931541, 45.640234353], [-121.776895661, 45.640203844], [-121.776880294, 45.6401744090001], [-121.77686163, 45.6401483560001], [-121.776853053, 45.640121171], [-121.776852589, 45.640091673], [-121.776827075, 45.6400618700001], [-121.776805448, 45.640022527], [-121.776802654, 45.6399858990001], [-121.776805397, 45.6399768860001], [-121.776814015, 45.6399485750001], [-121.776834207, 45.6399239], [-121.776813408, 45.6399005710001], [-121.776803974, 45.6398701190001], [-121.776819924, 45.639721266], [-121.77681616, 45.6397525240001], [-121.776797232, 45.639783934], [-121.77675265, 45.639806143], [-121.776717606, 45.639774834], [-121.776689222, 45.639772914], [-121.77668218, 45.6397724380001], [-121.776676645, 45.639772065], [-121.776641454, 45.6397499220001], [-121.776600775, 45.639731673], [-121.776569926, 45.639711918], [-121.776567492, 45.6396827520001], [-121.776564511, 45.6396523340001], [-121.776563536, 45.6396132520001], [-121.776578897, 45.639587944], [-121.776602096, 45.639564679], [-121.776621089, 45.6395392840001], [-121.776638033, 45.639513139], [-121.776680825, 45.639512257], [-121.776702958, 45.639485398], [-121.776707751, 45.6394819240001], [-121.776737004, 45.639460731], [-121.776767696, 45.6394325360001], [-121.776816677, 45.639406073], [-121.776837554, 45.6393796], [-121.776878367, 45.639355472], [-121.776930508, 45.639350151], [-121.776977359, 45.6393318460001], [-121.77696502, 45.639302028], [-121.776739984, 45.639206233], [-121.776642908, 45.6390791260001], [-121.776606489, 45.6390314380001], [-121.776691018, 45.6389172410001], [-121.776768406, 45.638790914], [-121.776879076, 45.6386051060001], [-121.777063717, 45.6384500090001], [-121.777289694, 45.6383551930001], [-121.777329072, 45.6383419040001], [-121.777440075, 45.638304444], [-121.777449416, 45.638291822], [-121.777604855, 45.6380818160001], [-121.777631217, 45.6378502270001], [-121.777621207, 45.6378202020001], [-121.777641859, 45.6377113930001], [-121.777645292, 45.637693304], [-121.777631349, 45.6376867920001], [-121.777590102, 45.637590254], [-121.777586443, 45.6375559100001], [-121.77755969, 45.6375285880001], [-121.777572733, 45.637484392], [-121.777553251, 45.637451033], [-121.777589932, 45.6374262030001], [-121.777588842, 45.6373975480001], [-121.777570437, 45.6373662560001], [-121.777541496, 45.637341205], [-121.777552426, 45.637301935], [-121.777644303, 45.6372754760001], [-121.777645045, 45.6372388870001], [-121.777638933, 45.6372034460001], [-121.777645569, 45.6371816600001], [-121.777632332, 45.637165226], [-121.777608608, 45.637150535], [-121.777577167, 45.637174069], [-121.777553066, 45.6372031700001], [-121.777511178, 45.637204581], [-121.777472629, 45.6371878210001], [-121.777450022, 45.637163049], [-121.777413319, 45.637152965], [-121.777371807, 45.6371521570001], [-121.777326081, 45.637138758], [-121.777281757, 45.6371134940001], [-121.777242328, 45.6371049090001], [-121.77721486, 45.637083477], [-121.777182291, 45.637058788], [-121.777151797, 45.6370359740001], [-121.777165236, 45.6370076960001], [-121.777152414, 45.6369801290001], [-121.77720728, 45.636934883], [-121.777189839, 45.636899301], [-121.777154331, 45.6368710570001], [-121.777116049, 45.6368524150001], [-121.777083223, 45.636825318], [-121.777062661, 45.6367918780001], [-121.77703865, 45.636745207], [-121.777050369, 45.6367171200001], [-121.777023155, 45.6366833610001], [-121.777022462, 45.6366551940001], [-121.777034055, 45.636625918], [-121.777024177, 45.63658845], [-121.77700368, 45.636546873], [-121.777026981, 45.6365014880001], [-121.777035609, 45.6364737540001], [-121.777035817, 45.6364408330001], [-121.7770614, 45.6364175100001], [-121.777052426, 45.6363812430001], [-121.777047894, 45.6363408990001], [-121.777067568, 45.6363124870001], [-121.777059312, 45.6362744520001], [-121.777059658, 45.6362436860001], [-121.777067193, 45.636202998], [-121.777050878, 45.636176726], [-121.77704038, 45.6361462080001], [-121.777043223, 45.6361107500001], [-121.777024653, 45.6360734790001], [-121.776990166, 45.6360495660001], [-121.776969696, 45.6360197700001], [-121.776929537, 45.636029937], [-121.776893336, 45.6360028030001], [-121.776860143, 45.635982633], [-121.776859069, 45.6359491160001], [-121.776840945, 45.635919227], [-121.776807657, 45.635900092], [-121.776801487, 45.6358547250001], [-121.776778351, 45.6358291870001], [-121.776767653, 45.635782659], [-121.776727096, 45.6357237080001], [-121.776729576, 45.6356951390001], [-121.776762177, 45.635676167], [-121.776811832, 45.6356833020001], [-121.776863514, 45.6355971620001], [-121.776825816, 45.635612569], [-121.776803214, 45.6356395510001], [-121.776770926, 45.635623562], [-121.776792817, 45.635600116], [-121.776804635, 45.6355704100001], [-121.776829855, 45.6355472980001], [-121.776835475, 45.6355199970001], [-121.776856171, 45.6354957930001], [-121.776858309, 45.6354647470001], [-121.776894616, 45.6354362010001], [-121.776903962, 45.6353988500001], [-121.776936346, 45.6353707980001], [-121.776951773, 45.635342532], [-121.77696221, 45.6353150630001], [-121.776993749, 45.6352800870001], [-121.777035026, 45.6352744760001], [-121.777071465, 45.6352609040001], [-121.777133817, 45.6352438850001], [-121.777161299, 45.635216444], [-121.777200412, 45.6352156620001], [-121.777238443, 45.6352078530001], [-121.777273426, 45.635194068], [-121.777301124, 45.635171954], [-121.777313489, 45.635137237], [-121.777340215, 45.6351103430001], [-121.77734346, 45.635075107], [-121.777365413, 45.6350494860001], [-121.777374915, 45.63502092], [-121.777399449, 45.6349985430001], [-121.777425686, 45.6349717150001], [-121.777459868, 45.634954985], [-121.777501414, 45.6349488130001], [-121.77753628, 45.6349299760001], [-121.777575254, 45.6349330140001], [-121.777594472, 45.6349071710001], [-121.777639221, 45.6349036660001], [-121.77768241, 45.6348877190001], [-121.777713631, 45.634870821], [-121.777713392, 45.634842373], [-121.777736331, 45.6348133270001], [-121.777756319, 45.634788094], [-121.777769712, 45.634744573], [-121.777784158, 45.634714559], [-121.777828287, 45.634710451], [-121.777866232, 45.6346957800001], [-121.777911569, 45.6346902980001], [-121.777913526, 45.6346895140001], [-121.777950879, 45.6346745340001], [-121.777994977, 45.6346835630001], [-121.778039117, 45.6346902510001], [-121.778083861, 45.6346801220001], [-121.778126675, 45.634690995], [-121.77816839, 45.6346913720001], [-121.778186765, 45.6346651800001], [-121.778231247, 45.6346640990001], [-121.778272797, 45.6346532520001], [-121.778309311, 45.6346404180001], [-121.778310716, 45.634622467], [-121.778311528, 45.6346120970001], [-121.778341505, 45.634591169], [-121.778385239, 45.6345890440001], [-121.778399971, 45.6345536060001], [-121.778384759, 45.6345254140001], [-121.778359819, 45.6344997320001], [-121.778351216, 45.6344710770001], [-121.778386724, 45.6344467270001], [-121.778408924, 45.634422053], [-121.778432347, 45.6343976950001], [-121.778415294, 45.634371994], [-121.778443104, 45.6343486900001], [-121.77848516, 45.6343347120001], [-121.778484349, 45.6343054650001], [-121.778480555, 45.634276261], [-121.778498321, 45.634248617], [-121.778502521, 45.634216565], [-121.778506023, 45.634189099], [-121.778499998, 45.634160992], [-121.778538328, 45.6341444010001], [-121.778581499, 45.634126365], [-121.778607796, 45.6341039700001], [-121.778643821, 45.6340825180001], [-121.778685048, 45.634064112], [-121.778689347, 45.6340600090001], [-121.778690459, 45.6340521610001], [-121.778703232, 45.6340142280001], [-121.778717427, 45.6339973500001], [-121.778756242, 45.6339891640001], [-121.778796119, 45.6339662230001], [-121.778805812, 45.6339297310001], [-121.778824638, 45.6338983900001], [-121.778838098, 45.6338696660001], [-121.778831028, 45.633840164], [-121.778843553, 45.6338098860001], [-121.778816676, 45.633782808], [-121.778828262, 45.6337536570001], [-121.778856536, 45.6337315860001], [-121.778875597, 45.633724387], [-121.77885244, 45.6336393560001], [-121.778827861, 45.633630361], [-121.778787557, 45.633620126], [-121.778763918, 45.633579168], [-121.778770174, 45.6335479370001], [-121.778791046, 45.633523396], [-121.77882217, 45.633495812], [-121.778828038, 45.633466894], [-121.778836781, 45.63345366], [-121.778848586, 45.633435789], [-121.778876908, 45.633411106], [-121.77890499, 45.633385978], [-121.778933084, 45.6333602280001], [-121.778941116, 45.633332479], [-121.778951646, 45.633303907], [-121.778952548, 45.6332953180001], [-121.778956331, 45.6332593020001], [-121.778966695, 45.633225139], [-121.778968123, 45.6331878030001], [-121.778954133, 45.6331592010001], [-121.778943993, 45.633131232], [-121.778946094, 45.633096261], [-121.778971523, 45.633052332], [-121.779000765, 45.6330295770001], [-121.779006269, 45.6329925410001], [-121.779014739, 45.6329529330001], [-121.779031366, 45.6329226500001], [-121.779060217, 45.632898138], [-121.779097301, 45.6328844810001], [-121.779131855, 45.632875486], [-121.779148892, 45.6328000500001], [-121.779142478, 45.6327694300001], [-121.779154476, 45.6327218000001], [-121.779131187, 45.6326976980001], [-121.779117254, 45.632668913], [-121.779117035, 45.632639533], [-121.779129084, 45.632573753], [-121.779117587, 45.6325404840001], [-121.779074933, 45.6325385120001], [-121.779042584, 45.63251023], [-121.779049605, 45.63248], [-121.779043356, 45.632445601], [-121.779066902, 45.6324209840001], [-121.779068836, 45.632395279], [-121.779060229, 45.632374456], [-121.779078997, 45.6323491850001], [-121.779110535, 45.632327973], [-121.779135883, 45.6323042600001], [-121.779157207, 45.6322744060001], [-121.779168344, 45.6322735750001], [-121.779197926, 45.632271373], [-121.77922173, 45.6322558780001], [-121.779228496, 45.6322252860001], [-121.779231396, 45.6321949320001], [-121.779261773, 45.6321754100001], [-121.779269479, 45.6321479600001], [-121.77928418, 45.6321180790001], [-121.779267225, 45.6320925320001], [-121.779251873, 45.632056726], [-121.779251368, 45.6320264990001], [-121.779234815, 45.631989704], [-121.779231411, 45.631920967], [-121.779342271, 45.6319217280001], [-121.779378612, 45.631909954], [-121.779336669, 45.631916511], [-121.779342661, 45.6318841450001], [-121.77934653, 45.631854435], [-121.779377309, 45.631832676], [-121.77946227, 45.631791741], [-121.779506264, 45.631782941], [-121.779498176, 45.631753287], [-121.77945844, 45.6317707810001], [-121.779420212, 45.6317785310001], [-121.77939395, 45.6318007400001], [-121.779369216, 45.6317794880001], [-121.779324826, 45.6317663470001], [-121.779287677, 45.6317564340001], [-121.77930518, 45.6316533030001], [-121.779281145, 45.631682353], [-121.779240234, 45.6317017260001], [-121.779219916, 45.631727987], [-121.779176075, 45.6317511570001], [-121.779129446, 45.6317605350001], [-121.779100501, 45.6317665020001], [-121.779085929, 45.6317695050001], [-121.779052865, 45.6317532250001], [-121.779014839, 45.631739173], [-121.778967355, 45.631753367], [-121.778920361, 45.6317322], [-121.778889882, 45.631714844], [-121.778847968, 45.6317150560001], [-121.778805381, 45.6317022380001], [-121.778788431, 45.631670264], [-121.77877555, 45.631642932], [-121.778780352, 45.6316121460001], [-121.778783787, 45.631578452], [-121.778759558, 45.6315503610001], [-121.778772556, 45.631516665], [-121.77877686, 45.631484395], [-121.778794723, 45.6314538010001], [-121.778802171, 45.631416136], [-121.778802965, 45.6314169870001], [-121.778802526, 45.631414341], [-121.778813122, 45.6313607590001], [-121.778864309, 45.631343658], [-121.77890054, 45.631357892], [-121.7789025, 45.6313568360001], [-121.778932546, 45.6313406300001], [-121.778952373, 45.631316419], [-121.778945935, 45.6312845680001], [-121.778933021, 45.631272568], [-121.778919101, 45.6312596330001], [-121.778943306, 45.6312363390001], [-121.778968805, 45.6312073660001], [-121.778985297, 45.6311773680001], [-121.779023895, 45.6311686230001], [-121.779030207, 45.6311681700001], [-121.779058686, 45.63116612], [-121.779091042, 45.6311408290001], [-121.779052057, 45.631116251], [-121.779051096, 45.6311116360001], [-121.779099506, 45.6310462220001], [-121.779136845, 45.6310116160001], [-121.77916332, 45.631019522], [-121.779198915, 45.631034916], [-121.77923978, 45.631045477], [-121.779275905, 45.6310637450001], [-121.779254015, 45.631036529], [-121.779230882, 45.631010904], [-121.779194417, 45.6309844100001], [-121.779238027, 45.630966895], [-121.779300463, 45.630959993], [-121.779352622, 45.630956381], [-121.779386714, 45.630940213], [-121.779349661, 45.6309167360001], [-121.779316626, 45.630892498], [-121.779286328, 45.6308690610001], [-121.779265314, 45.6308450280001], [-121.779242494, 45.6308249370001], [-121.779244282, 45.6308150340001], [-121.779262535, 45.63079658], [-121.779300668, 45.6307799210001], [-121.77933175, 45.630761894], [-121.779360637, 45.6307576820001], [-121.779401658, 45.6307431770001], [-121.779431427, 45.6307322060001], [-121.779456832, 45.6307123830001], [-121.779434478, 45.630684511], [-121.779434026, 45.63068149], [-121.77942961, 45.6306517880001], [-121.779428549, 45.630623062], [-121.779464436, 45.630604438], [-121.779495634, 45.6305857680001], [-121.779500364, 45.630555187], [-121.779513841, 45.630527822], [-121.779507162, 45.6304962790001], [-121.77950009, 45.630466728], [-121.779504147, 45.630431861], [-121.779516236, 45.630400944], [-121.779547521, 45.630372467], [-121.779525817, 45.6303492270001], [-121.779501834, 45.6303271080001], [-121.779459605, 45.6303465940001], [-121.779411995, 45.630331493], [-121.779391908, 45.630304284], [-121.779383776, 45.6302763790001], [-121.779383968, 45.6302472090001], [-121.779375457, 45.6302257570001], [-121.779372284, 45.6302253910001], [-121.779271665, 45.630211581], [-121.77926845, 45.630213462], [-121.779237515, 45.630231574], [-121.779196142, 45.630230478], [-121.779164476, 45.630247809], [-121.779159196, 45.6302205640001], [-121.779122389, 45.630199158], [-121.779077575, 45.6301994180001], [-121.779040975, 45.630214392], [-121.77899419, 45.630216288], [-121.778957976, 45.6301961280001], [-121.778932026, 45.6301606800001], [-121.778934619, 45.6301292460001], [-121.778950722, 45.630101842], [-121.778939319, 45.630070296], [-121.778980333, 45.6300557160001], [-121.77903332, 45.6300402150001], [-121.779033159, 45.6300399990001], [-121.779022178, 45.630038852], [-121.778868166, 45.6300227660001], [-121.778776017, 45.6299369770001], [-121.778751585, 45.6299405940001], [-121.778707804, 45.629929276], [-121.778695309, 45.629885265], [-121.778658793, 45.6299032810001], [-121.778622416, 45.6298895400001], [-121.77858693, 45.6298729490001], [-121.778624038, 45.6298554420001], [-121.778600838, 45.6298488250001], [-121.778562066, 45.6298118290001], [-121.778512758, 45.6297855290001], [-121.778487046, 45.629764305], [-121.778470757, 45.6297336540001], [-121.778455532, 45.6297074390001], [-121.778410094, 45.6297119870001], [-121.778415757, 45.6297391940001], [-121.778379048, 45.629723975], [-121.778337277, 45.6297149070001], [-121.77832703, 45.6296852670001], [-121.778281269, 45.629680136], [-121.778232073, 45.629702798], [-121.778189539, 45.6297101760001], [-121.778149632, 45.6297290810001], [-121.778163359, 45.629768762], [-121.778157126, 45.6297966060001], [-121.778149277, 45.629833793], [-121.778111891, 45.6298461490001], [-121.778068533, 45.629850977], [-121.778033436, 45.6298710120001], [-121.778037702, 45.629901605], [-121.778009981, 45.6299276730001], [-121.777971937, 45.629941451], [-121.777985126, 45.6299704510001], [-121.778028906, 45.629981856], [-121.778061343, 45.63000477], [-121.778082652, 45.6300363550001], [-121.778083772, 45.6300688270001], [-121.778068945, 45.6300958530001], [-121.778057958, 45.6301271450001], [-121.778068024, 45.630164558], [-121.778028697, 45.630185446], [-121.777976925, 45.6301864650001], [-121.777932296, 45.6301975980001], [-121.777909139, 45.630210757], [-121.777895218, 45.630218665], [-121.777890447, 45.630217777], [-121.777854165, 45.630211022], [-121.777814999, 45.630220896], [-121.77777609, 45.630209096], [-121.777727633, 45.6301976510001], [-121.777690982, 45.6302101700001], [-121.777655401, 45.6301975380001], [-121.777624973, 45.6301784670001], [-121.777580356, 45.6301523860001], [-121.77757235, 45.6301203560001], [-121.777521893, 45.6300969690001], [-121.777502064, 45.630065705], [-121.777473205, 45.6300405900001], [-121.777494368, 45.630042302], [-121.777519279, 45.6300443160001], [-121.777505544, 45.630015857], [-121.777502119, 45.6300087550001], [-121.777479329, 45.6299738820001], [-121.777432292, 45.6299794760001], [-121.77740458, 45.629959571], [-121.777389606, 45.6299180080001], [-121.777389102, 45.629878594], [-121.777415038, 45.6298493470001], [-121.777426861, 45.6298199940001], [-121.777427055, 45.6298054740001], [-121.777427355, 45.629783192], [-121.777410686, 45.6297542820001], [-121.777413533, 45.6297398450001], [-121.777419174, 45.629711253], [-121.777431522, 45.629680744], [-121.777435599, 45.629635982], [-121.777436129, 45.629603651], [-121.777465078, 45.629573098], [-121.777499815, 45.6295534450001], [-121.777500787, 45.6295191080001], [-121.777481223, 45.629472794], [-121.777454018, 45.6294473500001], [-121.777453986, 45.629419415], [-121.777453286, 45.6293896930001], [-121.777491921, 45.629380752], [-121.777474191, 45.629351345], [-121.777483287, 45.629321227], [-121.777479968, 45.6292919740001], [-121.777488952, 45.6292637220001], [-121.777460558, 45.6292328230001], [-121.77746194, 45.6292162840001], [-121.777461269, 45.6291700190001], [-121.777461409, 45.6291597170001], [-121.777448284, 45.6291225680001], [-121.777429433, 45.62908186], [-121.777415764, 45.629051094], [-121.777416881, 45.6290160460001], [-121.777416895, 45.629015958], [-121.777395122, 45.628991737], [-121.777380632, 45.6289938520001], [-121.777340789, 45.6289914970001], [-121.77734576, 45.6289577270001], [-121.777325207, 45.6289311290001], [-121.77731913, 45.6289009550001], [-121.777317482, 45.628892772], [-121.777319647, 45.6288613660001], [-121.777291353, 45.6288473540001], [-121.777274859, 45.6288391850001], [-121.777278064, 45.6288217100001], [-121.777270699, 45.6288074980001], [-121.777237907, 45.628795788], [-121.777210377, 45.6287727280001], [-121.77717054, 45.6287821020001], [-121.777145911, 45.6287587640001], [-121.777196119, 45.6286938120001], [-121.777172984, 45.628664374], [-121.777141433, 45.6286242260001], [-121.777047256, 45.628635769], [-121.776860094, 45.628614962], [-121.776836161, 45.628483073], [-121.776963983, 45.62838162], [-121.776898843, 45.628315527], [-121.776845081, 45.6282530730001], [-121.776830096, 45.6282517440001], [-121.776809391, 45.628262856], [-121.776697039, 45.628364683], [-121.776568297, 45.628376184], [-121.776459867, 45.6282977490001], [-121.77641595, 45.628207128], [-121.776334626, 45.6281483010001], [-121.776272358, 45.6280574830001], [-121.776219125, 45.6279732], [-121.776145718, 45.6279724120001], [-121.77596276, 45.6279446940001], [-121.775918706, 45.6278605090001], [-121.775930537, 45.627823866], [-121.775919978, 45.6278209930001], [-121.775911055, 45.6278185640001], [-121.775797673, 45.62757808], [-121.775586296, 45.6274903010001], [-121.775565981, 45.627485306], [-121.775222607, 45.62740089], [-121.774918912, 45.627354875], [-121.774511393, 45.627179477], [-121.774452185, 45.6271447830001], [-121.774195499, 45.6269943710001], [-121.774193271, 45.62699007], [-121.774099578, 45.6269846770001], [-121.774037578, 45.626921763], [-121.7740636, 45.6268909180001], [-121.774135763, 45.62687908], [-121.774078543, 45.626768645], [-121.774086231, 45.6264159830001], [-121.773929642, 45.625911912], [-121.773846411, 45.6255368980001], [-121.773776316, 45.6252582270001], [-121.773988877, 45.6250253370001], [-121.773971255, 45.6249862610001], [-121.773960959, 45.62496501], [-121.773843896, 45.624955791], [-121.77375847, 45.6249284670001], [-121.773668749, 45.62497727], [-121.773623713, 45.6249381480001], [-121.773650721, 45.6248898750001], [-121.773639608, 45.6248565230001], [-121.773632918, 45.6248330390001], [-121.773588165, 45.6248330390001], [-121.773538323, 45.6248213120001], [-121.773544187, 45.6247890610001], [-121.773588165, 45.624753879], [-121.773606557, 45.6247405030001], [-121.773575043, 45.6246298770001], [-121.77373333, 45.6245994670001], [-121.773890996, 45.624597592], [-121.774119425, 45.6247107660001], [-121.774249282, 45.624740027], [-121.774384987, 45.624591341], [-121.77458787, 45.624580189], [-121.77464867, 45.6245125780001], [-121.774649456, 45.6244765330001], [-121.774666994, 45.624457664], [-121.774670135, 45.624313482], [-121.77466787, 45.624301857], [-121.774662067, 45.624290778], [-121.774662853, 45.624254733], [-121.774654785, 45.6242320280001], [-121.774652089, 45.62420833], [-121.774643314, 45.6241854580001], [-121.774630585, 45.6241634730001], [-121.774622154, 45.6241573730001], [-121.774614956, 45.624143207], [-121.7744285, 45.624141207], [-121.774281487, 45.6240916680001], [-121.774272394, 45.624095094], [-121.774257725, 45.624096686], [-121.774242047, 45.62410111], [-121.774209229, 45.6241068730001], [-121.774175257, 45.6241078190001], [-121.774142899, 45.6241134810001], [-121.774125837, 45.624113498], [-121.774110405, 45.624118707], [-121.774093417, 45.624118959], [-121.774084726, 45.6241248750001], [-121.77401623, 45.62412414], [-121.774000876, 45.624119035], [-121.773967127, 45.6241168940001], [-121.773901017, 45.624104876], [-121.773867155, 45.6241025580001], [-121.773803764, 45.624085806], [-121.773683898, 45.6240845190001], [-121.773643559, 45.624066058], [-121.773609795, 45.624064344], [-121.77359434, 45.624059521], [-121.773577216, 45.6240593370001], [-121.773511735, 45.6240467260001], [-121.773477516, 45.6240462480001], [-121.773446945, 45.6240399110001], [-121.773412952, 45.624038543], [-121.773348304, 45.6240226470001], [-121.773282183, 45.624010415], [-121.773231773, 45.6240060740001], [-121.773215612, 45.6240021], [-121.773188356, 45.623989957], [-121.773137532, 45.623988517], [-121.773105437, 45.6239821630001], [-121.77307119, 45.6239817950001], [-121.773039095, 45.623975441], [-121.773025397, 45.6239696970001], [-121.773016714, 45.6239482280001], [-121.773019626, 45.6239004980001], [-121.77304285, 45.6238670600001], [-121.773039907, 45.623847934], [-121.773076265, 45.623808114], [-121.77302992, 45.623746365], [-121.772996048, 45.6236675110001], [-121.773034733, 45.623580797], [-121.772996996, 45.623547607], [-121.772981301, 45.6235247810001], [-121.772960719, 45.623509889], [-121.772923796, 45.6235061180001], [-121.772903212, 45.623491227], [-121.772871322, 45.6234417850001], [-121.772840348, 45.6234061210001], [-121.772836506, 45.6234016970001], [-121.772812868, 45.6233598530001], [-121.772761549, 45.6233200680001], [-121.772729057, 45.623293941], [-121.772701931, 45.623292658], [-121.772701116, 45.623329987], [-121.772561547, 45.623367429], [-121.772544237, 45.6233464650001], [-121.772502852, 45.623385091], [-121.77232341, 45.6233103230001], [-121.772428084, 45.6231308810001], [-121.772435579, 45.623119638], [-121.772287956, 45.6230482670001], [-121.772280204, 45.6230445190001], [-121.772248451, 45.6230445190001], [-121.772231813, 45.6229280570001], [-121.772414825, 45.6228531890001], [-121.772423152, 45.6228497820001], [-121.772416182, 45.6228219000001], [-121.772409556, 45.622795395], [-121.772414939, 45.6227361850001], [-121.772381492, 45.62270476], [-121.772390585, 45.622670681], [-121.772309371, 45.6226138310001], [-121.772280943, 45.622682873], [-121.772070397, 45.6227307250001], [-121.772042229, 45.622584251], [-121.771986203, 45.622563836], [-121.771986857, 45.6225338770001], [-121.771958052, 45.6224849870001], [-121.77181314, 45.6224721080001], [-121.771620318, 45.6224464360001], [-121.771588635, 45.6224356430001], [-121.771588635, 45.622467027], [-121.771553452, 45.622511005], [-121.771465496, 45.6225198000001], [-121.771430316, 45.622484618], [-121.771409792, 45.6224552990001], [-121.77137796, 45.6223895150001], [-121.771335805, 45.622384378], [-121.7711854, 45.6223414620001], [-121.771162115, 45.6222527140001], [-121.771420304, 45.622016559], [-121.771599619, 45.6219542690001], [-121.771711294, 45.6219626050001], [-121.7718828, 45.621977277], [-121.771825763, 45.621894066], [-121.771845023, 45.621782179], [-121.771981449, 45.6216951490001], [-121.771933747, 45.6215547090001], [-121.772037668, 45.6214523630001], [-121.772100069, 45.621388815], [-121.772101678, 45.6212876910001], [-121.771914812, 45.621281449], [-121.771772166, 45.6212202150001], [-121.771507819, 45.6212442460001], [-121.771507821, 45.6210573270001], [-121.771673452, 45.621030826], [-121.771665778, 45.621020238], [-121.771717856, 45.6209637150001], [-121.771810054, 45.620932597], [-121.771941283, 45.6208392520001], [-121.771662863, 45.6208834560001], [-121.77154139, 45.620887828], [-121.771519708, 45.6208937160001], [-121.771377842, 45.6208449920001], [-121.77143111, 45.620715772], [-121.771609435, 45.620635092], [-121.77172098, 45.62057824], [-121.771622405, 45.620475614], [-121.77146162, 45.6205591830001], [-121.771251986, 45.620594924], [-121.771248079, 45.620618656], [-121.771065085, 45.620678076], [-121.770923387, 45.6206954400001], [-121.770742042, 45.6206793220001], [-121.770710301, 45.6206765000001], [-121.77067412, 45.620820941], [-121.770672719, 45.6208850620001], [-121.770739428, 45.6210046900001], [-121.770921269, 45.6210133700001], [-121.770977859, 45.6210801730001], [-121.77110961, 45.6211105840001], [-121.771188992, 45.6212006320001], [-121.771070833, 45.621256444], [-121.771065376, 45.62125659], [-121.771024252, 45.6213609820001], [-121.770917362, 45.6214203650001], [-121.770934239, 45.6214650910001], [-121.770839824, 45.621603034], [-121.770775635, 45.621751992], [-121.770573678, 45.621931535], [-121.770451768, 45.621993665], [-121.770458292, 45.62201399], [-121.770720235, 45.6221767100001], [-121.770819484, 45.6222883770001], [-121.770734869, 45.6223866880001], [-121.770750124, 45.622396662], [-121.770773579, 45.6224494360001], [-121.770741325, 45.6225022090001], [-121.770694417, 45.6225256640001], [-121.770677485, 45.6225260320001], [-121.770660882, 45.622682995], [-121.770779706, 45.622836691], [-121.770818762, 45.622883996], [-121.77096662, 45.622768034], [-121.771112321, 45.622848092], [-121.771155655, 45.622959157], [-121.771122583, 45.623076536], [-121.771078207, 45.6231573480001], [-121.771109578, 45.623261574], [-121.771095297, 45.6232991970001], [-121.771113211, 45.6234032770001], [-121.771159896, 45.623422668], [-121.771219729, 45.6234563670001], [-121.771038362, 45.6235632870001], [-121.771134204, 45.6237081470001], [-121.771123195, 45.623711047], [-121.771110742, 45.6237658420001], [-121.771110742, 45.623815683], [-121.771122469, 45.6238772520001], [-121.77111149, 45.6238942210001], [-121.771149177, 45.623945689], [-121.77109343, 45.624011771], [-121.771091972, 45.624078438], [-121.771088476, 45.6240978010001], [-121.771186359, 45.624108032], [-121.771308724, 45.6240998230001], [-121.771484237, 45.6240758600001], [-121.771507396, 45.623984078], [-121.77147161, 45.6239407360001], [-121.771472951, 45.623879362], [-121.771513631, 45.623865634], [-121.771588377, 45.6238664380001], [-121.771580997, 45.623737927], [-121.771642465, 45.6237171820001], [-121.771713088, 45.623742915], [-121.771737491, 45.6237895580001], [-121.771762576, 45.6238740810001], [-121.771881707, 45.6239726200001], [-121.771894398, 45.6239848810001], [-121.772029764, 45.624031368], [-121.772150674, 45.6240898240001], [-121.772313344, 45.624101098], [-121.772493067, 45.6241030300001], [-121.772503619, 45.6241042020001], [-121.772631737, 45.6241184530001], [-121.772724797, 45.624197037], [-121.772769029, 45.6243415960001], [-121.772776598, 45.6243833290001], [-121.772862008, 45.6244509690001], [-121.772858946, 45.6244518170001], [-121.772893665, 45.6244633900001], [-121.772897418, 45.6245309400001], [-121.772884283, 45.6245515800001], [-121.772807351, 45.6245703440001], [-121.772756689, 45.62455721], [-121.772734172, 45.624534693], [-121.772713277, 45.6245186190001], [-121.772543827, 45.6245275950001], [-121.772370355, 45.6245146470001], [-121.772333522, 45.6244442500001], [-121.772210846, 45.624442935], [-121.772152745, 45.6244335430001], [-121.772106291, 45.6244622740001], [-121.772005365, 45.624461189], [-121.771897506, 45.6244694750001], [-121.771769151, 45.6244917060001], [-121.771675366, 45.6244718090001], [-121.771539871, 45.6245128510001], [-121.771512649, 45.6245267250001], [-121.771471556, 45.624559338], [-121.771355936, 45.62461476], [-121.771248181, 45.624618323], [-121.77109384, 45.6245977740001], [-121.771040734, 45.6245641470001], [-121.770947062, 45.624560149], [-121.77095649, 45.624629327], [-121.771003531, 45.6247581010001], [-121.771228754, 45.624733099], [-121.77127248, 45.624826329], [-121.771154264, 45.624955506], [-121.771177664, 45.6251272280001], [-121.77113299, 45.625307741], [-121.771130491, 45.6254220270001], [-121.771061982, 45.625477946], [-121.771118938, 45.6255610330001], [-121.771128604, 45.6255696220001], [-121.771273, 45.625577938], [-121.771507466, 45.625691294], [-121.771629934, 45.6258699470001], [-121.771826767, 45.626259981], [-121.771979855, 45.6264832950001], [-121.772005875, 45.6267384930001], [-121.771999341, 45.6270376750001], [-121.771995552, 45.627211204], [-121.771995251, 45.627215155], [-121.771992592, 45.6272502520001], [-121.771983553, 45.627250567], [-121.771966871, 45.62725113], [-121.771851698, 45.627249281], [-121.771848496, 45.6272482370001], [-121.771830849, 45.6272496820001], [-121.771802137, 45.627252035], [-121.771770729, 45.6272725170001], [-121.771728274, 45.6272708610001], [-121.771680641, 45.627270724], [-121.771629263, 45.627273755], [-121.771595843, 45.6272892650001], [-121.771566494, 45.6272902200001], [-121.771486961, 45.6272906620001], [-121.771483662, 45.627290681], [-121.771452269, 45.6272908560001], [-121.771447899, 45.6272908810001], [-121.77144732, 45.6272908830001], [-121.771445437, 45.627290895], [-121.771417114, 45.627285376], [-121.771416988, 45.6272853510001], [-121.771416649, 45.627285285], [-121.771419903, 45.6272710760001], [-121.771425911, 45.627211125], [-121.771378452, 45.6271732870001], [-121.771395504, 45.627159765], [-121.771443844, 45.627032157], [-121.771451088, 45.627013032], [-121.771458147, 45.626994403], [-121.771458053, 45.626992596], [-121.771455758, 45.626947548], [-121.77145519, 45.6269363920001], [-121.771475382, 45.626906782], [-121.771471104, 45.6268651710001], [-121.771439223, 45.626840761], [-121.771438266, 45.6268384840001], [-121.771425448, 45.6268079970001], [-121.771429495, 45.6267576590001], [-121.771435344, 45.626737054], [-121.771438207, 45.6267269690001], [-121.771434874, 45.6267207540001], [-121.771421073, 45.626695017], [-121.771420405, 45.626663222], [-121.7713956, 45.6266334690001], [-121.771388869, 45.6265984680001], [-121.771363058, 45.6265709410001], [-121.771318482, 45.626525873], [-121.771350359, 45.6265025860001], [-121.771367336, 45.6264621450001], [-121.771373878, 45.626433358], [-121.771369384, 45.626401695], [-121.771385923, 45.6263917680001], [-121.771408983, 45.6263779230001], [-121.771417249, 45.6263729610001], [-121.771408089, 45.626333833], [-121.771406484, 45.626320122], [-121.771353436, 45.626319553], [-121.771246819, 45.626221281], [-121.771289712, 45.626121751], [-121.771285336, 45.6261205220001], [-121.77125583, 45.6260979370001], [-121.771281282, 45.626065666], [-121.771298991, 45.6260336650001], [-121.771284457, 45.626007744], [-121.771241523, 45.625980729], [-121.771195834, 45.62598289], [-121.771155003, 45.625957488], [-121.771111606, 45.6259277180001], [-121.771089743, 45.625894401], [-121.771022943, 45.625912321], [-121.770939277, 45.6259197890001], [-121.770862585, 45.625881301], [-121.770773325, 45.625871971], [-121.770683698, 45.6258793750001], [-121.77064269, 45.625845456], [-121.770641584, 45.6258213930001], [-121.770630534, 45.625820257], [-121.770549707, 45.625800779], [-121.770547825, 45.6258003250001], [-121.770521551, 45.625773365], [-121.770513324, 45.6257438040001], [-121.770511328, 45.6257366290001], [-121.770516135, 45.6256919850001], [-121.770506694, 45.625671047], [-121.77049685, 45.625649217], [-121.770487502, 45.625628487], [-121.770500476, 45.6256185930001], [-121.770529529, 45.625590248], [-121.770529656, 45.625553676], [-121.770548884, 45.625518948], [-121.770568233, 45.625486091], [-121.770600146, 45.625465257], [-121.770600311, 45.625465148], [-121.770603525, 45.6254344560001], [-121.77061928, 45.6254084500001], [-121.770617635, 45.6253959960001], [-121.770615553, 45.625380224], [-121.770660511, 45.6253678320001], [-121.770669542, 45.6253588100001], [-121.7706932, 45.6253291740001], [-121.770707081, 45.6252989540001], [-121.770707611, 45.6252978030001], [-121.77071518, 45.625264563], [-121.77071582, 45.625245265], [-121.770715942, 45.6252415700001], [-121.770718091, 45.625231419], [-121.77073119, 45.6252139910001], [-121.770739608, 45.625202793], [-121.770746277, 45.62516514], [-121.770762405, 45.6251396070001], [-121.770729234, 45.62511798], [-121.770725524, 45.6250876410001], [-121.770712808, 45.6250578840001], [-121.770720249, 45.6250309210001], [-121.770702124, 45.6249934460001], [-121.770661928, 45.624988489], [-121.7706588, 45.6249881030001], [-121.770624986, 45.624940413], [-121.770597529, 45.6249208030001], [-121.770603066, 45.6248910940001], [-121.770569465, 45.624874952], [-121.770567981, 45.6248463580001], [-121.770537997, 45.6248193100001], [-121.770516854, 45.62478958], [-121.770536693, 45.624756027], [-121.770535318, 45.6247278960001], [-121.770551484, 45.624698772], [-121.770537854, 45.624672349], [-121.770516517, 45.624643586], [-121.770484871, 45.624623236], [-121.770472289, 45.6245943060001], [-121.770468819, 45.6245639470001], [-121.770463785, 45.624529893], [-121.770450568, 45.6244958880001], [-121.770434333, 45.62446228], [-121.770381472, 45.624428149], [-121.770354368, 45.6242384060001], [-121.770352979, 45.6242286820001], [-121.770341838, 45.624150678], [-121.770340647, 45.624142342], [-121.77033253, 45.6240855090001], [-121.77032126, 45.624006611], [-121.770312864, 45.6239478320001], [-121.770283775, 45.623744167], [-121.77027641, 45.623692605], [-121.770276382, 45.623682892], [-121.770276275, 45.623646298], [-121.770276274, 45.6236462300001], [-121.770276163, 45.6236078920001], [-121.770276154, 45.6236054340001], [-121.770274746, 45.623579835], [-121.77028056, 45.623542297], [-121.770250006, 45.623517237], [-121.770249232, 45.623516604], [-121.770249909, 45.6235150840001], [-121.770262389, 45.623486997], [-121.770248146, 45.6234755740001], [-121.770224098, 45.623456285], [-121.770204482, 45.6234262770001], [-121.770170789, 45.6234049540001], [-121.770160405, 45.623373875], [-121.770189837, 45.623348885], [-121.770212901, 45.623323719], [-121.770240832, 45.623311653], [-121.770246631, 45.623309147], [-121.770240296, 45.623299676], [-121.77022257, 45.623273172], [-121.77019858, 45.623244738], [-121.770193452, 45.6232153220001], [-121.77020405, 45.623187172], [-121.770234751, 45.623175389], [-121.77027224, 45.623161], [-121.770240469, 45.623141769], [-121.770233117, 45.6231387780001], [-121.770195327, 45.623123401], [-121.770153003, 45.6230974950001], [-121.770136651, 45.623089393], [-121.770139416, 45.623055273], [-121.770130166, 45.623003485], [-121.770123564, 45.6229709090001], [-121.770129795, 45.6229418780001], [-121.770104809, 45.622910721], [-121.77010232, 45.6228746780001], [-121.770071653, 45.6228504370001], [-121.770061508, 45.6228456050001], [-121.770036019, 45.6228334670001], [-121.770025247, 45.6228283360001], [-121.769996021, 45.6228080910001], [-121.769961577, 45.62278824], [-121.769950646, 45.6227563840001], [-121.769989709, 45.62272317], [-121.76997568, 45.6226843470001], [-121.769956581, 45.6226540230001], [-121.76995595, 45.622622574], [-121.769951398, 45.622595038], [-121.769932208, 45.6225651660001], [-121.769913991, 45.622535643], [-121.769904516, 45.622495298], [-121.769892739, 45.622463817], [-121.769901369, 45.622428229], [-121.769895425, 45.622419537], [-121.769883236, 45.622401719], [-121.769869008, 45.6223785270001], [-121.769863566, 45.622369657], [-121.769859805, 45.62235178], [-121.769857541, 45.6223410160001], [-121.769863735, 45.6223321420001], [-121.769879684, 45.622309296], [-121.769888533, 45.6222940430001], [-121.769894507, 45.6222617820001], [-121.769884024, 45.6222314130001], [-121.769885692, 45.622198998], [-121.769871414, 45.6221595210001], [-121.769864994, 45.6221240720001], [-121.76987706, 45.622089117], [-121.769906389, 45.6220506450001], [-121.769923791, 45.6220228230001], [-121.769940925, 45.621998132], [-121.769940065, 45.621963873], [-121.769917209, 45.6219319210001], [-121.76993008, 45.6219059580001], [-121.769939846, 45.6218721110001], [-121.769920751, 45.6218478010001], [-121.769929079, 45.6218115290001], [-121.769962319, 45.6217826320001], [-121.769979278, 45.6217432700001], [-121.769974877, 45.6217116550001], [-121.769982465, 45.6216733740001], [-121.769996467, 45.621625098], [-121.770004054, 45.621596708], [-121.770008902, 45.621566768], [-121.770029537, 45.6215337720001], [-121.77002805, 45.621494479], [-121.770008785, 45.6214679070001], [-121.770006272, 45.6214359860001], [-121.770025162, 45.621396191], [-121.770063361, 45.621378162], [-121.770071845, 45.6213396910001], [-121.770097707, 45.621302395], [-121.770122803, 45.6212649500001], [-121.77014812, 45.621234008], [-121.770151627, 45.6212297220001], [-121.77016407, 45.6211976710001], [-121.770185831, 45.6211651780001], [-121.770201345, 45.6211371640001], [-121.770171894, 45.6211145660001], [-121.770158747, 45.621079851], [-121.770140132, 45.6210549690001], [-121.770139112, 45.6210536070001], [-121.770139545, 45.621041819], [-121.770140622, 45.621012512], [-121.770137811, 45.621002962], [-121.770130142, 45.6209769210001], [-121.77012837, 45.6209459080001], [-121.770112709, 45.6209145450001], [-121.770077951, 45.620893433], [-121.770071643, 45.6208878200001], [-121.770046492, 45.620865445], [-121.770042849, 45.6208270450001], [-121.770045426, 45.62082438], [-121.770067434, 45.6208016150001], [-121.770052092, 45.62076639], [-121.770043606, 45.6207590970001], [-121.770033287, 45.620750227], [-121.770022088, 45.620740599], [-121.769975807, 45.6207338630001], [-121.769980581, 45.6206992250001], [-121.769977182, 45.6206646580001], [-121.769988277, 45.6206340520001], [-121.76998273, 45.620600106], [-121.769988487, 45.620587211], [-121.769996112, 45.6205701330001], [-121.769995644, 45.62056699], [-121.769991947, 45.620542132], [-121.769992825, 45.6205264880001], [-121.770027787, 45.6204868340001], [-121.770047792, 45.620457919], [-121.770043264, 45.6204302400001], [-121.770036991, 45.620400433], [-121.770019423, 45.62036476], [-121.770008881, 45.620336911], [-121.769979223, 45.6203069650001], [-121.769996746, 45.62028063], [-121.769975312, 45.6202427040001], [-121.769963231, 45.6202136110001], [-121.769956282, 45.620177825], [-121.769951034, 45.6201287870001], [-121.769962109, 45.6200913640001], [-121.769978671, 45.62005658], [-121.769985468, 45.6200277980001], [-121.769974805, 45.6200013420001], [-121.769986786, 45.6199607900001], [-121.770000453, 45.6199245620001], [-121.770021765, 45.6198956440001], [-121.770031025, 45.6198636070001], [-121.770039575, 45.6198272560001], [-121.770050407, 45.619789978], [-121.77007104, 45.6197648400001], [-121.770082149, 45.6197555530001], [-121.770098479, 45.6197419040001], [-121.770120823, 45.619695531], [-121.770132101, 45.61965704], [-121.770124494, 45.6196290170001], [-121.770123029, 45.6196005630001], [-121.770089491, 45.6195800260001], [-121.770087595, 45.619543611], [-121.770071724, 45.61952189], [-121.770067745, 45.619516446], [-121.770054871, 45.6194800420001], [-121.770060386, 45.6194359240001], [-121.770057072, 45.6194060930001], [-121.770065833, 45.6193898550001], [-121.770073988, 45.6193747410001], [-121.770105525, 45.619349148], [-121.770135307, 45.619329673], [-121.770144791, 45.619299706], [-121.770159264, 45.6192715170001], [-121.7701953, 45.619253099], [-121.770211658, 45.61922729], [-121.770240298, 45.6191981280001], [-121.770263922, 45.619166342], [-121.770295491, 45.619139804], [-121.770342505, 45.619139928], [-121.7703738, 45.6191215480001], [-121.770384822, 45.619086113], [-121.770413283, 45.6190490500001], [-121.770399929, 45.6190257100001], [-121.770393084, 45.6190137470001], [-121.770348351, 45.618985417], [-121.770325454, 45.618973555], [-121.770316475, 45.6189689030001], [-121.770274175, 45.618935455], [-121.770228837, 45.6189113550001], [-121.770222922, 45.6188757410001], [-121.770221843, 45.618846106], [-121.770207899, 45.6188021610001], [-121.770205012, 45.618798794], [-121.770180194, 45.61876985], [-121.770154476, 45.618733397], [-121.7701362, 45.6186998520001], [-121.770097304, 45.618686779], [-121.770067551, 45.618677932], [-121.77005907, 45.6186754080001], [-121.770034902, 45.6186519840001], [-121.770032804, 45.6186496240001], [-121.770013471, 45.6186278850001], [-121.76999355, 45.6186033810001], [-121.77002979, 45.618582098], [-121.770038744, 45.6185768400001], [-121.770051743, 45.618540093], [-121.770058506, 45.61852843], [-121.770060321, 45.618525301], [-121.770066961, 45.6185138490001], [-121.770059506, 45.618503581], [-121.770057672, 45.6185010570001], [-121.77003615, 45.61847141], [-121.770035244, 45.618443373], [-121.770034345, 45.6184071800001], [-121.770037401, 45.618400867], [-121.770042849, 45.6183896140001], [-121.770047493, 45.618380024], [-121.770057388, 45.6183734410001], [-121.770084454, 45.618355433], [-121.770091985, 45.6183114720001], [-121.770111296, 45.618279445], [-121.770092269, 45.618253888], [-121.770102626, 45.6182246560001], [-121.770113877, 45.618195434], [-121.770133506, 45.6181674110001], [-121.770135643, 45.6181398520001], [-121.77013046, 45.6181118380001], [-121.770131623, 45.618082169], [-121.770126105, 45.618052075], [-121.770130346, 45.6180224820001], [-121.770122324, 45.6179923340001], [-121.770107435, 45.6179623580001], [-121.770077889, 45.6179391750001], [-121.770065358, 45.617927841], [-121.770037709, 45.617902832], [-121.770036957, 45.6179028670001], [-121.769999562, 45.6179046010001], [-121.769975313, 45.617905723], [-121.769961344, 45.6178679770001], [-121.769959205, 45.617835395], [-121.769935715, 45.6177939630001], [-121.769913995, 45.6177628200001], [-121.769926973, 45.6177173460001], [-121.769965469, 45.6177017960001], [-121.76996318, 45.6176614830001], [-121.769947167, 45.617633063], [-121.769942523, 45.617602672], [-121.769939179, 45.617573737], [-121.769948144, 45.6175412200001], [-121.76995121, 45.6175301010001], [-121.769950384, 45.6175260750001], [-121.769944496, 45.6174974040001], [-121.769937723, 45.6174600740001], [-121.769934821, 45.6174273770001], [-121.769925459, 45.617408681], [-121.769921613, 45.6174010030001], [-121.76991964, 45.617400306], [-121.769882861, 45.6173873010001], [-121.769885822, 45.6173576790001], [-121.76988176, 45.61732534], [-121.769869939, 45.61728537], [-121.769892689, 45.61725905], [-121.769893451, 45.6172306390001], [-121.769856449, 45.6172225], [-121.769837064, 45.617218236], [-121.769831367, 45.617216969], [-121.769794216, 45.6172087090001], [-121.769792327, 45.6171755240001], [-121.769811585, 45.6171482870001], [-121.769824947, 45.6171316150001], [-121.76983195, 45.6171228760001], [-121.769843132, 45.617097937], [-121.769850605, 45.617081274], [-121.76985007, 45.617040058], [-121.769848527, 45.617029281], [-121.769847192, 45.617019951], [-121.769843572, 45.616994671], [-121.769828816, 45.6169692030001], [-121.769814516, 45.6169328030001], [-121.769814863, 45.616915782], [-121.7698189, 45.6168882000001], [-121.769826656, 45.6168630720001], [-121.769850004, 45.616847416], [-121.769888236, 45.6168303250001], [-121.769909517, 45.6167955000001], [-121.769936167, 45.6167566510001], [-121.769950408, 45.6167266140001], [-121.769939869, 45.6166881770001], [-121.769954133, 45.6166484030001], [-121.769930852, 45.616604249], [-121.769946637, 45.616569639], [-121.769964056, 45.6165398100001], [-121.769982383, 45.616511266], [-121.769982177, 45.616476473], [-121.76999564, 45.6164450520001], [-121.769989405, 45.616414117], [-121.769973285, 45.6163880920001], [-121.769971443, 45.616385117], [-121.769961214, 45.6163547400001], [-121.769958844, 45.6163144700001], [-121.769952363, 45.6162749980001], [-121.769948596, 45.6162621080001], [-121.769944325, 45.6162474980001], [-121.769936471, 45.6162406290001], [-121.769912215, 45.616219417], [-121.769907779, 45.616190327], [-121.76992446, 45.6161607120001], [-121.769938871, 45.6161470120001], [-121.769955882, 45.6161308440001], [-121.769963858, 45.6161279140001], [-121.769972091, 45.61612489], [-121.769996847, 45.616115795], [-121.770009226, 45.6160811460001], [-121.770013361, 45.6160446110001], [-121.770015069, 45.6160131980001], [-121.770016612, 45.615995781], [-121.770018494, 45.6159745210001], [-121.770008623, 45.615947518], [-121.769990197, 45.615921255], [-121.769998748, 45.6158914660001], [-121.770011111, 45.6158711], [-121.770006968, 45.6158509900001], [-121.769965107, 45.6158388370001], [-121.769920005, 45.615830332], [-121.769909302, 45.6157909470001], [-121.769900949, 45.6157863670001], [-121.769897531, 45.615784493], [-121.769894909, 45.6157744170001], [-121.769884077, 45.615763212], [-121.769888255, 45.615748841], [-121.76988754, 45.615746098], [-121.769850735, 45.615736143], [-121.769865752, 45.6157097600001], [-121.769865282, 45.6157093730001], [-121.769853516, 45.61568206], [-121.769811036, 45.615671374], [-121.769783681, 45.615691645], [-121.769752997, 45.615708802], [-121.769735217, 45.6157416980001], [-121.76969964, 45.61575585], [-121.769672103, 45.6157334280001], [-121.769633391, 45.615725066], [-121.769603553, 45.615707136], [-121.769567481, 45.615695633], [-121.769526137, 45.6156937970001], [-121.769484763, 45.615687757], [-121.769447036, 45.615690364], [-121.769446481, 45.6156904010001], [-121.769446287, 45.615690414], [-121.769304976, 45.6157001730001], [-121.769182361, 45.615682958], [-121.768906493, 45.6157187310001], [-121.768872764, 45.615716338], [-121.768846701, 45.615706937], [-121.76884381, 45.6156958], [-121.768819968, 45.615678546], [-121.768813292, 45.615668461], [-121.768799618, 45.6156638200001], [-121.768796511, 45.6156527420001], [-121.768793726, 45.615650132], [-121.768794206, 45.6156449580001], [-121.768783966, 45.6156177560001], [-121.768803628, 45.61558999], [-121.768796843, 45.6155607850001], [-121.768806359, 45.6155294210001], [-121.768771393, 45.6155426880001], [-121.768739285, 45.6155288460001], [-121.76873929, 45.6155286210001], [-121.768740293, 45.615517406], [-121.76875088, 45.6155004170001], [-121.768752213, 45.6154702330001], [-121.768776797, 45.615443901], [-121.768774884, 45.615411797], [-121.768741022, 45.615393979], [-121.768743645, 45.6153644190001], [-121.768742455, 45.6153345160001], [-121.768728383, 45.6153058040001], [-121.76871519, 45.61527956], [-121.768736637, 45.6152520050001], [-121.768737695, 45.615245772], [-121.768741761, 45.61522181], [-121.768715021, 45.6151960620001], [-121.768685502, 45.6151707540001], [-121.768654185, 45.615149009], [-121.768679804, 45.615126247], [-121.768676093, 45.6150983360001], [-121.768690238, 45.6150726820001], [-121.768680008, 45.6150667590001], [-121.768657879, 45.615053946], [-121.768619597, 45.6150341150001], [-121.768583069, 45.6150154100001], [-121.768622067, 45.6150111580001], [-121.768662766, 45.615003791], [-121.768664949, 45.6149749590001], [-121.768654526, 45.614945274], [-121.768689774, 45.6149275330001], [-121.768725146, 45.614915813], [-121.768728259, 45.6148882210001], [-121.768714175, 45.6148608250001], [-121.768704157, 45.614834038], [-121.768700313, 45.614801115], [-121.768686609, 45.6147729100001], [-121.76868186, 45.614743236], [-121.768645661, 45.61473004], [-121.768605832, 45.614738442], [-121.768565888, 45.6147321670001], [-121.768527414, 45.6147168730001], [-121.768513199, 45.6146892130001], [-121.768471242, 45.6146857470001], [-121.768423972, 45.614686309], [-121.768403854, 45.6147101920001], [-121.768371058, 45.6147304740001], [-121.768372095, 45.6147596850001], [-121.768376976, 45.614791116], [-121.768382911, 45.6148216120001], [-121.768366226, 45.6148470100001], [-121.768364862, 45.6148831890001], [-121.768373815, 45.614910454], [-121.768333196, 45.6149279910001], [-121.76831885, 45.6149559030001], [-121.768307138, 45.6149867600001], [-121.768286464, 45.615010607], [-121.768287718, 45.615038353], [-121.768281713, 45.615068482], [-121.768276197, 45.6150979830001], [-121.768305045, 45.615120593], [-121.768120201, 45.6151095340001], [-121.768156517, 45.6150990200001], [-121.768149759, 45.6150669840001], [-121.76811025, 45.6150758270001], [-121.768068855, 45.6150888650001], [-121.768055418, 45.615116652], [-121.768025565, 45.615094948], [-121.767983033, 45.615099118], [-121.767954377, 45.6151215530001], [-121.767913054, 45.6151314300001], [-121.767946487, 45.61511224], [-121.767891208, 45.6151171120001], [-121.767903544, 45.615090857], [-121.767904202, 45.6150608900001], [-121.767852805, 45.6150392160001], [-121.767804673, 45.615050662], [-121.767757421, 45.615039419], [-121.767731238, 45.6150188710001], [-121.767691367, 45.615005721], [-121.767676477, 45.6149792080001], [-121.767668627, 45.614950809], [-121.767657595, 45.614923516], [-121.767685103, 45.614897967], [-121.767720027, 45.6148831470001], [-121.767747959, 45.6148541690001], [-121.767767969, 45.6148296540001], [-121.767750587, 45.6148049920001], [-121.76775058, 45.614775685], [-121.767720338, 45.6147539180001], [-121.767681663, 45.6147387340001], [-121.767640321, 45.6147174750001], [-121.76759571, 45.6147157300001], [-121.767555623, 45.6146958690001], [-121.767536392, 45.6146706380001], [-121.767565093, 45.6146517170001], [-121.767602713, 45.6146399610001], [-121.76764041, 45.6146270150001], [-121.767680035, 45.614616653], [-121.767697212, 45.6145876510001], [-121.76771389, 45.6145576260001], [-121.767747791, 45.61452747], [-121.767724278, 45.6145017110001], [-121.767685381, 45.6144833860001], [-121.767666574, 45.6144518360001], [-121.767628221, 45.614432229], [-121.767581123, 45.614414707], [-121.767590394, 45.614385043], [-121.767612803, 45.614361181], [-121.767660656, 45.614353975], [-121.76770234, 45.6143464080001], [-121.767752241, 45.614339483], [-121.767801267, 45.614327695], [-121.767839097, 45.6143350040001], [-121.767884569, 45.614408751], [-121.76790479, 45.614385063], [-121.76792545, 45.614412316], [-121.767960138, 45.614428124], [-121.767974752, 45.614455816], [-121.768018285, 45.614465491], [-121.768033089, 45.6144912450001], [-121.768041969, 45.6145200190001], [-121.768044333, 45.6145482000001], [-121.768055185, 45.614576286], [-121.768081372, 45.6145971990001], [-121.768119779, 45.614581189], [-121.768162127, 45.6145684160001], [-121.768184849, 45.6145454970001], [-121.768187983, 45.614513571], [-121.76818406, 45.614485916], [-121.768164301, 45.614461959], [-121.76814793, 45.6144354730001], [-121.768189622, 45.6144303], [-121.768229935, 45.6144323350001], [-121.768254031, 45.614405945], [-121.768233448, 45.6143800400001], [-121.768252664, 45.614354345], [-121.768250423, 45.6143479950001], [-121.768242145, 45.614324541], [-121.768250313, 45.614295311], [-121.768260983, 45.614265479], [-121.768293508, 45.6142438630001], [-121.768319144, 45.614220059], [-121.768354401, 45.6142043510001], [-121.76839366, 45.6141963860001], [-121.768388322, 45.6142347690001], [-121.768425468, 45.614218613], [-121.768459658, 45.6142042590001], [-121.768464012, 45.6141761760001], [-121.768454039, 45.61414739], [-121.768491594, 45.614137628], [-121.76852623, 45.6141376040001], [-121.768531345, 45.614128528], [-121.768508035, 45.6140529460001], [-121.768534032, 45.6140321770001], [-121.768538924, 45.614081458], [-121.768581823, 45.6140811540001], [-121.768587218, 45.6140830860001], [-121.768620193, 45.6140948940001], [-121.768661413, 45.614092192], [-121.768657944, 45.6140568490001], [-121.76869165, 45.6140739570001], [-121.768723411, 45.614056335], [-121.768747181, 45.614031826], [-121.76876055, 45.614062489], [-121.768798736, 45.6140726140001], [-121.768836553, 45.6140616490001], [-121.768858216, 45.6140336080001], [-121.768888762, 45.6140155420001], [-121.768923088, 45.6140319100001], [-121.768966101, 45.6140350360001], [-121.768999575, 45.6140120900001], [-121.769028871, 45.6139907400001], [-121.769026027, 45.6139567750001], [-121.769042929, 45.613926925], [-121.769037238, 45.613896583], [-121.769042863, 45.6138872230001], [-121.76905392, 45.6138688180001], [-121.769039735, 45.6138414980001], [-121.769034126, 45.6138119570001], [-121.769043028, 45.6137806580001], [-121.769081626, 45.613771393], [-121.769119423, 45.6137732880001], [-121.769121214, 45.613773377], [-121.769146118, 45.613795221], [-121.769189959, 45.6137987800001], [-121.769230369, 45.6138002110001], [-121.769266365, 45.6137846410001], [-121.769307591, 45.6137693590001], [-121.769344203, 45.6137591820001], [-121.769384766, 45.6137615960001], [-121.769412448, 45.6137422050001], [-121.769427886, 45.613715196], [-121.769397161, 45.613693879], [-121.769350952, 45.6136880330001], [-121.769347779, 45.6136731030001], [-121.769344471, 45.613657549], [-121.76938607, 45.613650717], [-121.769397566, 45.61365241], [-121.769426575, 45.613656679], [-121.769467251, 45.61365391], [-121.76951104, 45.6136459250001], [-121.769541876, 45.6136266030001], [-121.769565929, 45.613654642], [-121.769607786, 45.6136584920001], [-121.769653515, 45.61365986], [-121.769701051, 45.6136634110001], [-121.769724764, 45.6136565040001], [-121.769723008, 45.6136415030001], [-121.76971241, 45.613593689], [-121.769688283, 45.6134848290001], [-121.769681558, 45.613481693], [-121.769670665, 45.6134766170001], [-121.769663556, 45.613447319], [-121.769664199, 45.6134183460001], [-121.769499532, 45.6131896530001], [-121.769375904, 45.6128997000001], [-121.769359222, 45.612860578], [-121.769337911, 45.612808247], [-121.769239665, 45.612661825], [-121.769164824, 45.612613851], [-121.769099332, 45.6125718640001], [-121.769081621, 45.612545374], [-121.768979061, 45.6123394410001], [-121.768962809, 45.6123068030001], [-121.768962047, 45.6122128540001], [-121.768871642, 45.61214039], [-121.768893879, 45.6119918470001], [-121.769018612, 45.6116239090001], [-121.769204181, 45.6109908700001], [-121.769234143, 45.6108289570001], [-121.769276385, 45.6105080290001], [-121.769327308, 45.610352214], [-121.769382559, 45.6101831550001], [-121.769459884, 45.6098687850001], [-121.769568392, 45.6095377550001], [-121.769590465, 45.609387326], [-121.76960461, 45.6092909280001], [-121.769703467, 45.6089984230001], [-121.769783461, 45.6086624500001], [-121.769812467, 45.6084923760001], [-121.769821337, 45.6084403630001], [-121.76989779, 45.6083670180001], [-121.769985568, 45.6081179240001], [-121.770203761, 45.6079654970001], [-121.770531207, 45.6077897870001], [-121.770974279, 45.6075612440001], [-121.771658515, 45.607176146], [-121.772144405, 45.606901705], [-121.772343518, 45.606755515], [-121.772753348, 45.606435446], [-121.773076298, 45.606162344], [-121.773386442, 45.6059211510001], [-121.773414359, 45.6058874180001], [-121.773438407, 45.605857846], [-121.773475418, 45.6058496480001], [-121.773491095, 45.6058461750001], [-121.77349298, 45.605830509], [-121.773494841, 45.6058150370001], [-121.773515908, 45.6057862270001], [-121.773532672, 45.60575823], [-121.773550475, 45.605730581], [-121.773578377, 45.6057081330001], [-121.77360735, 45.605685442], [-121.773624394, 45.6056572260001], [-121.773660215, 45.6056454590001], [-121.773682368, 45.6056241360001], [-121.773683548, 45.605623], [-121.773706657, 45.6055976690001], [-121.773719099, 45.6055691650001], [-121.773726504, 45.6055383620001], [-121.773765719, 45.60549682], [-121.773787692, 45.605468048], [-121.773809875, 45.605443419], [-121.773834873, 45.6054317590001], [-121.77384473, 45.6054271610001], [-121.77387303, 45.605394835], [-121.773900092, 45.6053773080001], [-121.773907468, 45.6053725310001], [-121.773949261, 45.605360252], [-121.773965927, 45.605334584], [-121.773974756, 45.605302872], [-121.773988764, 45.605276292], [-121.773995217, 45.6052640450001], [-121.774018657, 45.6052422380001], [-121.774020488, 45.605240533], [-121.774021108, 45.6052394450001], [-121.774039182, 45.605207695], [-121.77405711, 45.6051984310001], [-121.77407651, 45.605188406], [-121.774103064, 45.6051602260001], [-121.774135058, 45.605126297], [-121.774168674, 45.6051023270001], [-121.774196936, 45.6050717270001], [-121.77421958, 45.605047975], [-121.774234207, 45.6050217160001], [-121.774262427, 45.604998564], [-121.774279575, 45.604961684], [-121.774295361, 45.6049320210001], [-121.774301861, 45.6049196010001], [-121.774309607, 45.6049048090001], [-121.774326568, 45.6048914510001], [-121.774355019, 45.6048690530001], [-121.77436535, 45.6048472750001], [-121.774367667, 45.6048423940001], [-121.77437283, 45.6048387540001], [-121.774407885, 45.604814047], [-121.774435727, 45.604776445], [-121.774458378, 45.6047519780001], [-121.774489251, 45.604718215], [-121.774509858, 45.604694565], [-121.774539867, 45.604668508], [-121.774568442, 45.60464712], [-121.774585498, 45.6046207740001], [-121.774605077, 45.6045949700001], [-121.774643537, 45.6045612390001], [-121.77467063, 45.604540243], [-121.774705462, 45.6045149920001], [-121.774715673, 45.6044809100001], [-121.774743304, 45.6044589360001], [-121.774755837, 45.6044310290001], [-121.774781249, 45.6044058900001], [-121.774807306, 45.6043707810001], [-121.774825252, 45.6043326550001], [-121.774848415, 45.6043091180001], [-121.7748715, 45.604286438], [-121.774899811, 45.604252472], [-121.774924616, 45.604226161], [-121.774954908, 45.604192975], [-121.774976563, 45.6041684050001], [-121.774994353, 45.6041404810001], [-121.775010316, 45.6041124970001], [-121.775011089, 45.6041111420001], [-121.775011911, 45.6041106800001], [-121.775046258, 45.604091371], [-121.775076213, 45.6040703530001], [-121.775095805, 45.604044404], [-121.775125569, 45.6040084460001], [-121.775142447, 45.6039815940001], [-121.775164915, 45.6039568830001], [-121.775193846, 45.6039261870001], [-121.775220159, 45.6038913780001], [-121.775238247, 45.603866022], [-121.775257373, 45.6038406430001], [-121.775262861, 45.603824778], [-121.775267443, 45.60381153], [-121.775295687, 45.6037873820001], [-121.775324322, 45.6037660280001], [-121.775341067, 45.6037382100001], [-121.775362251, 45.603712171], [-121.775391956, 45.603688737], [-121.775430579, 45.6036714470001], [-121.775455109, 45.6036434440001], [-121.775484931, 45.603619526], [-121.775525303, 45.6036014950001], [-121.775562384, 45.6035860790001], [-121.775593114, 45.6035656540001], [-121.775615842, 45.603541158], [-121.77562495, 45.603535799], [-121.775649567, 45.603521319], [-121.775682748, 45.6034988600001], [-121.775709968, 45.6034731280001], [-121.775745559, 45.6034520160001], [-121.775778239, 45.603429067], [-121.775814387, 45.6034109940001], [-121.775846226, 45.6033874490001], [-121.775874129, 45.6033680620001], [-121.775918343, 45.6033520880001], [-121.775953765, 45.603327732], [-121.775987557, 45.6033008200001], [-121.776051396, 45.603278876], [-121.776086707, 45.603264134], [-121.776136409, 45.6032459570001], [-121.776178487, 45.603227711], [-121.77622677, 45.603198182], [-121.776268879, 45.6031754110001], [-121.776316623, 45.6031622530001], [-121.776364977, 45.6031418960001], [-121.77639494, 45.603118157], [-121.776422963, 45.603098387], [-121.77646808, 45.6030762760001], [-121.776504164, 45.6030607370001], [-121.776544459, 45.603043223], [-121.776587512, 45.603022724], [-121.77662029, 45.603006812], [-121.776649934, 45.6029805570001], [-121.776685014, 45.602967698], [-121.776716406, 45.6029476100001], [-121.776760096, 45.6029299080001], [-121.776781021, 45.6029018190001], [-121.77683023, 45.602880955], [-121.77685079, 45.602875334], [-121.776868566, 45.6028650430001], [-121.776903343, 45.602842009], [-121.77695151, 45.602817015], [-121.776987327, 45.602792949], [-121.777029694, 45.602778631], [-121.777062041, 45.6027519840001], [-121.777088974, 45.6027317730001], [-121.777132232, 45.6027028290001], [-121.777133766, 45.6027013620001], [-121.777162927, 45.602673431], [-121.777209595, 45.602656972], [-121.777232604, 45.602622352], [-121.777275877, 45.602597578], [-121.777309023, 45.602578603], [-121.777339652, 45.6025449620001], [-121.777367951, 45.6025301860001], [-121.777380724, 45.6025235170001], [-121.777413281, 45.6024941090001], [-121.777447869, 45.6024770860001], [-121.777499082, 45.6024570260001], [-121.777531508, 45.602439711], [-121.777577654, 45.602420475], [-121.777593385, 45.602412922], [-121.7776069, 45.6024102330001], [-121.777630002, 45.6023927580001], [-121.777656895, 45.6023724190001], [-121.777682394, 45.60235313], [-121.777693159, 45.6023449850001], [-121.777720724, 45.602327664], [-121.777776342, 45.6022927130001], [-121.777817402, 45.6022669110001], [-121.777844823, 45.602249799], [-121.777891389, 45.6022207410001], [-121.777932077, 45.602195351], [-121.777939765, 45.6021892460001], [-121.777989629, 45.602149647], [-121.778025393, 45.60213757], [-121.778051188, 45.6021288580001], [-121.778084594, 45.6021175770001], [-121.778118833, 45.6020984400001], [-121.778146918, 45.602082743], [-121.778172727, 45.602068321], [-121.77821064, 45.602047128], [-121.77823783, 45.602031932], [-121.778351783, 45.601968244], [-121.778374116, 45.6019530390001], [-121.778406352, 45.6019310900001], [-121.778435026, 45.6019115650001], [-121.778476071, 45.601883619], [-121.778500435, 45.6018670290001], [-121.778536045, 45.6018427830001], [-121.778543144, 45.6018379500001], [-121.778546576, 45.6018346180001], [-121.778559255, 45.6018223070001], [-121.778585173, 45.6017971410001], [-121.778615159, 45.601768028], [-121.778651764, 45.6017324850001], [-121.778669839, 45.6017149350001], [-121.778677956, 45.6017070510001], [-121.778734699, 45.601675255], [-121.778840184, 45.6016161470001], [-121.779069098, 45.6014928700001], [-121.779128847, 45.601460353], [-121.77920805, 45.6014172450001], [-121.779212187, 45.601414994], [-121.779286289, 45.60147534], [-121.779275717, 45.6015281640001], [-121.779262118, 45.601536761], [-121.77919482, 45.601579305], [-121.77930718, 45.601598777], [-121.779406044, 45.601670319], [-121.779414331, 45.6016886950001], [-121.779466547, 45.601694787], [-121.779516389, 45.601771016], [-121.779528116, 45.6018589720001], [-121.77944194, 45.6018959040001], [-121.779433736, 45.601936897], [-121.779342799, 45.602014244], [-121.779315924, 45.602161869], [-121.779155587, 45.602230585], [-121.778933454, 45.6022248720001], [-121.778858159, 45.602278986], [-121.778740564, 45.602421555], [-121.77864297, 45.6024755030001], [-121.778521461, 45.6025207370001], [-121.778423591, 45.6025873730001], [-121.778332298, 45.602628698], [-121.778235163, 45.6026615010001], [-121.778126162, 45.6026857160001], [-121.77797471, 45.6027221670001], [-121.777769032, 45.602758038], [-121.777591917, 45.602866127], [-121.777499888, 45.602941286], [-121.777383209, 45.6030415610001], [-121.777290535, 45.6031463240001], [-121.777240955, 45.6032092460001], [-121.777034999, 45.6032578030001], [-121.776997562, 45.6033166240001], [-121.776899782, 45.603379031], [-121.776844913, 45.603408055], [-121.776717099, 45.603465908], [-121.776595586, 45.603511138], [-121.776473795, 45.603569056], [-121.776363412, 45.603656707], [-121.77627814, 45.6036980960001], [-121.776183307, 45.6037177870001], [-121.776182286, 45.6037647050001], [-121.776086167, 45.6038496960001], [-121.776056182, 45.6038626430001], [-121.776075881, 45.6038892880001], [-121.775977603, 45.6040735120001], [-121.775860765, 45.604244302], [-121.775765651, 45.604282986], [-121.775668092, 45.604434133], [-121.775562471, 45.6045832510001], [-121.775606414, 45.6045998880001], [-121.775646659, 45.604624017], [-121.7756704, 45.6046326680001], [-121.77569704, 45.6046332510001], [-121.775715951, 45.6046462630001], [-121.775725468, 45.6046617220001], [-121.775750844, 45.6046629430001], [-121.775764013, 45.6046724730001], [-121.775774082, 45.604688331], [-121.775793169, 45.604701424], [-121.775838798, 45.6047192720001], [-121.775857887, 45.6047309890001], [-121.77586961, 45.604747769], [-121.775892226, 45.604754761], [-121.775911616, 45.6047669970001], [-121.775922227, 45.6047782680001], [-121.775937954, 45.6047860570001], [-121.775948565, 45.6047973280001], [-121.775946388, 45.6048155650001], [-121.775927186, 45.6048286380001], [-121.775917381, 45.604844561], [-121.775898179, 45.6048576330001], [-121.775873201, 45.6048604760001], [-121.775866623, 45.6048747840001], [-121.77584805, 45.6048825130001], [-121.775808558, 45.604906729], [-121.775786674, 45.60491505], [-121.77551968, 45.6049130210001], [-121.775469548, 45.6049030950001], [-121.775443281, 45.6049009170001], [-121.775418036, 45.6048947080001], [-121.775397472, 45.60488336], [-121.77534766, 45.604869842], [-121.775252699, 45.604835232], [-121.775186775, 45.604824309], [-121.775119929, 45.604931148], [-121.77508145, 45.604991603], [-121.7750926, 45.6049929430001], [-121.775142031, 45.605031029], [-121.775164371, 45.605038472], [-121.775200317, 45.605088666], [-121.775206134, 45.605106477], [-121.775224402, 45.605120055], [-121.775233739, 45.6051359910001], [-121.775273253, 45.6051593610001], [-121.775282943, 45.605196291], [-121.775324711, 45.605241118], [-121.775347903, 45.6052749570001], [-121.77536222, 45.6053101680001], [-121.775379945, 45.6053184300001], [-121.775410985, 45.6053670000001], [-121.77542755, 45.6053814860001], [-121.775423465, 45.605569223], [-121.775221855, 45.605743595], [-121.775299897, 45.6057850670001], [-121.775318118, 45.605973227], [-121.775191999, 45.6061285110001], [-121.775026106, 45.6061793060001], [-121.774912503, 45.6063054790001], [-121.774886306, 45.606332561], [-121.77488435, 45.606369763], [-121.774862105, 45.6063952740001], [-121.774781523, 45.6064408840001], [-121.774758903, 45.606450518], [-121.774733863, 45.606454833], [-121.774675028, 45.6064928150001], [-121.774650572, 45.606499839], [-121.774618791, 45.6065239220001], [-121.774613084, 45.606541088], [-121.774589374, 45.6065716910001], [-121.774585278, 45.6065893460001], [-121.77453698, 45.606625852], [-121.774522063, 45.606660149], [-121.774502082, 45.606668106], [-121.774485336, 45.606682461], [-121.774421034, 45.6067602700001], [-121.774419728, 45.60682023], [-121.774573573, 45.6068580690001], [-121.774466693, 45.607154532], [-121.774332994, 45.607145266], [-121.774279587, 45.607116246], [-121.774212651, 45.607133391], [-121.774124695, 45.6071011400001], [-121.774107103, 45.6070425030001], [-121.774118832, 45.6069721380001], [-121.774183437, 45.606964723], [-121.774202579, 45.6069044390001], [-121.77414815, 45.6068929780001], [-121.774124695, 45.6068753870001], [-121.774048467, 45.606851932], [-121.774019148, 45.6068226130001], [-121.774016355, 45.606775144], [-121.773982556, 45.6067597810001], [-121.773921394, 45.606716093], [-121.773890813, 45.606790362], [-121.773886443, 45.606877739], [-121.773781594, 45.6068690010001], [-121.773716059, 45.606816575], [-121.773637978, 45.60671617], [-121.773505543, 45.6068220650001], [-121.773421944, 45.6069262020001], [-121.773351007, 45.6070464570001], [-121.773240176, 45.6070566830001], [-121.773151223, 45.607020854], [-121.773018693, 45.6070458980001], [-121.772937292, 45.6070947760001], [-121.772937292, 45.6071128680001], [-121.772931981, 45.607171287], [-121.77296661, 45.6071890960001], [-121.773034043, 45.607197892], [-121.773239273, 45.607230142], [-121.773280319, 45.6072418690001], [-121.77331257, 45.607271188], [-121.773286182, 45.6073356890001], [-121.773174772, 45.607309302], [-121.773119067, 45.6072741200001], [-121.77301352, 45.6072477330001], [-121.77296661, 45.6072360060001], [-121.772918328, 45.607231407], [-121.772907972, 45.6072535970001], [-121.772834676, 45.6072858470001], [-121.772696879, 45.6073356890001], [-121.772671855, 45.6073356890001], [-121.77262374, 45.6074320590001], [-121.772589117, 45.6074599030001], [-121.772617719, 45.6075028050001], [-121.772652901, 45.607590761], [-121.772644104, 45.607628875], [-121.772590645, 45.607664997], [-121.772564945, 45.6077549450001], [-121.772461382, 45.6077737780001], [-121.772447672, 45.607784264], [-121.772350919, 45.6078047870001], [-121.772342125, 45.60774615], [-121.772389033, 45.607687512], [-121.772488717, 45.607655262], [-121.772523899, 45.6075878290001], [-121.772526831, 45.60752626], [-121.772526831, 45.607509995], [-121.772518186, 45.6075169470001], [-121.772309816, 45.6075610280001], [-121.772206796, 45.6075319380001], [-121.772182513, 45.6075683620001], [-121.772154367, 45.6076040130001], [-121.772148739, 45.607637788], [-121.772084941, 45.6076509230001], [-121.772042043, 45.6076331720001], [-121.772041126, 45.6076343010001], [-121.772130929, 45.6077982690001], [-121.771989992, 45.6079954040001], [-121.771978881, 45.6079997030001], [-121.77197611, 45.6080149430001], [-121.771944211, 45.6080693580001], [-121.771908561, 45.608101257], [-121.771850392, 45.608103133], [-121.771850392, 45.608061853], [-121.771835382, 45.608024325], [-121.771818493, 45.6079867970001], [-121.7717962, 45.6079592580001], [-121.77179189, 45.607965715], [-121.771644055, 45.6080555390001], [-121.771644413, 45.6080615480001], [-121.771724674, 45.6080712340001], [-121.771775336, 45.6080956280001], [-121.771764078, 45.6081537970001], [-121.771741561, 45.60816693], [-121.771724674, 45.6082007050001], [-121.771724674, 45.6082551210001], [-121.771674011, 45.608245739], [-121.771666505, 45.6082326040001], [-121.771645864, 45.6081950760001], [-121.771632298, 45.6081656800001], [-121.771496345, 45.6082308690001], [-121.771486372, 45.608272008], [-121.771420698, 45.608268256], [-121.771409543, 45.6082519510001], [-121.771371312, 45.608299726], [-121.771377541, 45.608347064], [-121.771386923, 45.608371457], [-121.771370036, 45.6084239960001], [-121.771304362, 45.6084239960001], [-121.771261204, 45.608347064], [-121.771263178, 45.6083371980001], [-121.771152148, 45.6083360040001], [-121.771106221, 45.608354391], [-121.77110189, 45.6085526790001], [-121.77099185, 45.60864996], [-121.77083401, 45.608542863], [-121.770804414, 45.6086696350001], [-121.77080128, 45.60881312], [-121.770800954, 45.6088280180001], [-121.770966183, 45.6088452130001], [-121.770931288, 45.6089522770001], [-121.770788383, 45.6090719270001], [-121.770733676, 45.6090665290001], [-121.770714264, 45.6090906200001], [-121.77074908, 45.6090926250001], [-121.770822029, 45.6092059000001], [-121.770781002, 45.609357651], [-121.770795807, 45.6095430870001], [-121.770803498, 45.6096225740001], [-121.770696925, 45.609753767], [-121.770590205, 45.6098915760001], [-121.770579044, 45.609970859], [-121.770500458, 45.6101155900001], [-121.770385758, 45.610187141], [-121.770233643, 45.610245057], [-121.770138952, 45.6102638880001], [-121.770136637, 45.6103697360001], [-121.77010561, 45.610418468], [-121.770212244, 45.610578058], [-121.770203387, 45.6106656520001], [-121.770174039, 45.6106873620001], [-121.770395001, 45.610689741], [-121.770414056, 45.610708866], [-121.770452121, 45.610719697], [-121.770535712, 45.6107205970001], [-121.770576517, 45.6107260590001], [-121.770776213, 45.610767029], [-121.770817967, 45.6107676450001], [-121.770929124, 45.610798183], [-121.770970921, 45.6107986320001], [-121.771004377, 45.61081262], [-121.771047027, 45.6108419870001], [-121.771067418, 45.6108654710001], [-121.771087166, 45.610918289], [-121.771084841, 45.61097664], [-121.77106448, 45.61099999], [-121.771054193, 45.611026398], [-121.771018292, 45.611036385], [-121.771000449, 45.6110604990001], [-121.770418833, 45.6110567580001], [-121.770394803, 45.6110357520001], [-121.770365436, 45.6110268400001], [-121.770303588, 45.6110261750001], [-121.770290397, 45.6110992650001], [-121.770222389, 45.611191171], [-121.770214734, 45.611194745], [-121.770232144, 45.6112554200001], [-121.770105315, 45.611341742], [-121.769882928, 45.6113539620001], [-121.769736238, 45.6113962260001], [-121.769701382, 45.6113976620001], [-121.769669027, 45.6114895950001], [-121.769751692, 45.611589741], [-121.76969065, 45.6117942110001], [-121.769701084, 45.612081914], [-121.769865889, 45.6120975970001], [-121.769928983, 45.612181826], [-121.769910818, 45.6122724900001], [-121.769915745, 45.61227968], [-121.769963236, 45.612433122], [-121.770063833, 45.6124491190001], [-121.770214152, 45.6125039070001], [-121.770113784, 45.612639544], [-121.770100518, 45.6126404350001], [-121.770076244, 45.6126610740001], [-121.770086166, 45.6126785340001], [-121.770131708, 45.6127518120001], [-121.770177825, 45.6127986280001], [-121.770780672, 45.6127203340001], [-121.770876148, 45.612668844], [-121.770881728, 45.61266755], [-121.770882129, 45.6126491900001], [-121.770899077, 45.6126316570001], [-121.77090463, 45.6125760790001], [-121.770926677, 45.612523712], [-121.770947556, 45.612500518], [-121.770951929, 45.6123246760001], [-121.771015586, 45.6122813490001], [-121.771056642, 45.6122812630001], [-121.771210881, 45.6122535810001], [-121.771279789, 45.612278324], [-121.771286803, 45.612305528], [-121.771374342, 45.612358032], [-121.771408251, 45.612371287], [-121.771405274, 45.61217802], [-121.771599824, 45.612213968], [-121.772173875, 45.6123194890001], [-121.772547712, 45.6123643500001], [-121.772340103, 45.6122634910001], [-121.77246606, 45.6122024650001], [-121.772823173, 45.6121869890001], [-121.772891319, 45.612126393], [-121.772891643, 45.612125093], [-121.772894242, 45.6121237940001], [-121.772915354, 45.6121050200001], [-121.772749592, 45.611997079], [-121.772966735, 45.6119058290001], [-121.773429971, 45.612095186], [-121.773609841, 45.611981568], [-121.773690325, 45.6119940390001], [-121.773775928, 45.612026588], [-121.773950114, 45.6120338850001], [-121.774013531, 45.612101022], [-121.774460935, 45.612123265], [-121.774654907, 45.6122594020001], [-121.774197775, 45.612402989], [-121.774327776, 45.6124419110001], [-121.774470469, 45.6125281700001], [-121.774456725, 45.6125990890001], [-121.774463751, 45.612651527], [-121.774350459, 45.6127265390001], [-121.774245727, 45.6127815940001], [-121.774212623, 45.6128311840001], [-121.774144379, 45.612860418], [-121.774094789, 45.612873343], [-121.774115095, 45.6128886020001], [-121.774143325, 45.612936855], [-121.774133911, 45.6129632340001], [-121.774105613, 45.6130425270001], [-121.7741196, 45.613069975], [-121.774080089, 45.6131491100001], [-121.774092259, 45.613154412], [-121.774202671, 45.6132543690001], [-121.774089103, 45.613299242], [-121.774126194, 45.6133193950001], [-121.774236893, 45.6134061820001], [-121.774167788, 45.613563474], [-121.773921746, 45.613659603], [-121.773865409, 45.613745018], [-121.773911096, 45.6137989530001], [-121.773901609, 45.6139157690001], [-121.773858801, 45.6139688960001], [-121.773753109, 45.614040835], [-121.773634705, 45.61405905], [-121.773612186, 45.614136753], [-121.773596608, 45.6142145310001], [-121.773568105, 45.6142483250001], [-121.773525084, 45.614311194], [-121.773427183, 45.6143442430001], [-121.773198587, 45.6143223020001], [-121.773138252, 45.6142242230001], [-121.773056033, 45.614174624], [-121.772967196, 45.6141103420001], [-121.772953267, 45.6140210470001], [-121.772894512, 45.614014904], [-121.772915837, 45.614028235], [-121.772915609, 45.614038717], [-121.77291354, 45.614058277], [-121.772906196, 45.614127744], [-121.772887256, 45.614311039], [-121.772833182, 45.6143355070001], [-121.772854905, 45.614391186], [-121.772838652, 45.6144184820001], [-121.772681519, 45.6144442620001], [-121.772580492, 45.614410213], [-121.77256021, 45.6143892010001], [-121.772506506, 45.6143654620001], [-121.772468725, 45.6144411230001], [-121.772453651, 45.614487813], [-121.772648655, 45.6145153300001], [-121.772780151, 45.614588165], [-121.772817008, 45.614692947], [-121.77276801, 45.614785817], [-121.772748478, 45.614807581], [-121.772748519, 45.614807673], [-121.772798103, 45.6148800170001], [-121.772860575, 45.6149480110001], [-121.772949893, 45.6149579470001], [-121.772984774, 45.6150286100001], [-121.773096826, 45.615074129], [-121.773329339, 45.6150711870001], [-121.773358666, 45.6151476300001], [-121.773458067, 45.615208512], [-121.773589284, 45.615231672], [-121.773607152, 45.61524031], [-121.77369095, 45.615202391], [-121.773757419, 45.6151723140001], [-121.773818006, 45.6149754240001], [-121.773941963, 45.6148845700001], [-121.774120337, 45.6148799010001], [-121.774108518, 45.6149917120001], [-121.774096843, 45.615096941], [-121.774309297, 45.615250669], [-121.774523904, 45.61530565], [-121.774568359, 45.615418086], [-121.77471322, 45.61541966], [-121.77480893, 45.6154705120001], [-121.774761195, 45.6155877690001], [-121.774836361, 45.6156927550001], [-121.774821385, 45.6157877150001], [-121.774762223, 45.615836906], [-121.77480025, 45.615869021], [-121.774944622, 45.615858431], [-121.775023942, 45.6158044420001], [-121.775102928, 45.6157723260001], [-121.775165543, 45.615772996], [-121.775220331, 45.6157735850001], [-121.775265613, 45.6157152700001], [-121.775527413, 45.6157575840001], [-121.775705646, 45.6157594950001], [-121.775815812, 45.6157428920001], [-121.77580955, 45.6157276860001], [-121.775825727, 45.6157246280001], [-121.775875502, 45.6157152220001], [-121.77607973, 45.6158161800001], [-121.776287968, 45.615732811], [-121.776290688, 45.6156077320001], [-121.776142889, 45.6155007940001], [-121.776022228, 45.6154402390001], [-121.775949761, 45.615320938], [-121.776055527, 45.6152035470001], [-121.776132864, 45.615099021], [-121.776060397, 45.6149797210001], [-121.77614697, 45.6148818790001], [-121.77631625, 45.614863939], [-121.776318887, 45.6147427170001], [-121.77629053, 45.614701348], [-121.776281736, 45.6146957880001], [-121.776273239, 45.6146794920001], [-121.776223799, 45.614672323], [-121.776202129, 45.614665158], [-121.776202775, 45.6146354410001], [-121.77608836, 45.6146342150001], [-121.775990053, 45.614563086], [-121.775981395, 45.6145568210001], [-121.776010308, 45.6145332150001], [-121.775982493, 45.614505401], [-121.776008491, 45.614310432], [-121.776102838, 45.614329302], [-121.776080318, 45.614298546], [-121.776038918, 45.614242006], [-121.776097348, 45.614143863], [-121.776230926, 45.614145294], [-121.776240414, 45.6141352320001], [-121.776257699, 45.614116901], [-121.776301412, 45.614070542], [-121.776321022, 45.614076912], [-121.776338101, 45.614065542], [-121.776403125, 45.6140356380001], [-121.776443298, 45.6140210990001], [-121.776456766, 45.614011658], [-121.776496968, 45.614026702], [-121.776517517, 45.614030493], [-121.776563097, 45.6139598880001], [-121.776726268, 45.613967668], [-121.776820606, 45.6138860030001], [-121.776886322, 45.6137411510001], [-121.776952036, 45.6135962990001], [-121.777377202, 45.613891962], [-121.777409795, 45.613919181], [-121.777416282, 45.613921734], [-121.777448305, 45.6139080310001], [-121.777499874, 45.6138859640001], [-121.777510312, 45.6138814970001], [-121.777671292, 45.613800629], [-121.777673558, 45.6137550130001], [-121.777676162, 45.6137025900001], [-121.777651138, 45.613689419], [-121.777570053, 45.6136502750001], [-121.77745821, 45.6136502750001], [-121.77737433, 45.6136055380001], [-121.77731841, 45.613580374], [-121.777308746, 45.6135320600001], [-121.777265047, 45.6135188060001], [-121.777191521, 45.613503129], [-121.77717835, 45.613493598], [-121.777151598, 45.613493313], [-121.777137551, 45.6134843790001], [-121.777111677, 45.6134834960001], [-121.777066037, 45.613470158], [-121.77704741, 45.6134566800001], [-121.777021906, 45.6134543680001], [-121.777004564, 45.6134476770001], [-121.776991393, 45.6134381470001], [-121.776991801, 45.6134193730001], [-121.776985616, 45.6134024350001], [-121.776974078, 45.613386919], [-121.776965987, 45.613376041], [-121.77695954, 45.6133579], [-121.776958069, 45.6133581010001], [-121.776941742, 45.613362384], [-121.776932453, 45.6133615850001], [-121.7766381, 45.6133362580001], [-121.776453776, 45.613319034], [-121.776280314, 45.6133019260001], [-121.776227662, 45.6132251130001], [-121.776229983, 45.6131183910001], [-121.776272652, 45.613083552], [-121.776246313, 45.6130285150001], [-121.776195068, 45.6129214360001], [-121.776411618, 45.6128733420001], [-121.776601535, 45.6129088330001], [-121.776610195, 45.612880687], [-121.776657811, 45.6128208320001], [-121.776710715, 45.61275433], [-121.776723786, 45.6127378990001], [-121.776748966, 45.6127316590001], [-121.776738359, 45.612712996], [-121.776793784, 45.6126725730001], [-121.776860078, 45.6126242240001], [-121.776834337, 45.612587423], [-121.77681571, 45.6125739450001], [-121.776812581, 45.6125648070001], [-121.776809877, 45.612556908], [-121.776810285, 45.6125381350001], [-121.776797114, 45.6125286050001], [-121.776798339, 45.612472283], [-121.776811377, 45.612457341], [-121.776812446, 45.6124387670001], [-121.776855599, 45.6123524650001], [-121.776880255, 45.612319137], [-121.776896037, 45.6122859180001], [-121.776909616, 45.612276674], [-121.776922286, 45.61226162], [-121.776942202, 45.6122536280001], [-121.776966586, 45.6122222160001], [-121.776987144, 45.612210341], [-121.777033103, 45.612191232], [-121.777062555, 45.612184884], [-121.777039486, 45.61215808], [-121.777031968, 45.612064042], [-121.777051543, 45.612046633], [-121.777024528, 45.6119539370001], [-121.777044815, 45.6119310070001], [-121.776897137, 45.6119103090001], [-121.776800936, 45.6119103090001], [-121.776768868, 45.6118232700001], [-121.776788089, 45.611765608], [-121.776786979, 45.611764103], [-121.776787387, 45.6117453300001], [-121.776774216, 45.6117358000001], [-121.776777073, 45.611604384], [-121.776794405, 45.6115718460001], [-121.776818578, 45.6115413840001], [-121.776836993, 45.6115336070001], [-121.776888326, 45.6114946760001], [-121.776909894, 45.611483981], [-121.776920472, 45.61147678], [-121.776919846, 45.611476549], [-121.776909344, 45.611462687], [-121.776869424, 45.6114528700001], [-121.776806814, 45.6114233650001], [-121.776788188, 45.611409887], [-121.776781668, 45.611393042], [-121.776779198, 45.6113392350001], [-121.776761631, 45.6113257120001], [-121.776587585, 45.6113880120001], [-121.776413909, 45.611262342], [-121.776393108, 45.6112472900001], [-121.776401469, 45.611217594], [-121.776409832, 45.611187898], [-121.776364326, 45.611176749], [-121.776361596, 45.611176975], [-121.776285711, 45.6111832500001], [-121.776038532, 45.6116481650001], [-121.775550474, 45.611459102], [-121.775465134, 45.6114137800001], [-121.775371895, 45.611183215], [-121.775628136, 45.6107792770001], [-121.775725334, 45.6107194630001], [-121.775822532, 45.6106596490001], [-121.775923192, 45.61066557], [-121.775957114, 45.6106446950001], [-121.775998705, 45.6106700120001], [-121.776051693, 45.6106731290001], [-121.776086478, 45.610619021], [-121.776236905, 45.610717127], [-121.776342165, 45.6107239450001], [-121.776357692, 45.6107249510001], [-121.776377687, 45.610717214], [-121.776418572, 45.6107013930001], [-121.776486822, 45.6106749830001], [-121.776624662, 45.610715403], [-121.776601082, 45.6107872650001], [-121.776811339, 45.6108889270001], [-121.776864078, 45.6109081450001], [-121.776867618, 45.610902396], [-121.776886821, 45.610889323], [-121.776908458, 45.610880556], [-121.776922031, 45.610880702], [-121.776914002, 45.6108061240001], [-121.776971803, 45.610699649], [-121.777097472, 45.61066205], [-121.777291846, 45.610654395], [-121.777519893, 45.610656836], [-121.777479392, 45.6104336720001], [-121.77747245, 45.610395425], [-121.77743889, 45.6102105080001], [-121.777623552, 45.6102983380001], [-121.777691197, 45.610318519], [-121.777742138, 45.610418645], [-121.777739595, 45.6104048560001], [-121.77774041, 45.610367307], [-121.77774385, 45.610357815], [-121.777746578, 45.6103502820001], [-121.777773988, 45.6103183930001], [-121.777781984, 45.610300963], [-121.777805133, 45.6102986450001], [-121.777825368, 45.610287397], [-121.77784796, 45.6102803250001], [-121.777901459, 45.6102808970001], [-121.777915037, 45.610271654], [-121.777995285, 45.6102725120001], [-121.778077099, 45.610305103], [-121.778101202, 45.6103112010001], [-121.778158141, 45.6103502980001], [-121.778181884, 45.610358949], [-121.778206795, 45.61038488], [-121.778229555, 45.6103807170001], [-121.778293293, 45.6103460360001], [-121.778456835, 45.6103008060001], [-121.778571702, 45.6102953230001], [-121.778782315, 45.6102841520001], [-121.778860545, 45.610204454], [-121.779080571, 45.610200094], [-121.779148077, 45.6101739700001], [-121.779187222, 45.6101762220001], [-121.779291332, 45.6101822140001], [-121.779292082, 45.6101828650001], [-121.780099153, 45.6102339890001], [-121.780193916, 45.6102399920001], [-121.780203498, 45.610203874], [-121.780235565, 45.6101752430001], [-121.780326042, 45.6101626450001], [-121.780364981, 45.610168371], [-121.780429277, 45.6101809460001], [-121.780519593, 45.6101608820001], [-121.780823368, 45.6100867850001], [-121.780836893, 45.610079952], [-121.780850592, 45.610065208], [-121.780855331, 45.6100495700001], [-121.780867667, 45.610038128], [-121.780872461, 45.610031195], [-121.780890091, 45.6100056940001], [-121.780931006, 45.609965876], [-121.780933385, 45.6099485280001], [-121.780922246, 45.609937615], [-121.780907043, 45.6099294700001], [-121.780855577, 45.609927515], [-121.780853951, 45.6099101250001], [-121.780846265, 45.609893603], [-121.780821806, 45.6098895980001], [-121.780777091, 45.6098712420001], [-121.780761452, 45.6098572980001], [-121.780758322, 45.609839509], [-121.780748807, 45.609823496], [-121.780730586, 45.6098099060001], [-121.780712366, 45.6097776560001], [-121.780696599, 45.609763383], [-121.780697413, 45.6097258350001], [-121.780685443, 45.6097105050001], [-121.780684768, 45.609692033], [-121.780671716, 45.609677005], [-121.780658951, 45.6096487020001], [-121.780661392, 45.6095360580001], [-121.780674971, 45.609526814], [-121.780681595, 45.60951254], [-121.780695173, 45.6095032950001], [-121.780748506, 45.6095027900001], [-121.780800726, 45.609495033], [-121.78093447, 45.609496461], [-121.780956536, 45.6094689620001], [-121.780957555, 45.6094503740001], [-121.780966747, 45.6094342650001], [-121.780984949, 45.609420889], [-121.780986756, 45.6094031280001], [-121.781019134, 45.6093801010001], [-121.781028939, 45.609364177], [-121.781041528, 45.6093557120001], [-121.780863383, 45.6093095270001], [-121.780785852, 45.609289426], [-121.780670345, 45.6093538040001], [-121.780520276, 45.609352202], [-121.780464326, 45.6093332390001], [-121.780408376, 45.6093142760001], [-121.780368401, 45.609358693], [-121.780182009, 45.6095910130001], [-121.780109082, 45.6096668750001], [-121.780089409, 45.609676361], [-121.780060339, 45.609655423], [-121.780014969, 45.6096232800001], [-121.779874934, 45.609448414], [-121.779545959, 45.609328786], [-121.779187781, 45.6093796210001], [-121.778937808, 45.6093476990001], [-121.778881636, 45.609223904], [-121.778977724, 45.6090147620001], [-121.778985315, 45.608931263], [-121.778959019, 45.608929291], [-121.778868034, 45.6088513030001], [-121.778919389, 45.608698653], [-121.779067445, 45.608596064], [-121.779192896, 45.6085914180001], [-121.77925677, 45.6085381890001], [-121.778976702, 45.608554386], [-121.778866955, 45.6084564290001], [-121.778577107, 45.6083545170001], [-121.778430777, 45.6082671710001], [-121.778326936, 45.6081786070001], [-121.778310762, 45.6080640370001], [-121.778364109, 45.607960233], [-121.778251358, 45.6076558090001], [-121.778359724, 45.6075717050001], [-121.77846809, 45.6074876010001], [-121.778583145, 45.6073524780001], [-121.778555429, 45.6071542180001], [-121.778603753, 45.607011277], [-121.779050672, 45.6068513910001], [-121.779157691, 45.6068275810001], [-121.779214678, 45.6068373360001], [-121.779249585, 45.6068029560001], [-121.779313265, 45.6067689990001], [-121.779348927, 45.6067630360001], [-121.779424673, 45.6067636590001], [-121.779504616, 45.6067212360001], [-121.7793676, 45.6066390180001], [-121.779562597, 45.606474598], [-121.779646879, 45.6062460650001], [-121.779855193, 45.6061345430001], [-121.780094027, 45.6062355820001], [-121.78000036, 45.6061051180001], [-121.780150004, 45.606122994], [-121.780391607, 45.6061183950001], [-121.780474773, 45.6061362980001], [-121.780588705, 45.6061245080001], [-121.780550811, 45.6062135440001], [-121.780721256, 45.606104262], [-121.780648605, 45.6062047090001], [-121.780723784, 45.60618673], [-121.780805143, 45.606121312], [-121.780831955, 45.606055457], [-121.780926282, 45.606006393], [-121.781016239, 45.605908754], [-121.78109181, 45.6057572650001], [-121.781189084, 45.605622924], [-121.781684696, 45.605507377], [-121.781715899, 45.605424069], [-121.781874736, 45.6053191030001], [-121.782061948, 45.605171743], [-121.782224888, 45.6051080880001], [-121.782506754, 45.6050819880001], [-121.782656289, 45.6051118950001], [-121.782786767, 45.6051327120001], [-121.782790872, 45.6051268480001], [-121.782821123, 45.605138192], [-121.782822868, 45.605138471], [-121.782750891, 45.604967382], [-121.782721223, 45.6048968600001], [-121.782678914, 45.6047962910001], [-121.782957032, 45.60480432], [-121.783249155, 45.6050054660001], [-121.78340246, 45.6050074670001], [-121.783696511, 45.6046582860001], [-121.78410496, 45.604827948], [-121.784460605, 45.6051304430001], [-121.784434853, 45.605702668], [-121.784683989, 45.605878037], [-121.784308935, 45.606185291], [-121.784099909, 45.6065088020001], [-121.783996503, 45.6064351370001], [-121.783780299, 45.6066111710001], [-121.783751417, 45.6066909240001], [-121.783736975, 45.606730801], [-121.783722535, 45.606770677], [-121.783476005, 45.606812748], [-121.783428138, 45.6068209160001], [-121.783359878, 45.6068201890001], [-121.783374976, 45.606837732], [-121.783380818, 45.606844519], [-121.78332261, 45.6069704650001], [-121.783184141, 45.6069592540001], [-121.783116696, 45.606870912], [-121.782976333, 45.6069473040001], [-121.782856076, 45.607029186], [-121.782986627, 45.6070556770001], [-121.782991011, 45.6071262450001], [-121.782998334, 45.6072441170001], [-121.782995416, 45.607246763], [-121.783079909, 45.6072891650001], [-121.782994806, 45.607375882], [-121.783117934, 45.6074550810001], [-121.783309351, 45.607583687], [-121.783182223, 45.6076894280001], [-121.783000042, 45.60777511], [-121.782829493, 45.607824275], [-121.782898796, 45.6079340140001], [-121.783033185, 45.6080967710001], [-121.783159527, 45.6082449960001], [-121.783226539, 45.6082059030001], [-121.783406406, 45.608227291], [-121.783459564, 45.6083349530001], [-121.783472029, 45.60835688], [-121.783533161, 45.608360217], [-121.783630031, 45.608475829], [-121.783654753, 45.608505332], [-121.783687565, 45.608507038], [-121.783677267, 45.6084581160001], [-121.783703262, 45.608448368], [-121.783871814, 45.608463025], [-121.78396127, 45.608470804], [-121.783979709, 45.6084724070001], [-121.784002106, 45.6082820400001], [-121.784001945, 45.608281763], [-121.783997799, 45.6082818470001], [-121.783898232, 45.608253399], [-121.783885981, 45.6082444890001], [-121.783755254, 45.6081494150001], [-121.783722759, 45.608051931], [-121.783690265, 45.6079544470001], [-121.783712676, 45.6078479940001], [-121.783688082, 45.607818481], [-121.783722475, 45.6077359380001], [-121.783643222, 45.6076091320001], [-121.783720548, 45.607512474], [-121.783668099, 45.6073430540001], [-121.78382971, 45.6071997610001], [-121.784099865, 45.6072107410001], [-121.784249847, 45.6073318430001], [-121.784347347, 45.6072628040001], [-121.784816928, 45.6076050410001], [-121.784824774, 45.6075635070001], [-121.784929223, 45.6075194110001], [-121.784949094, 45.6074448970001], [-121.784989037, 45.6072951080001], [-121.785092532, 45.607284378], [-121.785190951, 45.6072569560001], [-121.785368061, 45.607316645], [-121.785547205, 45.6074024050001], [-121.785472798, 45.60711789], [-121.785398394, 45.6068333740001], [-121.78534833, 45.6068291970001], [-121.784930841, 45.606802778], [-121.784648429, 45.6066936460001], [-121.784466749, 45.6065315050001], [-121.784559254, 45.6063706620001], [-121.784642632, 45.6062307010001], [-121.784874884, 45.606086185], [-121.785382742, 45.6058789630001], [-121.785396856, 45.605745633], [-121.786277722, 45.6058161870001], [-121.787086696, 45.606157694], [-121.78751159, 45.607279481], [-121.786953361, 45.6073640880001], [-121.78703983, 45.607418856], [-121.787252707, 45.607498433], [-121.787342133, 45.607950223], [-121.787500195, 45.6079104940001], [-121.787422342, 45.6079606710001], [-121.78746633, 45.607973213], [-121.787496428, 45.608051641], [-121.787210072, 45.6082832540001], [-121.78720538, 45.6083597430001], [-121.787234492, 45.6084812830001], [-121.787239683, 45.608502953], [-121.787256307, 45.6085061540001], [-121.787456511, 45.6081652330001], [-121.787673643, 45.608239385], [-121.78777427, 45.6083981960001], [-121.787695081, 45.6087658180001], [-121.787570923, 45.6090369140001], [-121.787522789, 45.6091941550001], [-121.787344612, 45.609212992], [-121.78734632, 45.609240486], [-121.787407243, 45.609271606], [-121.787468167, 45.6093027250001], [-121.787443206, 45.609342795], [-121.787423523, 45.609455306], [-121.787692366, 45.6091412320001], [-121.787801586, 45.609333086], [-121.788626978, 45.6096310720001], [-121.788137249, 45.609959329], [-121.787960316, 45.61011068], [-121.78789806, 45.610225389], [-121.78783647, 45.6103619240001], [-121.787623113, 45.6104558010001], [-121.787552768, 45.610566003], [-121.787530071, 45.6107722420001], [-121.787688968, 45.6110873750001], [-121.787400122, 45.611280654], [-121.787079202, 45.6111358200001], [-121.786822415, 45.6108835530001], [-121.786933913, 45.611028559], [-121.786778296, 45.6109269990001], [-121.7866648, 45.6108109040001], [-121.786677983, 45.6108798610001], [-121.786645675, 45.610870763], [-121.786340158, 45.610872165], [-121.786379391, 45.6110487130001], [-121.786383978, 45.6110831240001], [-121.786402783, 45.6112241550001], [-121.786404058, 45.6112337160001], [-121.786407415, 45.611258895], [-121.786492144, 45.611272582], [-121.786634618, 45.6113076030001], [-121.786759589, 45.611268721], [-121.786997817, 45.611291356], [-121.787111363, 45.6113394720001], [-121.787109698, 45.611416687], [-121.787155499, 45.611409119], [-121.787267953, 45.6114755], [-121.787412789, 45.6116487950001], [-121.787517512, 45.611549472], [-121.787641255, 45.61157023], [-121.787747128, 45.61172513], [-121.787939611, 45.6118478430001], [-121.788156092, 45.611951047], [-121.788178661, 45.61226414], [-121.788101021, 45.612399569], [-121.788217774, 45.6124900620001], [-121.788293764, 45.6124839780001], [-121.78839844, 45.6125886520001], [-121.788368007, 45.612679948], [-121.788381878, 45.6126877500001], [-121.788577881, 45.612798002], [-121.788490426, 45.6128854570001], [-121.789145856, 45.612664533], [-121.789014449, 45.613063509], [-121.788981183, 45.613454995], [-121.788967175, 45.6136198390001], [-121.788727501, 45.6140375940001], [-121.788457744, 45.6142178090001], [-121.788085179, 45.6141584430001], [-121.787941128, 45.6142119960001], [-121.78780265, 45.61416445], [-121.787788323, 45.6141745080001], [-121.787711339, 45.614148835], [-121.787674667, 45.6141733250001], [-121.787560987, 45.6141553160001], [-121.787593488, 45.6141317], [-121.787504873, 45.6141558140001], [-121.787474517, 45.6141332650001], [-121.787529776, 45.6140781340001], [-121.787251615, 45.614135494], [-121.787109776, 45.614129244], [-121.787076642, 45.614159967], [-121.787041538, 45.6141925160001], [-121.787086382, 45.614265388], [-121.78713349, 45.6143419380001], [-121.787151332, 45.6143337190001], [-121.78732653, 45.6142993350001], [-121.787469714, 45.614347971], [-121.787545466, 45.6142392520001], [-121.78770807, 45.614504938], [-121.787823115, 45.6145864420001], [-121.787832597, 45.6147059100001], [-121.78773575, 45.6150110990001], [-121.787853005, 45.6150892690001], [-121.788304597, 45.6150892690001], [-121.788257061, 45.6155646280001], [-121.78793495, 45.6159231950001], [-121.787933085, 45.6160097790001], [-121.78802443, 45.6160836400001], [-121.788059012, 45.6161503610001], [-121.788090493, 45.616211096], [-121.788113452, 45.616255392], [-121.788227497, 45.616242512], [-121.788351492, 45.616282771], [-121.788376507, 45.6164096030001], [-121.788363026, 45.616422433], [-121.788397049, 45.616454463], [-121.788395064, 45.6165466050001], [-121.788397489, 45.6165768650001], [-121.788398667, 45.616591558], [-121.788428346, 45.6165961950001], [-121.788682556, 45.6166859160001], [-121.788723572, 45.6166936070001], [-121.788894698, 45.616725692], [-121.788921812, 45.6167307760001], [-121.788922473, 45.61673075], [-121.789505396, 45.616707465], [-121.789483963, 45.616815407], [-121.789692352, 45.6169009860001], [-121.789851452, 45.61718094], [-121.789918913, 45.617240694], [-121.789903945, 45.6173172000001], [-121.789906806, 45.6173437200001], [-121.789909668, 45.6173702390001], [-121.789918451, 45.6174561190001], [-121.789943953, 45.6173924130001], [-121.790188857, 45.6173664290001], [-121.790205817, 45.617441527], [-121.790310448, 45.617442635], [-121.790391578, 45.617540853], [-121.790417017, 45.6176482180001], [-121.790410736, 45.6176549190001], [-121.790746141, 45.617642941], [-121.790746141, 45.617882197], [-121.790682014, 45.6179677000001], [-121.790746073, 45.6180886650001], [-121.790624107, 45.6181228200001], [-121.790592051, 45.6181155260001], [-121.790590382, 45.618115887], [-121.790588936, 45.6181308650001], [-121.79058796, 45.618140974], [-121.79058131, 45.6182098190001], [-121.790575423, 45.6182707830001], [-121.790534262, 45.618278021], [-121.790524505, 45.61832221], [-121.790711512, 45.618364641], [-121.790711446, 45.6184287090001], [-121.790764571, 45.6184986100001], [-121.790764571, 45.618568511], [-121.790770163, 45.61866078], [-121.790708651, 45.618713905], [-121.790600759, 45.6187065570001], [-121.790500504, 45.6187427260001], [-121.790372789, 45.618732396], [-121.790351845, 45.618767588], [-121.790228698, 45.6187700400001], [-121.790253429, 45.6187959440001], [-121.790267823, 45.6188051330001], [-121.790278658, 45.618822171], [-121.790283853, 45.618858791], [-121.790284445, 45.6188601590001], [-121.790303155, 45.6189033250001], [-121.790387145, 45.618936637], [-121.790403048, 45.618942944], [-121.790427515, 45.6190163090001], [-121.790495132, 45.6190353850001], [-121.790523491, 45.619043386], [-121.790542462, 45.6191218720001], [-121.790550735, 45.619128335], [-121.790610788, 45.619175252], [-121.790710806, 45.6192316720001], [-121.790719834, 45.619236765], [-121.790722083, 45.6192436270001], [-121.790765741, 45.6192460680001], [-121.790789899, 45.619247419], [-121.790842314, 45.6191617850001], [-121.790883718, 45.619171959], [-121.790909788, 45.619250122], [-121.7909097, 45.619254117], [-121.790935498, 45.6192555600001], [-121.790941632, 45.619259049], [-121.7911308, 45.6193666230001], [-121.791137916, 45.6193837660001], [-121.791197205, 45.6193843940001], [-121.791301367, 45.619425704], [-121.791290092, 45.6195060040001], [-121.791344786, 45.61962721], [-121.791317025, 45.6196647460001], [-121.791280839, 45.6197136710001], [-121.791305362, 45.6197718000001], [-121.79131706, 45.619816326], [-121.791355246, 45.619813692], [-121.791446134, 45.619834215], [-121.791452957, 45.6199160950001], [-121.791491815, 45.61991973], [-121.791609636, 45.61993075], [-121.791677154, 45.6199513350001], [-121.791853663, 45.6199514900001], [-121.791921097, 45.6200042630001], [-121.791917774, 45.6200740260001], [-121.791932238, 45.6200747400001], [-121.791956364, 45.620082337], [-121.791977633, 45.620109649], [-121.791978779, 45.6201279920001], [-121.791991836, 45.6201430180001], [-121.791987401, 45.620349531], [-121.791973704, 45.6203642740001], [-121.791954013, 45.6203960980001], [-121.791930352, 45.620401289], [-121.791912115, 45.6204110090001], [-121.79190542, 45.6204286700001], [-121.791871374, 45.6204569810001], [-121.791864294, 45.6204745740001], [-121.791844461, 45.620484881], [-121.791811555, 45.620495336], [-121.791893308, 45.620565243], [-121.791892529, 45.620601589], [-121.791917645, 45.62063821], [-121.791916473, 45.6206927270001], [-121.79204284, 45.620839479], [-121.792210397, 45.620877605], [-121.792287115, 45.620923858], [-121.792246122, 45.621023398], [-121.79219296, 45.621086457], [-121.792263386, 45.6212023200001], [-121.792293041, 45.621251106], [-121.792294712, 45.6213193790001], [-121.79230597, 45.6213117130001], [-121.7924772, 45.6212657400001], [-121.792495509, 45.621247216], [-121.792523893, 45.621218496], [-121.792566354, 45.621175533], [-121.792582688, 45.6210804660001], [-121.792580151, 45.6210750430001], [-121.792582879, 45.6210793560001], [-121.792599496, 45.620982644], [-121.793063214, 45.6207910530001], [-121.793263504, 45.6209171420001], [-121.793288239, 45.620932714], [-121.793295164, 45.620893095], [-121.793302089, 45.620853475], [-121.793333802, 45.620822225], [-121.793365513, 45.620790975], [-121.793436116, 45.6207681400001], [-121.793522441, 45.6206521780001], [-121.79372532, 45.6205741690001], [-121.79384368, 45.6205543140001], [-121.793870021, 45.6204966760001], [-121.79393334, 45.620358122], [-121.793954418, 45.6201011680001], [-121.794149453, 45.6199586590001], [-121.794378182, 45.6198163460001], [-121.794503479, 45.619589381], [-121.79469008, 45.619662229], [-121.794826539, 45.6196189090001], [-121.795823493, 45.620536287], [-121.795903756, 45.620537133], [-121.795954307, 45.6205282770001], [-121.796002838, 45.6205129840001], [-121.796028655, 45.6205102820001], [-121.796071484, 45.6204919560001], [-121.796098239, 45.6204922380001], [-121.796119652, 45.620483075], [-121.796146406, 45.6204833570001], [-121.796159984, 45.6204741110001], [-121.796205755, 45.620460989], [-121.796224958, 45.6204479130001], [-121.79629381, 45.6204285760001], [-121.796315224, 45.620419412], [-121.796368732, 45.6204199760001], [-121.796390147, 45.620410813], [-121.796400743, 45.6204349170001], [-121.796526867, 45.62042187], [-121.796526867, 45.62055472], [-121.796531449, 45.620632598], [-121.796552235, 45.6206923610001], [-121.796587612, 45.620689268], [-121.796689913, 45.6206724620001], [-121.796796938, 45.6206548800001], [-121.796836085, 45.62063714], [-121.796833796, 45.6205776250001], [-121.796998713, 45.6205409770001], [-121.797015355, 45.620585356], [-121.79706348, 45.620583127], [-121.797121751, 45.6205928090001], [-121.79712612, 45.6205887130001], [-121.797134, 45.6205712610001], [-121.79715081, 45.620557461], [-121.797161391, 45.6205417720001], [-121.797195292, 45.6205225730001], [-121.797235625, 45.6205136090001], [-121.797345184, 45.6205433470001], [-121.79740492, 45.6205152480001], [-121.797527641, 45.620517084], [-121.797528617, 45.6205065570001], [-121.797673968, 45.6203717610001], [-121.797755352, 45.6201999350001], [-121.798095016, 45.620188624], [-121.798170645, 45.62008788], [-121.798261881, 45.6200819900001], [-121.79836151, 45.6201401220001], [-121.798386093, 45.6202132390001], [-121.79846606, 45.62021408], [-121.79856562, 45.6202338360001], [-121.798585931, 45.6202432100001], [-121.798619347, 45.6202204530001], [-121.798601137, 45.62013131], [-121.798618778, 45.620076048], [-121.798596475, 45.620057623], [-121.798549566, 45.620057623], [-121.798485768, 45.620055747], [-121.798463252, 45.6200257240001], [-121.798470757, 45.619993826], [-121.798498904, 45.6199713090001], [-121.79854206, 45.6199656800001], [-121.79856833, 45.6199806910001], [-121.798585217, 45.619997578], [-121.798637749, 45.6200194670001], [-121.798803352, 45.6200258600001], [-121.798915939, 45.6200597860001], [-121.799021263, 45.6201216970001], [-121.799019766, 45.620191839], [-121.79888761, 45.620213553], [-121.798867984, 45.6202570830001], [-121.799035348, 45.620304285], [-121.799282541, 45.6202523530001], [-121.79937045, 45.6202580290001], [-121.799513197, 45.6201829950001], [-121.799640011, 45.6201749730001], [-121.799678996, 45.6202221550001], [-121.799650545, 45.620306048], [-121.799549687, 45.6203470830001], [-121.799496578, 45.6203493890001], [-121.799513056, 45.620431781], [-121.799610016, 45.620399026], [-121.799794867, 45.620355418], [-121.799910771, 45.6205008790001], [-121.800016182, 45.620631046], [-121.800166157, 45.620700948], [-121.800152263, 45.6208450460001], [-121.800140423, 45.6209871020001], [-121.800201565, 45.6209489400001], [-121.800451194, 45.6209515620001], [-121.800562965, 45.621032374], [-121.800709964, 45.62105781], [-121.800696071, 45.621177124], [-121.800671679, 45.6212565060001], [-121.800670153, 45.6213281660001], [-121.800736704, 45.6214005400001], [-121.800904531, 45.621513797], [-121.800994939, 45.621501429], [-121.801042731, 45.621419679], [-121.801182797, 45.62123798], [-121.801196351, 45.621134592], [-121.801197708, 45.6210708940001], [-121.801257836, 45.620912246], [-121.801396684, 45.620885978], [-121.801452187, 45.620767592], [-121.801519191, 45.6207250080001], [-121.801490373, 45.6206518770001], [-121.801424497, 45.6205476540001], [-121.801425006, 45.6205237680001], [-121.801430126, 45.6204603570001], [-121.801221193, 45.620445397], [-121.801211537, 45.6202907910001], [-121.801446281, 45.6203242340001], [-121.801470401, 45.620288955], [-121.801474003, 45.620251581], [-121.801515086, 45.6202236010001], [-121.801674908, 45.6201147560001], [-121.8017265, 45.6200796200001], [-121.801943961, 45.62002876], [-121.802113075, 45.6200424200001], [-121.802194339, 45.6199954670001], [-121.802329204, 45.619980808], [-121.802320409, 45.62007756], [-121.802179339, 45.6200891230001], [-121.802221952, 45.6201835090001], [-121.802217027, 45.620255064], [-121.802312192, 45.6203023370001], [-121.802478207, 45.62041314], [-121.8024496, 45.6205400790001], [-121.802343492, 45.6206571170001], [-121.80209572, 45.6207363140001], [-121.802073579, 45.620737805], [-121.802068407, 45.6207892400001], [-121.802131043, 45.620896181], [-121.802149604, 45.621040619], [-121.802028358, 45.621145632], [-121.802019844, 45.62114632], [-121.802007133, 45.6211725490001], [-121.802033984, 45.6212389470001], [-121.802124249, 45.6212637850001], [-121.802328663, 45.6212579640001], [-121.802395897, 45.621298489], [-121.802393354, 45.621417921], [-121.802389271, 45.621422668], [-121.802476353, 45.6214464080001], [-121.80255029, 45.621488019], [-121.802688656, 45.621478697], [-121.802818147, 45.6214800540001], [-121.802986486, 45.6214818180001], [-121.803120759, 45.621528787], [-121.803263565, 45.6214336900001], [-121.803351353, 45.6214483480001], [-121.80367355, 45.6214403000001], [-121.803852821, 45.621579178], [-121.80385039, 45.621587993], [-121.803869258, 45.621592655], [-121.803895614, 45.621611709], [-121.803908674, 45.6216267350001], [-121.803914837, 45.6216444940001], [-121.803929457, 45.621659935], [-121.803934361, 45.6216772330001], [-121.803933962, 45.621696005], [-121.803947023, 45.6217110320001], [-121.803946623, 45.6217298060001], [-121.803956013, 45.621745854], [-121.803964732, 45.6217807510001], [-121.803978487, 45.6218022410001], [-121.803985008, 45.6218124310001], [-121.803994676, 45.62184166], [-121.804022365, 45.6218228020001], [-121.804062953, 45.621823227], [-121.804106759, 45.6217354030001], [-121.804164108, 45.6216483800001], [-121.804302825, 45.621649833], [-121.804301377, 45.621717968], [-121.804410074, 45.621826201], [-121.804519805, 45.6218857650001], [-121.804519509, 45.6218997060001], [-121.804660793, 45.6218671020001], [-121.804863886, 45.621948339], [-121.805270071, 45.622232668], [-121.805412236, 45.6222529770001], [-121.805676255, 45.622415452], [-121.80583873, 45.622516998], [-121.805899658, 45.62272009], [-121.805896817, 45.622722079], [-121.805953866, 45.622771996], [-121.805968819, 45.6229813460001], [-121.805977979, 45.6229910280001], [-121.806120895, 45.6229345150001], [-121.806258375, 45.622994368], [-121.806292618, 45.6230790220001], [-121.806537983, 45.6230463690001], [-121.806545771, 45.6230728140001], [-121.806578527, 45.6231840390001], [-121.806577225, 45.623189316], [-121.806850179, 45.6230447930001], [-121.806803902, 45.622995862], [-121.80690196, 45.6230173760001], [-121.806915378, 45.6230102710001], [-121.806913188, 45.6230198390001], [-121.807310525, 45.623107008], [-121.807673146, 45.6231649270001], [-121.808044892, 45.623023657], [-121.807974382, 45.623149545]]], [[[-121.826821796, 45.640847208], [-121.826766586, 45.6406493690001], [-121.826451864, 45.6406367800001], [-121.826409413, 45.6406403180001], [-121.826297346, 45.640649657], [-121.826286693, 45.6405218190001], [-121.826081299, 45.6405218190001], [-121.82606292, 45.6403931720001], [-121.825911047, 45.640366371], [-121.825808034, 45.640301988], [-121.825769404, 45.640173222], [-121.825782281, 45.640031579], [-121.825949677, 45.6399156900001], [-121.826142826, 45.639889936], [-121.826323116, 45.639873546], [-121.826346326, 45.6398714360001], [-121.826465583, 45.6397834320001], [-121.826564662, 45.6397234510001], [-121.826479792, 45.639623457], [-121.82679606, 45.6395733320001], [-121.826870261, 45.639600317], [-121.826934243, 45.6395259010001], [-121.8268953, 45.6394835950001], [-121.826879754, 45.639476662], [-121.826851758, 45.6394388750001], [-121.82679164, 45.6393577330001], [-121.826785262, 45.6393491250001], [-121.826841986, 45.639291293], [-121.827022985, 45.639263944], [-121.827216235, 45.6393146080001], [-121.827224804, 45.639334659], [-121.827225627, 45.639295233], [-121.827249311, 45.6392728380001], [-121.827332035, 45.639194618], [-121.82730651, 45.6391552200001], [-121.827339168, 45.639083724], [-121.827441481, 45.6390878970001], [-121.82751205, 45.6391198530001], [-121.827526862, 45.639139583], [-121.827664535, 45.639114756], [-121.828012009, 45.639137098], [-121.828010458, 45.639131214], [-121.82802151, 45.639028264], [-121.828071962, 45.6389938930001], [-121.82800243, 45.6389538660001], [-121.827965441, 45.6389816070001], [-121.827726185, 45.6389816070001], [-121.827516835, 45.6387872110001], [-121.827522115, 45.638723865], [-121.827336143, 45.6386944010001], [-121.827240725, 45.638579049], [-121.827157285, 45.6384104470001], [-121.82720716, 45.6382849890001], [-121.827196449, 45.6382421390001], [-121.827224068, 45.6381987], [-121.827354455, 45.638137575], [-121.827436874, 45.6381384220001], [-121.82744915, 45.6381292230001], [-121.827584201, 45.6381351250001], [-121.827740339, 45.6381419480001], [-121.827932775, 45.638231546], [-121.828013798, 45.6383394710001], [-121.828010145, 45.6385146800001], [-121.827992818, 45.6386800120001], [-121.828067918, 45.6387391970001], [-121.828143019, 45.6387983830001], [-121.828225463, 45.6388381720001], [-121.828417175, 45.6388286100001], [-121.828544983, 45.638787189], [-121.828605576, 45.638854472], [-121.828613992, 45.6388421570001], [-121.828780909, 45.6388243970001], [-121.828800533, 45.6388164090001], [-121.828779195, 45.638735436], [-121.828787269, 45.6386818400001], [-121.828859157, 45.6385703390001], [-121.829006126, 45.638527928], [-121.829229195, 45.638505814], [-121.829157201, 45.6383747630001], [-121.829291581, 45.6383015530001], [-121.829306505, 45.638297982], [-121.829306809, 45.638283411], [-121.829364897, 45.638284008], [-121.829420734, 45.638270645], [-121.829637307, 45.638427753], [-121.829763574, 45.6384022020001], [-121.82984602, 45.6383855180001], [-121.829928468, 45.6383688350001], [-121.830120706, 45.638468163], [-121.830242146, 45.638634917], [-121.830405214, 45.6388020960001], [-121.830263617, 45.638936948], [-121.830195642, 45.638980168], [-121.830268282, 45.6391012350001], [-121.830237802, 45.6391404240001], [-121.830340595, 45.6392395490001], [-121.830449984, 45.639318556], [-121.830518554, 45.6393582010001], [-121.830670989, 45.6393694980001], [-121.83082221, 45.6394391970001], [-121.830805871, 45.6395413720001], [-121.830816973, 45.639557531], [-121.830780153, 45.639619463], [-121.830690698, 45.639649703], [-121.830653879, 45.6397116360001], [-121.830605063, 45.6397086870001], [-121.83056371, 45.639772087], [-121.830400064, 45.6398009120001], [-121.830358974, 45.639686118], [-121.830347746, 45.639618], [-121.830238375, 45.6396694690001], [-121.830087045, 45.6395938040001], [-121.829845995, 45.639603075], [-121.829686738, 45.639603075], [-121.829664095, 45.6396485020001], [-121.829608013, 45.6397318], [-121.829498703, 45.6397611790001], [-121.829448143, 45.639754194], [-121.829354559, 45.6398291770001], [-121.82926601, 45.639815807], [-121.829169749, 45.6397462800001], [-121.829046586, 45.6396889390001], [-121.829021501, 45.639613911], [-121.828949416, 45.6396630190001], [-121.828849262, 45.639780381], [-121.828725579, 45.6397479570001], [-121.828719165, 45.639629504], [-121.828862426, 45.6395748940001], [-121.828793326, 45.639480721], [-121.828661153, 45.639429518], [-121.828587771, 45.639540923], [-121.828490472, 45.639521232], [-121.828400884, 45.6395576990001], [-121.82843433, 45.639657738], [-121.828396729, 45.639757047], [-121.82850252, 45.639795518], [-121.82852153, 45.6398231910001], [-121.828582722, 45.6398231910001], [-121.828764557, 45.6398806130001], [-121.828841119, 45.639928464], [-121.828869829, 45.6400145960001], [-121.828716706, 45.640043307], [-121.828649714, 45.6401294390001], [-121.828611433, 45.6402251420001], [-121.828496591, 45.6403017040001], [-121.828209483, 45.6402921330001], [-121.828067723, 45.6402448800001], [-121.828065929, 45.640244282], [-121.827941499, 45.6402155760001], [-121.827858546, 45.640228672], [-121.827868291, 45.640237605], [-121.827958428, 45.640469384], [-121.827726649, 45.640572397], [-121.827494869, 45.6406239030001], [-121.827340351, 45.64071404], [-121.827279788, 45.640732966], [-121.827247673, 45.640880704], [-121.827098136, 45.640850797], [-121.827092155, 45.640834048], [-121.82698449, 45.64092377], [-121.826821796, 45.640847208]]], [[[-121.763813036, 45.614197679], [-121.763775149, 45.614183344], [-121.763732975, 45.6141994320001], [-121.763693606, 45.614190185], [-121.76367526, 45.6141569850001], [-121.763677146, 45.6141266430001], [-121.763712391, 45.6141128410001], [-121.763834658, 45.6139704120001], [-121.763800368, 45.6139024560001], [-121.763722264, 45.6139410960001], [-121.763634856, 45.614082474], [-121.763590114, 45.6140727810001], [-121.763550191, 45.614063098], [-121.763511042, 45.614057674], [-121.763484412, 45.6140361180001], [-121.763440841, 45.614026618], [-121.763407999, 45.6140075660001], [-121.763390464, 45.613973222], [-121.763431112, 45.6139697500001], [-121.763470288, 45.6139663700001], [-121.763464188, 45.613938246], [-121.76343319, 45.6139174640001], [-121.763396882, 45.6138967840001], [-121.763353435, 45.6138893230001], [-121.763340736, 45.6138632820001], [-121.763332857, 45.6138353200001], [-121.763291729, 45.6138302700001], [-121.763250828, 45.6138299580001], [-121.763220764, 45.613810497], [-121.763176865, 45.613818252], [-121.763173305, 45.6138463680001], [-121.763140352, 45.61386191], [-121.763103489, 45.613850315], [-121.763098233, 45.6138775810001], [-121.763100912, 45.613907419], [-121.763097589, 45.613938809], [-121.763065692, 45.6139219080001], [-121.76302474, 45.6139221380001], [-121.762984675, 45.613941046], [-121.762959217, 45.613966342], [-121.762916752, 45.613967271], [-121.762875272, 45.6139737670001], [-121.762835897, 45.613977456], [-121.762798923, 45.6140027280001], [-121.762753577, 45.61401712], [-121.76275744, 45.6139884610001], [-121.762815463, 45.613931468], [-121.762836448, 45.6138736120001], [-121.762785834, 45.6138632500001], [-121.762672262, 45.6138563430001], [-121.76262648, 45.6137938000001], [-121.762660536, 45.6137637210001], [-121.762648111, 45.6137374470001], [-121.76261294, 45.613723839], [-121.762616782, 45.613690203], [-121.762666375, 45.6136800800001], [-121.762675746, 45.6136496920001], [-121.762671727, 45.6136170440001], [-121.762656345, 45.6135867190001], [-121.762616289, 45.6135753820001], [-121.76258113, 45.613562433], [-121.762541943, 45.6135630160001], [-121.76256177, 45.6135870780001], [-121.762551398, 45.613613614], [-121.762551833, 45.613644042], [-121.762558271, 45.6136739950001], [-121.762517737, 45.6136822460001], [-121.762493137, 45.6137051920001], [-121.762458382, 45.6137211720001], [-121.762422728, 45.6137391250001], [-121.762379287, 45.613739094], [-121.762363536, 45.6137130210001], [-121.762367748, 45.613685075], [-121.762366642, 45.6136570310001], [-121.762377156, 45.613626191], [-121.762416078, 45.6136230050001], [-121.762384557, 45.613601977], [-121.762349305, 45.61358505], [-121.762313312, 45.6135711060001], [-121.762276448, 45.6135486220001], [-121.762275154, 45.6135177630001], [-121.762254605, 45.613488756], [-121.762233995, 45.6134653610001], [-121.762260331, 45.613444977], [-121.762220541, 45.6134525690001], [-121.762186718, 45.613423475], [-121.762158277, 45.6134019200001], [-121.762118319, 45.6133922590001], [-121.76207519, 45.613401084], [-121.762037093, 45.613407877], [-121.76199397, 45.6134010530001], [-121.761956374, 45.6133860890001], [-121.761932778, 45.6133601500001], [-121.761913291, 45.6133359080001], [-121.761894406, 45.613307375], [-121.76186984, 45.6132843620001], [-121.761828322, 45.613290368], [-121.761795139, 45.613265352], [-121.761759102, 45.6132445630001], [-121.761723646, 45.6132253260001], [-121.761684969, 45.6132008450001], [-121.761695781, 45.6131731180001], [-121.761732822, 45.6131819330001], [-121.761776851, 45.6131942220001], [-121.761814669, 45.6131852120001], [-121.761842688, 45.6131654970001], [-121.761869235, 45.6131417240001], [-121.761854706, 45.6131162280001], [-121.761828625, 45.613095388], [-121.761812597, 45.6130669460001], [-121.761775726, 45.6130461700001], [-121.761741813, 45.6130204990001], [-121.761714612, 45.6129950710001], [-121.761698432, 45.6129683730001], [-121.761620725, 45.6129610300001], [-121.761601735, 45.6129725320001], [-121.761518073, 45.612987032], [-121.761528138, 45.612963801], [-121.761532578, 45.6129357230001], [-121.761542312, 45.612907254], [-121.761528294, 45.61287809], [-121.761526036, 45.6128472], [-121.761548684, 45.612820206], [-121.761556251, 45.6127637770001], [-121.761565309, 45.612741257], [-121.761565428, 45.61273584], [-121.761565574, 45.6127292420001], [-121.761582723, 45.6126831930001], [-121.761585952, 45.612659502], [-121.761591616, 45.612648161], [-121.761595371, 45.61262463], [-121.761602364, 45.6126138050001], [-121.761604744, 45.612505669], [-121.761609724, 45.612494489], [-121.761609838, 45.6124944420001], [-121.76162223, 45.612489252], [-121.761659647, 45.612464699], [-121.761689618, 45.612455234], [-121.761714203, 45.6124385030001], [-121.761728771, 45.612432428], [-121.761761322, 45.612427407], [-121.761775218, 45.6124206540001], [-121.761786609, 45.6124120160001], [-121.761793788, 45.6124021000001], [-121.761824296, 45.6123931750001], [-121.761838293, 45.612386525], [-121.76185867, 45.612369786], [-121.761883719, 45.6123538800001], [-121.761899217, 45.6123528910001], [-121.761916702, 45.612336472], [-121.761931147, 45.6123323030001], [-121.761947161, 45.612330532], [-121.761981402, 45.612330903], [-121.761997112, 45.612333377], [-121.762020949, 45.612350631], [-121.76203517, 45.612355522], [-121.762080247, 45.612386056], [-121.762112333, 45.612392411], [-121.762125776, 45.6123985660001], [-121.762138792, 45.6124054140001], [-121.762156537, 45.6124243630001], [-121.762170851, 45.6124291], [-121.762187973, 45.6124292860001], [-121.762188392, 45.6124408360001], [-121.762203941, 45.6124439530001], [-121.762218014, 45.6124505500001], [-121.762274636, 45.6124903140001], [-121.762288636, 45.6124955650001], [-121.762300555, 45.6125041920001], [-121.762303732, 45.6125052030001], [-121.762446266, 45.6125015490001], [-121.762510687, 45.6125444960001], [-121.76256795, 45.6125874430001], [-121.762703192, 45.6126659710001], [-121.762712523, 45.6126610920001], [-121.762913314, 45.6125518810001], [-121.76293966, 45.612524509], [-121.762979943, 45.612521638], [-121.763009594, 45.612544341], [-121.763052479, 45.6125488370001], [-121.763095012, 45.6125406410001], [-121.763137169, 45.61253451], [-121.763179886, 45.612539627], [-121.763210637, 45.6125605830001], [-121.763252234, 45.612570975], [-121.763261757, 45.6126058080001], [-121.763277925, 45.6126326840001], [-121.763300237, 45.612657143], [-121.763330923, 45.612676466], [-121.763366645, 45.6126900900001], [-121.763406474, 45.612682809], [-121.763437568, 45.612663421], [-121.763463047, 45.612636647], [-121.763503067, 45.612626714], [-121.763541757, 45.612621441], [-121.76356912, 45.6125969080001], [-121.763569544, 45.6125641], [-121.763562135, 45.612533775], [-121.763550773, 45.612518046], [-121.763540775, 45.612504207], [-121.763537643, 45.6124737480001], [-121.76356164, 45.6124511470001], [-121.763579055, 45.612450924], [-121.763607534, 45.612450558], [-121.763648661, 45.6124609130001], [-121.763689506, 45.612463399], [-121.763724793, 45.612445854], [-121.763758858, 45.6124291080001], [-121.763804081, 45.6124233530001], [-121.763832012, 45.6124439760001], [-121.763807335, 45.612467726], [-121.763789629, 45.612492715], [-121.763803339, 45.6125204420001], [-121.7638487, 45.612535924], [-121.763889435, 45.612542542], [-121.763914864, 45.6125644680001], [-121.763948033, 45.6125799370001], [-121.763980759, 45.6126002760001], [-121.764020477, 45.612598962], [-121.764060287, 45.6125944360001], [-121.764103075, 45.6125979170001], [-121.76414414, 45.6125745300001], [-121.764180682, 45.6125644900001], [-121.764208372, 45.612542293], [-121.764238658, 45.6125198500001], [-121.764276064, 45.6125075420001], [-121.764321934, 45.612517714], [-121.764349303, 45.612538639], [-121.764355824, 45.612567449], [-121.764380089, 45.6125897150001], [-121.764384785, 45.612618561], [-121.764384121, 45.6126460290001], [-121.764399579, 45.612678988], [-121.764415263, 45.6127064940001], [-121.76441004, 45.6127348850001], [-121.764427062, 45.6127663460001], [-121.764461259, 45.6127833190001], [-121.76449459, 45.612790251], [-121.764498833, 45.612791133], [-121.764512296, 45.61286963], [-121.764494441, 45.6128413850001], [-121.764481226, 45.6128519150001], [-121.764468549, 45.6128620170001], [-121.764446599, 45.612888189], [-121.764408555, 45.6128976470001], [-121.764361875, 45.612893801], [-121.764317856, 45.6128812970001], [-121.764280408, 45.612868867], [-121.764250107, 45.612897354], [-121.764273416, 45.6129218410001], [-121.764310748, 45.6129332900001], [-121.764350085, 45.6129282420001], [-121.764368844, 45.6129560250001], [-121.764411373, 45.61294868], [-121.764456356, 45.6129464900001], [-121.764493316, 45.6129604710001], [-121.764533878, 45.612973481], [-121.764570566, 45.6129569220001], [-121.764572774, 45.6129529230001], [-121.764586593, 45.6129278830001], [-121.764611167, 45.6129014680001], [-121.76464621, 45.6129138140001], [-121.764660814, 45.6129407650001], [-121.76464681, 45.6129665180001], [-121.764645397, 45.6129964260001], [-121.764671465, 45.6130175000001], [-121.764704291, 45.6130334170001], [-121.764729912, 45.6130558410001], [-121.764687891, 45.613054506], [-121.764652756, 45.6130666440001], [-121.764614245, 45.6130604150001], [-121.764611785, 45.6130595010001], [-121.764576798, 45.613046507], [-121.764535326, 45.613057692], [-121.764505688, 45.613078037], [-121.764474981, 45.613095005], [-121.764431883, 45.613099649], [-121.764404077, 45.6131199220001], [-121.764427469, 45.6131441430001], [-121.76445137, 45.613166387], [-121.7644826, 45.613183931], [-121.764519421, 45.6132044010001], [-121.764531417, 45.613207672], [-121.764563945, 45.613216541], [-121.764570625, 45.613244605], [-121.76455599, 45.613274974], [-121.764555099, 45.6132768240001], [-121.764554799, 45.6133087260001], [-121.764531158, 45.6133320910001], [-121.76449264, 45.613337743], [-121.764448251, 45.613348467], [-121.764404634, 45.613356497], [-121.764370138, 45.6133747040001], [-121.764329891, 45.6133912650001], [-121.764290891, 45.613394842], [-121.764247182, 45.613401454], [-121.764223659, 45.6134268610001], [-121.764184521, 45.613443294], [-121.764144031, 45.6134556740001], [-121.764114607, 45.613481634], [-121.764078595, 45.613498592], [-121.764033756, 45.613509945], [-121.763989799, 45.613515792], [-121.76394727, 45.6135119470001], [-121.763915885, 45.613537912], [-121.763895316, 45.6135642090001], [-121.763913889, 45.613594133], [-121.763897739, 45.6136320890001], [-121.763909949, 45.613659909], [-121.763912554, 45.6136634100001], [-121.763910475, 45.6136640720001], [-121.763918527, 45.6137157370001], [-121.763926284, 45.613719002], [-121.763909385, 45.6137422350001], [-121.763871665, 45.6137591340001], [-121.763902209, 45.613783563], [-121.763940306, 45.613792242], [-121.763986121, 45.6137918680001], [-121.764023944, 45.613781886], [-121.764066899, 45.6137766680001], [-121.764107715, 45.613777832], [-121.76414468, 45.6137871060001], [-121.764174212, 45.613808449], [-121.764214318, 45.6138156700001], [-121.764246876, 45.6138363750001], [-121.764289746, 45.6138495600001], [-121.764323905, 45.6138644860001], [-121.764332256, 45.613896529], [-121.764324442, 45.6139243910001], [-121.764283505, 45.6139145610001], [-121.764247016, 45.6139255140001], [-121.764216853, 45.613951893], [-121.764175793, 45.6139587710001], [-121.764142481, 45.6139771790001], [-121.764101703, 45.613980213], [-121.764066605, 45.6140049310001], [-121.764055922, 45.614032685], [-121.764032945, 45.614058775], [-121.764013999, 45.614083759], [-121.764010709, 45.614114215], [-121.763986486, 45.6141387870001], [-121.763951523, 45.614154931], [-121.76391363, 45.614168598], [-121.763902608, 45.6142011700001], [-121.76388036, 45.614228661], [-121.763852101, 45.614207924], [-121.763813036, 45.614197679]]], [[[-121.846431238, 45.642655985], [-121.84649823, 45.642770828], [-121.846412097, 45.6427803980001], [-121.846325965, 45.642789969], [-121.846306818, 45.6429745070001], [-121.846217286, 45.643012006], [-121.846159933, 45.643061835], [-121.846057722, 45.6431379380001], [-121.845883061, 45.643168211], [-121.845668807, 45.6431926590001], [-121.845287899, 45.643172416], [-121.845148645, 45.643114294], [-121.845107834, 45.6430096290001], [-121.844968494, 45.642958558], [-121.844943853, 45.6429735080001], [-121.84487934, 45.642939289], [-121.84475628, 45.6428776860001], [-121.844569358, 45.6427803610001], [-121.844454321, 45.642765581], [-121.844334524, 45.6427101520001], [-121.84417978, 45.642607104], [-121.844055658, 45.6425421920001], [-121.844030779, 45.6424405990001], [-121.843913897, 45.6423097950001], [-121.84394901, 45.6421881530001], [-121.84411344, 45.642121194], [-121.844115239, 45.6421213570001], [-121.844114985, 45.642116709], [-121.844197069, 45.642080858], [-121.844240475, 45.642061901], [-121.844383087, 45.6420384190001], [-121.844703067, 45.642029194], [-121.844754945, 45.6420982590001], [-121.844842732, 45.6421489940001], [-121.845038121, 45.64215097], [-121.845197343, 45.6421837340001], [-121.845435856, 45.6422484550001], [-121.845562541, 45.642219405], [-121.845630475, 45.642287809], [-121.845821619, 45.6422681220001], [-121.845894995, 45.6423839450001], [-121.84600981, 45.6424162590001], [-121.846106481, 45.642467084], [-121.846239875, 45.6424769130001], [-121.846278996, 45.642506612], [-121.846348256, 45.642524241], [-121.846345106, 45.6425889930001], [-121.846431238, 45.642655985]]], [[[-121.778017301, 45.604802095], [-121.777981095, 45.6048289060001], [-121.777969095, 45.6048441630001], [-121.77796699, 45.6048624220001], [-121.777945714, 45.60486933], [-121.778057146, 45.6049520940001], [-121.777872049, 45.6049225730001], [-121.777867241, 45.604938163], [-121.777841754, 45.6049401080001], [-121.777790108, 45.605000031], [-121.777789292, 45.6050375780001], [-121.777775715, 45.605046821], [-121.777706406, 45.60506925], [-121.777665289, 45.6050928770001], [-121.777640383, 45.6051024700001], [-121.777634689, 45.605144372], [-121.777566057, 45.6052219540001], [-121.777366931, 45.60527935], [-121.77734432, 45.605306517], [-121.77732512, 45.6053195900001], [-121.777302414, 45.605326458], [-121.777282945, 45.605339056], [-121.777238179, 45.6053539380001], [-121.777220352, 45.605365691], [-121.77720799, 45.605380838], [-121.777181779, 45.6053815010001], [-121.777118358, 45.605411572], [-121.777093752, 45.6054181150001], [-121.777067505, 45.605419426], [-121.777043211, 45.6054269630001], [-121.777016463, 45.605426677], [-121.776965922, 45.6054355250001], [-121.776885682, 45.6054346660001], [-121.776844743, 45.605414711], [-121.776849299, 45.60517086], [-121.776828976, 45.605158986], [-121.776804592, 45.6051521250001], [-121.776793161, 45.6051397700001], [-121.776731341, 45.6050932630001], [-121.77673039, 45.6050562080001], [-121.776711766, 45.60504273], [-121.776693044, 45.6050089570001], [-121.776693452, 45.604990184], [-121.776680847, 45.604954709], [-121.776683704, 45.604823293], [-121.776725015, 45.604803878], [-121.776858746, 45.6048053100001], [-121.776881923, 45.604809646], [-121.776883904, 45.604810017], [-121.776897737, 45.604822821], [-121.776922048, 45.604824767], [-121.77694244, 45.604836081], [-121.776991424, 45.604849201], [-121.777023946, 45.6047953460001], [-121.777109475, 45.60478877], [-121.777119331, 45.6048263330001], [-121.777162919, 45.6048391160001], [-121.777196302, 45.6047794150001], [-121.777262455, 45.6047728080001], [-121.777341005, 45.604764962], [-121.777386942, 45.6047603740001], [-121.77740819, 45.6047582510001], [-121.777408763, 45.6047581940001], [-121.777435478, 45.604778369], [-121.77744044, 45.604774122], [-121.777478769, 45.604724837], [-121.777536373, 45.6046856190001], [-121.777558997, 45.604678999], [-121.777610076, 45.6046355560001], [-121.777633895, 45.6046271590001], [-121.777653874, 45.604614869], [-121.777665046, 45.6045993600001], [-121.777713595, 45.604555712], [-121.777732796, 45.60454264], [-121.77789313, 45.6045441000001], [-121.777927302, 45.604563243], [-121.777951826, 45.604567139], [-121.778012753, 45.604602963], [-121.778013613, 45.604621385], [-121.778050453, 45.6046671140001], [-121.778049457, 45.6047606920001], [-121.778017301, 45.604802095]]], [[[-121.834912704, 45.641231889], [-121.834879634, 45.6411131630001], [-121.834988513, 45.6410792520001], [-121.834978484, 45.6410466570001], [-121.834963305, 45.6409973250001], [-121.834989057, 45.640817052], [-121.835207961, 45.640611027], [-121.83543974, 45.6406239030001], [-121.835465493, 45.64071404], [-121.835465493, 45.6408428060001], [-121.835451576, 45.640859506], [-121.835353936, 45.6410191800001], [-121.835440172, 45.6410690320001], [-121.835501306, 45.641119503], [-121.835615985, 45.641158057], [-121.835696946, 45.6411090350001], [-121.835698108, 45.641052969], [-121.835805584, 45.641010447], [-121.835893103, 45.641073648], [-121.835846891, 45.641160411], [-121.835782917, 45.641246993], [-121.83573761, 45.6412901470001], [-121.835620349, 45.6413761850001], [-121.83553128, 45.641387739], [-121.835517607, 45.6414001470001], [-121.835546874, 45.6414937980001], [-121.835528483, 45.6415085090001], [-121.835608241, 45.6415318360001], [-121.83565226, 45.641550979], [-121.835695246, 45.6416199550001], [-121.835684686, 45.6417008500001], [-121.835569103, 45.6417059020001], [-121.835407693, 45.6417790290001], [-121.835313299, 45.6417819590001], [-121.835256585, 45.641783719], [-121.835205234, 45.641689732], [-121.835089909, 45.641682324], [-121.834949361, 45.6416061210001], [-121.834951944, 45.6414815270001], [-121.834989018, 45.641407133], [-121.834982074, 45.6413135990001], [-121.834912704, 45.641231889]]], [[[-121.767510298, 45.6137717120001], [-121.767470894, 45.6137341840001], [-121.767466011, 45.613723292], [-121.767446395, 45.6137264270001], [-121.76741703, 45.613738718], [-121.76740085, 45.613741535], [-121.767351039, 45.613765034], [-121.767265747, 45.61376289], [-121.767202285, 45.6137449920001], [-121.767190367, 45.6137363650001], [-121.767159251, 45.613729511], [-121.767145745, 45.6137223800001], [-121.767129618, 45.6137205810001], [-121.767117945, 45.613713224], [-121.767110876, 45.613703247], [-121.767099158, 45.6136684700001], [-121.767087085, 45.613646042], [-121.76708526, 45.6136016190001], [-121.767083919, 45.6135689990001], [-121.76703758, 45.6135690070001], [-121.767003562, 45.6135690130001], [-121.766980424, 45.613520646], [-121.766985926, 45.6134361470001], [-121.766978573, 45.613430953], [-121.766962078, 45.6134303420001], [-121.766961714, 45.613418752], [-121.766953364, 45.6134091330001], [-121.76695468, 45.613349059], [-121.766959274, 45.6133401760001], [-121.766993724, 45.613319609], [-121.767022791, 45.6133108160001], [-121.767031483, 45.613304902], [-121.767048604, 45.613305086], [-121.767064155, 45.613300264], [-121.767098076, 45.6132996110001], [-121.767111782, 45.6132937510001], [-121.767197383, 45.6132946750001], [-121.767213967, 45.613295732], [-121.767227946, 45.6133010130001], [-121.767257263, 45.6133209640001], [-121.767297475, 45.6133351120001], [-121.767306874, 45.6133442930001], [-121.767322069, 45.6133498310001], [-121.767322339, 45.613350014], [-121.76734715, 45.613349122], [-121.767366966, 45.613377793], [-121.767373248, 45.6133868810001], [-121.767378201, 45.6133840780001], [-121.767420759, 45.613359996], [-121.767596751, 45.6134057360001], [-121.767756996, 45.6134047470001], [-121.767857479, 45.613435329], [-121.767923012, 45.61354018], [-121.767971068, 45.6135969750001], [-121.767909904, 45.613693089], [-121.76785311, 45.6137498840001], [-121.767682727, 45.613741147], [-121.767639769, 45.613741147], [-121.767611623, 45.6137717120001], [-121.767588351, 45.6137725740001], [-121.767560961, 45.6137735880001], [-121.767510298, 45.6137717120001]]], [[[-121.833625315, 45.6386329060001], [-121.833758913, 45.6386155770001], [-121.833925965, 45.638698285], [-121.83398632, 45.638786135], [-121.833977785, 45.6388892480001], [-121.833974467, 45.638929325], [-121.833869041, 45.639001158], [-121.8338213, 45.639033688], [-121.833599152, 45.6390376510001], [-121.833404681, 45.6389920490001], [-121.83337252, 45.638829715], [-121.833384116, 45.638698984], [-121.833625315, 45.6386329060001]]], [[[-121.772689288, 45.6078346730001], [-121.772789463, 45.6078257240001], [-121.772954149, 45.607850688], [-121.773067506, 45.6078678710001], [-121.773098412, 45.6079856790001], [-121.772814392, 45.6082175830001], [-121.772513011, 45.6082221770001], [-121.772448126, 45.6081274960001], [-121.77239542, 45.607985958], [-121.772554678, 45.6078466980001], [-121.772689288, 45.6078346730001]]], [[[-121.774094527, 45.60784757], [-121.774161462, 45.6078482870001], [-121.774215194, 45.6079428470001], [-121.774108686, 45.6080304160001], [-121.774074302, 45.6081359570001], [-121.773942507, 45.6081670450001], [-121.773727642, 45.608297877], [-121.773593601, 45.6083042710001], [-121.773594817, 45.6082484930001], [-121.77356471, 45.6082445660001], [-121.773482618, 45.608212316], [-121.77348555, 45.6081654060001], [-121.7735178, 45.6081097000001], [-121.773598359, 45.6080858990001], [-121.773598549, 45.6080772010001], [-121.773668045, 45.6079604700001], [-121.773938345, 45.607845894], [-121.774049903, 45.6078470910001], [-121.774094527, 45.60784757]]], [[[-121.841004176, 45.640524434], [-121.84116216, 45.640363871], [-121.841548521, 45.6403723600001], [-121.841659866, 45.640536904], [-121.841587202, 45.64066597], [-121.841444906, 45.640734869], [-121.841205825, 45.6407536130001], [-121.841004176, 45.640524434]]], [[[-121.774139629, 45.610465548], [-121.774139126, 45.6104503], [-121.773998204, 45.6104503], [-121.773743994, 45.610420393], [-121.773743994, 45.610270857], [-121.773893529, 45.61024095], [-121.774147739, 45.610285811], [-121.774247495, 45.6102968960001], [-121.774251114, 45.610296428], [-121.774252664, 45.61029747], [-121.77428232, 45.610300765], [-121.774278167, 45.6103146080001], [-121.774312513, 45.6103376880001], [-121.774307736, 45.6103654520001], [-121.774337508, 45.610365286], [-121.774403954, 45.610418441], [-121.774384807, 45.6104806650001], [-121.774355642, 45.610512816], [-121.774206238, 45.6105112130001], [-121.774139629, 45.610465548]]], [[[-121.774952846, 45.6104007160001], [-121.775085267, 45.6104007160001], [-121.775190844, 45.610404294], [-121.775212319, 45.610479452], [-121.77520695, 45.6105993460001], [-121.77520516, 45.610697767], [-121.775153265, 45.610717451], [-121.775101371, 45.6106959780001], [-121.775053096, 45.6106439750001], [-121.774942109, 45.6106047150001], [-121.774895583, 45.610545662], [-121.774917057, 45.6104221890001], [-121.774952846, 45.6104007160001]]], [[[-121.775888568, 45.6059592730001], [-121.775889933, 45.6058965130001], [-121.775920007, 45.6058449060001], [-121.775884869, 45.6058045020001], [-121.775885683, 45.6057670530001], [-121.775996057, 45.605763241], [-121.776056471, 45.605766385], [-121.77611738, 45.6057980570001], [-121.776144577, 45.605791148], [-121.776153379, 45.605790175], [-121.776162797, 45.6057891340001], [-121.776181417, 45.6057698490001], [-121.776286091, 45.6058296630001], [-121.776271138, 45.6059492910001], [-121.776181417, 45.605979199], [-121.776116557, 45.605914338], [-121.776076954, 45.605954684], [-121.776024612, 45.605980555], [-121.775953734, 45.6059930110001], [-121.775888568, 45.6059592730001]]], [[[-121.775160636, 45.6071126680001], [-121.775058786, 45.6070924310001], [-121.775046161, 45.607094374], [-121.774972301, 45.6070123810001], [-121.77495984, 45.606971645], [-121.774991103, 45.6069350450001], [-121.774983691, 45.6069283350001], [-121.775027886, 45.6068927920001], [-121.775056068, 45.606870127], [-121.775165739, 45.606880378], [-121.775242998, 45.6068948180001], [-121.775279404, 45.6069252290001], [-121.77529401, 45.606939535], [-121.775334761, 45.6069420170001], [-121.775347451, 45.606961588], [-121.775336518, 45.606995225], [-121.775303047, 45.607008082], [-121.775269789, 45.6070208570001], [-121.775265292, 45.607053787], [-121.775247519, 45.6070668930001], [-121.77524255, 45.6070658840001], [-121.775242044, 45.6070891040001], [-121.77516795, 45.6071141210001], [-121.775160636, 45.6071126680001]]], [[[-121.828783697, 45.6382823810001], [-121.828707135, 45.6383015210001], [-121.828606796, 45.63834752], [-121.828524536, 45.6383343430001], [-121.828509805, 45.638243124], [-121.828470526, 45.6382052440001], [-121.828498338, 45.638152436], [-121.828634441, 45.6381538320001], [-121.828634611, 45.63814567], [-121.828672997, 45.6381460630001], [-121.828707136, 45.638100546], [-121.828841119, 45.6380909760001], [-121.828783697, 45.6382823810001]]], [[[-121.826290646, 45.639176003], [-121.826308382, 45.639140533], [-121.826269764, 45.639125834], [-121.826262034, 45.6390695380001], [-121.826333189, 45.6390733920001], [-121.826384786, 45.6390795040001], [-121.8263846, 45.6390774060001], [-121.826404786, 45.639077107], [-121.826543825, 45.639075054], [-121.826547512, 45.6391708], [-121.826499996, 45.639170311], [-121.826499996, 45.639265724], [-121.826305601, 45.639280678], [-121.826290646, 45.639176003]]], [[[-121.766482129, 45.6141789180001], [-121.766500078, 45.614170399], [-121.766535579, 45.6141946050001], [-121.766533414, 45.6142281900001], [-121.766571771, 45.614240453], [-121.766603925, 45.614260088], [-121.766635584, 45.614288609], [-121.766642053, 45.6143371640001], [-121.766599341, 45.6143555940001], [-121.766595771, 45.6143972580001], [-121.766585633, 45.6143997400001], [-121.76655245, 45.614407864], [-121.766510589, 45.614404317], [-121.766471279, 45.6143912040001], [-121.766433821, 45.6143727520001], [-121.766389688, 45.6143593640001], [-121.766377723, 45.61433026], [-121.766420264, 45.6143234780001], [-121.766456143, 45.61430647], [-121.766444885, 45.6142778660001], [-121.766418607, 45.61425454], [-121.766370853, 45.6142465980001], [-121.766391165, 45.6142184120001], [-121.766429549, 45.6141973220001], [-121.766465788, 45.6141866740001], [-121.766482129, 45.6141789180001]]], [[[-121.840823795, 45.632885232], [-121.840776616, 45.6329148180001], [-121.840729436, 45.6329444040001], [-121.840721253, 45.6328518020001], [-121.840753809, 45.6326785380001], [-121.840784775, 45.6326011830001], [-121.840836431, 45.632563653], [-121.840877619, 45.6326238550001], [-121.840881048, 45.632719206], [-121.840833184, 45.6328580030001], [-121.840823795, 45.632885232]]], [[[-121.839081243, 45.627589592], [-121.83913806, 45.6275374150001], [-121.839258503, 45.6275565400001], [-121.83937939, 45.627583584], [-121.839355542, 45.6276427120001], [-121.8391853, 45.6276815150001], [-121.839162931, 45.6276943410001], [-121.839114673, 45.6277316530001], [-121.839070221, 45.627678894], [-121.839081243, 45.627589592]]], [[[-121.769249583, 45.64216285], [-121.769271216, 45.642139184], [-121.76927154, 45.6422238010001], [-121.769258417, 45.6422606190001], [-121.769212815, 45.6423419230001], [-121.769210869, 45.642361114], [-121.769206211, 45.6424070210001], [-121.76920593, 45.6424098050001], [-121.769190959, 45.642446631], [-121.76918715, 45.642448949], [-121.769147133, 45.6424643830001], [-121.769101833, 45.642466267], [-121.769061823, 45.6424646570001], [-121.769060017, 45.642464585], [-121.769025815, 45.642461499], [-121.769012333, 45.6424602820001], [-121.769013333, 45.6424304830001], [-121.769042749, 45.6424069010001], [-121.769052196, 45.6423998160001], [-121.769077583, 45.6423807840001], [-121.769088034, 45.642347967], [-121.769100367, 45.642314684], [-121.7691335, 45.6422950830001], [-121.769157532, 45.6422688330001], [-121.769179155, 45.642244304], [-121.769181083, 45.6422421170001], [-121.76920635, 45.64221745], [-121.769227417, 45.6421920670001], [-121.769249583, 45.64216285]]], [[[-121.744999699, 45.6295009500001], [-121.745002983, 45.629473483], [-121.745042084, 45.6294746], [-121.745079917, 45.629492467], [-121.745127749, 45.6295120840001], [-121.745155783, 45.629532], [-121.745187034, 45.6295564170001], [-121.745206884, 45.629630768], [-121.745060384, 45.6296500500001], [-121.7450424, 45.6296747160001], [-121.745066249, 45.6297008170001], [-121.74509065, 45.629739068], [-121.745048566, 45.6297443670001], [-121.745029549, 45.62971595], [-121.745009617, 45.6296867500001], [-121.745008534, 45.6296533], [-121.744990851, 45.6296179670001], [-121.7450066, 45.6295901500001], [-121.745026367, 45.6295557], [-121.745018832, 45.6295284330001], [-121.744999699, 45.6295009500001]]], [[[-121.842545429, 45.636968848], [-121.842576187, 45.6368231220001], [-121.842756369, 45.6368346830001], [-121.842753363, 45.6369806920001], [-121.842545429, 45.636968848]]], [[[-121.824651677, 45.637941149], [-121.82472813, 45.637904458], [-121.824822372, 45.637924018], [-121.824838951, 45.6379274600001], [-121.824877967, 45.6379778310001], [-121.824861588, 45.6379945300001], [-121.82486273, 45.6379947720001], [-121.82486203, 45.637997881], [-121.824868411, 45.6380089640001], [-121.824854405, 45.6380400520001], [-121.824782404, 45.638076788], [-121.824762609, 45.6380479680001], [-121.824729422, 45.6380427600001], [-121.824680876, 45.6380351430001], [-121.824651677, 45.637941149]]], [[[-121.76896286, 45.6178076470001], [-121.768940129, 45.617784957], [-121.768913567, 45.6177584660001], [-121.768933651, 45.617734425], [-121.768972063, 45.617740027], [-121.768993244, 45.617714048], [-121.769029387, 45.6177305890001], [-121.769182967, 45.6177477100001], [-121.769221108, 45.617740709], [-121.769227157, 45.6177685270001], [-121.769218007, 45.6178065820001], [-121.769183684, 45.6177887220001], [-121.769152498, 45.617807699], [-121.769110044, 45.6178137690001], [-121.769076675, 45.6178341580001], [-121.769046531, 45.617853144], [-121.769006474, 45.617859868], [-121.768986656, 45.6178354210001], [-121.76896286, 45.6178076470001]]], [[[-121.834622314, 45.6377564000001], [-121.834614568, 45.637713789], [-121.834595664, 45.637713789], [-121.834577007, 45.637713789], [-121.834667144, 45.6375978990001], [-121.834692381, 45.6376267430001], [-121.834713031, 45.637650342], [-121.834775438, 45.637664525], [-121.834799939, 45.6377319000001], [-121.834701941, 45.63779315], [-121.834622314, 45.6377564000001]]], [[[-121.768135812, 45.613529058], [-121.768185049, 45.613526655], [-121.768215071, 45.6135350610001], [-121.768239089, 45.613560281], [-121.768249897, 45.6135794940001], [-121.768249766, 45.6135830090001], [-121.768249199, 45.613598316], [-121.768248696, 45.6136119180001], [-121.768233085, 45.613640741], [-121.768182647, 45.6136431410001], [-121.768135957, 45.613657576], [-121.768126756, 45.6136623310001], [-121.768126063, 45.6136626890001], [-121.768122676, 45.613664439], [-121.768122517, 45.6136650830001], [-121.768120357, 45.613664914], [-121.768119404, 45.6136648400001], [-121.768091832, 45.6136626810001], [-121.768077978, 45.6136486990001], [-121.768072832, 45.6136273540001], [-121.768079346, 45.613610635], [-121.768082707, 45.613599413], [-121.76808555, 45.613589919], [-121.768092706, 45.6135730710001], [-121.76810579, 45.6135422670001], [-121.768135812, 45.613529058]]], [[[-121.834310839, 45.6385304720001], [-121.834449599, 45.638531888], [-121.834461052, 45.6386488360001], [-121.834294943, 45.6386276690001], [-121.834310839, 45.6385304720001]]], [[[-121.835630398, 45.628428361], [-121.835769132, 45.628429775], [-121.835766913, 45.6285368470001], [-121.835627978, 45.628545167], [-121.835630398, 45.628428361]]], [[[-121.831802362, 45.639692622], [-121.831791115, 45.6395659400001], [-121.831929068, 45.639606294], [-121.831941124, 45.6396940400001], [-121.831802362, 45.639692622]]], [[[-121.768656285, 45.628659106], [-121.768678622, 45.628633323], [-121.768713241, 45.6286484390001], [-121.768754073, 45.6286336810001], [-121.768816111, 45.628637236], [-121.768845741, 45.6286456010001], [-121.76879014, 45.628738282], [-121.768749548, 45.62873603], [-121.768709418, 45.6287348500001], [-121.768680361, 45.6287148440001], [-121.768657433, 45.628686708], [-121.768656285, 45.628659106]]], [[[-121.832323543, 45.6386562120001], [-121.832462302, 45.6386576310001], [-121.832488437, 45.638735786], [-121.832363351, 45.6387442430001], [-121.832323543, 45.6386562120001]]], [[[-121.773425201, 45.6149619350001], [-121.773428139, 45.6149316010001], [-121.773482921, 45.6149257960001], [-121.773491936, 45.614934368], [-121.77354212, 45.6149264310001], [-121.773545494, 45.6149450390001], [-121.773548584, 45.614962077], [-121.773554317, 45.614993687], [-121.773503913, 45.6150075300001], [-121.773467554, 45.615003943], [-121.773442787, 45.614990892], [-121.773425201, 45.6149619350001]]], [[[-121.829818307, 45.6397404640001], [-121.829915994, 45.639741465], [-121.829933107, 45.6397727940001], [-121.829923708, 45.6397976220001], [-121.829817138, 45.6397965310001], [-121.829818307, 45.6397404640001]]], [[[-121.830335011, 45.6383874090001], [-121.830345188, 45.6383252040001], [-121.830442744, 45.6383324330001], [-121.830423687, 45.6383945480001], [-121.830335011, 45.6383874090001]]], [[[-121.826875266, 45.638601168], [-121.826867424, 45.638551239], [-121.826982871, 45.6385524250001], [-121.826973083, 45.6385959420001], [-121.826875266, 45.638601168]]], [[[-121.829831349, 45.637833927], [-121.829902393, 45.6378346540001], [-121.829901096, 45.6378969510001], [-121.829812292, 45.63789604], [-121.829831349, 45.637833927]]], [[[-121.76892264, 45.627110843], [-121.768946216, 45.627088223], [-121.76898907, 45.6270976060001], [-121.769026393, 45.6270983040001], [-121.769029519, 45.627098361], [-121.769038405, 45.6271189710001], [-121.769041076, 45.6271251690001], [-121.769006896, 45.627139033], [-121.768956201, 45.6271413090001], [-121.76892264, 45.627110843]]], [[[-121.827401215, 45.638936808], [-121.82748127, 45.6389313990001], [-121.8274801, 45.6389874660001], [-121.827409056, 45.638986736], [-121.827401215, 45.638936808]]], [[[-121.826818601, 45.6387625900001], [-121.826828652, 45.638706615], [-121.826899567, 45.6387135740001], [-121.826889646, 45.6387633200001], [-121.826818601, 45.6387625900001]]], [[[-121.828965714, 45.6384543820001], [-121.828966881, 45.6383983150001], [-121.829029045, 45.638398953], [-121.829036759, 45.6384551100001], [-121.828965714, 45.6384543820001]]], [[[-121.766233896, 45.6162984010001], [-121.766249222, 45.616238878], [-121.766305277, 45.6162614560001], [-121.766316131, 45.6162992910001], [-121.766233896, 45.6162984010001]]], [[[-121.828548066, 45.638462562], [-121.828619111, 45.6384632900001], [-121.828609322, 45.6385068060001], [-121.828556038, 45.63850626], [-121.828548066, 45.638462562]]]]}, "properties": {"OBJECTID": 29783, "poly_SourceOID": 51143, "poly_IncidentName": "Whisky Creek", "poly_FeatureCategory": "Wildfire Daily Fire Perimeter", "poly_MapMethod": "Mixed Methods", "poly_GISAcres": 3239.5, "poly_DeleteThis": "No", "poly_FeatureAccess": "Public", "poly_FeatureStatus": "Approved", "poly_IsVisible": "Yes", "poly_CreateDate": 1726794056000, "poly_DateCurrent": 1727480559000, "poly_PolygonDateTime": 1727196300000, "poly_IRWINID": "{20FED5FF-FC1F-462F-8664-47565B5CAFE7}", "poly_FORID": null, "poly_Acres_AutoCalc": 3239.5014884424527, "poly_SourceGlobalID": "{FEB8023A-D458-49F0-9B7F-545FC7797C01}", "poly_Source": "2024 NIFS", "attr_SourceOID": 35068394, "attr_ABCDMisc": null, "attr_ADSPermissionState": "DEFAULT", "attr_CalculatedAcres": 3239.4288, "attr_ContainmentDateTime": 1730416200000, "attr_ControlDateTime": 1732128180000, "attr_CreatedBySystem": "wildcade", "attr_IncidentSize": 3239, "attr_DiscoveryAcres": 0.1, "attr_DispatchCenterID": "WACCC", "attr_EstimatedCostToDate": 34929031, "attr_FinalAcres": null, "attr_FFReportApprovedByTitle": null, "attr_FFReportApprovedByUnit": null, "attr_FFReportApprovedDate": null, "attr_FireBehaviorGeneral": "Minimal", "attr_FireBehaviorGeneral1": "Smoldering", "attr_FireBehaviorGeneral2": "Smoldering", "attr_FireBehaviorGeneral3": "Smoldering", "attr_FireCause": "Human", "attr_FireCauseGeneral": null, "attr_FireCauseSpecific": null, "attr_FireCode": "R35H", "attr_FireDepartmentID": null, "attr_FireDiscoveryDateTime": 1721498460000, "attr_FireMgmtComplexity": null, "attr_FireOutDateTime": 1759849200000, "attr_FireStrategyConfinePercent": 20, "attr_FireStrategyFullSuppPrcnt": 50, "attr_FireStrategyMonitorPercent": 10, "attr_FireStrategyPointZonePrcnt": 20, "attr_FSJobCode": "P6", "attr_FSOverrideCode": "0606", "attr_GACC": "NWCC", "attr_ICS209ReportDateTime": 1730516712000, "attr_ICS209RptForTimePeriodFrom": 1730415600000, "attr_ICS209RptForTimePeriodTo": 1730502000000, "attr_ICS209ReportStatus": "F", "attr_IncidentManagementOrg": "Type 4 IC", "attr_IncidentName": "WHISKY CREEK", "attr_IncidentShortDescription": "East fork of Herman Creek, 6 miles SE of Cascade Locks OR", "attr_IncidentTypeCategory": "WF", "attr_IncidentTypeKind": "FI", "attr_InitialLatitude": 45.64602, "attr_InitialLongitude": -121.82219, "attr_InitialResponseAcres": null, "attr_InitialResponseDateTime": null, "attr_IrwinID": "{20FED5FF-FC1F-462F-8664-47565B5CAFE7}", "attr_IsFireCauseInvestigated": null, "attr_IsFireCodeRequested": 0, "attr_IsFSAssisted": 1, "attr_IsMultiJurisdictional": null, "attr_IsQuarantined": 0, "attr_IsReimbursable": null, "attr_IsTrespass": null, "attr_IsUnifiedCommand": 0, "attr_IsValid": 1, "attr_LocalIncidentIdentifier": "000639", "attr_ModifiedBySystem": "wildcade", "attr_PercentContained": 100, "attr_PercentPerimToBeContained": 100, "attr_POOCity": null, "attr_POOCounty": "Hood River", "attr_POODispatchCenterID": "WACCC", "attr_POOFips": "41027", "attr_POOJurisdictionalAgency": "USFS", "attr_POOJurisdictionalUnit": "ORMHF", "attr_POOJurisdictUnitParentUnit": null, "attr_POOLandownerCategory": "USFS", "attr_POOLandownerKind": "Federal", "attr_POOLegalDescPrincipalMerid": null, "attr_POOLegalDescQtr": null, "attr_POOLegalDescQtrQtr": null, "attr_POOLegalDescRange": null, "attr_POOLegalDescSection": null, "attr_POOLegalDescTownship": null, "attr_POOPredictiveServiceAreaID": "NW02", "attr_POOProtectingAgency": "USFS", "attr_POOProtectingUnit": "ORMHF", "attr_POOState": "US-OR", "attr_PredominantFuelGroup": null, "attr_PredominantFuelModel": null, "attr_PrimaryFuelModel": "Timber (Litter and Understory)", "attr_SecondaryFuelModel": "Brush (2 feet)", "attr_TotalIncidentPersonnel": 1, "attr_UniqueFireIdentifier": "2024-ORMHF-000639", "attr_FORID": null, "attr_WFDSSDecisionStatus": "Approved Decision", "attr_EstimatedFinalCost": 45000000, "attr_OrganizationalAssessment": "Type 3 Team", "attr_StratDecisionPublishDate": 1726005428000, "attr_CreatedOnDateTime_dt": 1721510164373, "attr_ModifiedOnDateTime_dt": 1759850138140, "attr_Source": "IRWIN", "attr_IsCpxChild": 0, "attr_CpxName": null, "attr_CpxID": null, "attr_SourceGlobalID": "{20FED5FF-FC1F-462F-8664-47565B5CAFE7}", "GlobalID": "0597a912-c2a9-464b-88a0-6f134d415504", "Shape__Area": 0.0015125736772461096, "Shape__Length": 0.669309167283624, "attr_IncidentComplexityLevel": "Type 4 Incident"}}]}